student_id,record_date,record_type,location,amount,frequency,access_time,weekday
S000001,2025-09-12,consumption,浴室,3.21,3.0,2025-09-12 12:45:00,4
S000001,2025-09-14,consumption,浴室,0.89,2.0,2025-09-14 07:01:00,6
S000001,2025-10-06,consumption,快递点,2.01,1.0,2025-10-06 18:06:00,0
S000001,2025-10-16,access,宿舍楼,0.0,1.0,2025-10-16 07:46:00,3
S000001,2025-10-29,consumption,校园超市,29.89,1.0,2025-10-29 23:18:00,2
S000001,2025-11-15,consumption,快递点,0.53,1.0,2025-11-15 19:21:00,5
S000001,2025-11-20,consumption,快递点,2.13,1.0,2025-11-20 08:02:00,3
S000001,2025-11-21,consumption,开水房,1.74,1.0,2025-11-21 10:47:00,4
S000001,2025-11-23,access,宿舍楼,0.0,1.0,2025-11-23 13:28:00,6
S000001,2025-11-24,consumption,食堂三楼,22.89,1.0,2025-11-24 13:55:00,0
S000002,2025-09-08,consumption,食堂一楼,3.855,2.0,2025-09-08 18:17:00,0
S000002,2025-09-09,consumption,浴室,4.44,2.0,2025-09-09 12:41:00,1
S000002,2025-09-12,access,图书馆,0.0,1.0,2025-09-12 10:40:00,4
S000002,2025-09-13,consumption,校园超市,33.72,3.0,2025-09-13 17:10:00,5
S000002,2025-09-29,access,图书馆,0.0,1.0,2025-09-29 16:31:00,0
S000002,2025-10-18,consumption,开水房,1.7,3.0,2025-10-18 08:38:00,5
S000002,2025-11-03,consumption,开水房,2.56,3.0,2025-11-03 10:15:00,0
S000002,2025-11-11,consumption,开水房,3.13,3.0,2025-11-11 18:23:00,1
S000002,2025-11-21,consumption,开水房,1.6,2.0,2025-11-21 18:17:00,4
S000002,2025-11-21,consumption,食堂二楼,52.54,3.0,2025-11-21 16:53:00,4
S000003,2025-09-02,consumption,食堂一楼,54.03,3.0,2025-09-02 23:48:00,1
S000003,2025-09-03,consumption,食堂三楼,19.46,2.0,2025-09-03 13:03:00,2
S000003,2025-09-21,access,宿舍楼,0.0,1.0,2025-09-21 08:24:00,6
S000003,2025-09-21,consumption,快递点,4.65,1.0,2025-09-21 16:31:00,6
S000003,2025-09-23,consumption,食堂一楼,19.4,3.0,2025-09-23 15:53:00,1
S000003,2025-10-01,access,图书馆,0.0,1.0,2025-10-01 09:46:00,2
S000003,2025-10-05,access,宿舍楼,0.0,1.0,2025-10-05 09:18:00,6
S000003,2025-10-19,consumption,校园超市,16.65,3.0,2025-10-19 14:35:00,6
S000003,2025-10-26,consumption,食堂一楼,36.01,3.0,2025-10-26 14:32:00,6
S000003,2025-11-21,consumption,食堂二楼,36.01,1.0,2025-11-21 17:48:00,4
S000004,2025-09-13,consumption,校园超市,8.93,2.0,2025-09-13 19:26:00,5
S000004,2025-09-16,consumption,食堂一楼,27.69,2.0,2025-09-16 06:37:00,1
S000004,2025-10-10,consumption,开水房,3.42,2.0,2025-10-10 22:28:00,4
S000004,2025-10-31,access,图书馆,0.0,1.0,2025-10-31 12:33:00,4
S000004,2025-11-02,access,图书馆,0.0,1.0,2025-11-02 10:42:00,6
S000004,2025-11-05,consumption,开水房,2.68,3.0,2025-11-05 10:46:00,2
S000004,2025-11-10,consumption,食堂二楼,9.42,1.0,2025-11-10 08:45:00,0
S000004,2025-11-13,consumption,食堂二楼,18.52,2.0,2025-11-13 19:12:00,3
S000004,2025-11-17,consumption,食堂二楼,19.44,3.0,2025-11-17 12:45:00,0
S000004,2025-11-20,consumption,食堂一楼,10.36,1.0,2025-11-20 16:04:00,3
S000005,2025-09-14,consumption,食堂二楼,15.58,3.0,2025-09-14 20:08:00,6
S000005,2025-09-28,access,图书馆,0.0,1.0,2025-09-28 19:20:00,6
S000005,2025-10-01,consumption,校园超市,2.015,2.0,2025-10-01 12:55:00,2
S000005,2025-10-20,consumption,快递点,4.03,2.0,2025-10-20 19:44:00,0
S000005,2025-10-22,access,图书馆,0.0,1.0,2025-10-22 14:00:00,2
S000005,2025-10-25,consumption,校园超市,6.49,1.0,2025-10-25 08:28:00,5
S000005,2025-10-30,access,图书馆,0.0,1.0,2025-10-30 18:41:00,3
S000005,2025-11-10,consumption,开水房,5.0,1.0,2025-11-10 08:59:00,0
S000005,2025-11-11,consumption,校园超市,16.77,1.0,2025-11-11 12:18:00,1
S000005,2025-11-22,consumption,校园超市,25.83,3.0,2025-11-22 16:51:00,5
S000006,2025-09-08,consumption,校园超市,21.2,3.0,2025-09-08 22:10:00,0
S000006,2025-09-08,access,图书馆,0.0,1.0,2025-09-08 21:11:00,0
S000006,2025-09-09,consumption,开水房,4.38,2.0,2025-09-09 09:56:00,1
S000006,2025-09-28,consumption,食堂二楼,25.93,2.0,2025-09-28 08:56:00,6
S000006,2025-10-02,consumption,食堂二楼,13.8,2.0,2025-10-02 23:45:00,3
S000006,2025-10-11,consumption,校园超市,12.99,1.0,2025-10-11 15:29:00,5
S000006,2025-10-11,access,图书馆,0.0,1.0,2025-10-11 08:29:00,5
S000006,2025-11-12,consumption,浴室,0.68,1.0,2025-11-12 19:42:00,2
S000006,2025-11-14,consumption,食堂三楼,0.34,2.0,2025-11-14 12:42:00,4
S000006,2025-11-19,access,图书馆,0.0,1.0,2025-11-19 09:34:00,2
S000007,2025-09-10,access,图书馆,0.0,1.0,2025-09-10 16:02:00,2
S000007,2025-09-14,access,图书馆,0.0,1.0,2025-09-14 12:18:00,6
S000007,2025-10-06,consumption,食堂三楼,21.2,1.0,2025-10-06 14:10:00,0
S000007,2025-10-09,consumption,快递点,3.44,1.0,2025-10-09 23:19:00,3
S000007,2025-10-10,consumption,快递点,4.87,1.0,2025-10-10 17:13:00,4
S000007,2025-10-18,consumption,食堂二楼,61.94,2.0,2025-10-18 10:02:00,5
S000007,2025-10-27,consumption,校园超市,12.41,3.0,2025-10-27 06:07:00,0
S000007,2025-11-02,consumption,快递点,0.73,3.0,2025-11-02 19:53:00,6
S000007,2025-11-17,consumption,食堂三楼,18.17,1.0,2025-11-17 14:32:00,0
S000007,2025-11-24,consumption,食堂二楼,29.6,1.0,2025-11-24 09:56:00,0
S000008,2025-09-15,access,宿舍楼,0.0,1.0,2025-09-15 11:37:00,0
S000008,2025-09-21,access,图书馆,0.0,1.0,2025-09-21 14:01:00,6
S000008,2025-09-23,access,宿舍楼,1.15,1.0,2025-09-23 19:51:00,1
S000008,2025-10-06,consumption,浴室,2.3,3.0,2025-10-06 16:01:00,0
S000008,2025-10-23,access,图书馆,0.0,1.0,2025-10-23 11:55:00,3
S000008,2025-10-29,consumption,快递点,4.08,1.0,2025-10-29 13:01:00,2
S000008,2025-11-24,consumption,食堂三楼,14.46,2.0,2025-11-24 08:49:00,0
S000008,2025-11-25,access,图书馆,0.0,1.0,2025-11-25 12:10:00,1
S000008,2025-11-27,consumption,食堂一楼,24.37,2.0,2025-11-27 23:56:00,3
S000008,2025-11-29,consumption,快递点,0.67,2.0,2025-11-29 13:12:00,5
S000009,2025-09-09,access,宿舍楼,0.0,1.0,2025-09-09 16:42:00,1
S000009,2025-09-16,access,宿舍楼,0.0,1.0,2025-09-16 22:19:00,1
S000009,2025-09-17,consumption,开水房,4.73,3.0,2025-09-17 11:39:00,2
S000009,2025-10-04,consumption,浴室,2.46,3.0,2025-10-04 16:27:00,5
S000009,2025-10-26,access,宿舍楼,0.0,1.0,2025-10-26 20:28:00,6
S000009,2025-11-06,access,图书馆,0.0,1.0,2025-11-06 13:27:00,3
S000009,2025-11-12,consumption,浴室,4.25,2.0,2025-11-12 15:13:00,2
S000009,2025-11-13,consumption,食堂一楼,37.01,3.0,2025-11-13 19:00:00,3
S000009,2025-11-17,access,图书馆,0.0,1.0,2025-11-17 14:57:00,0
S000009,2025-11-25,consumption,校园超市,7.56,3.0,2025-11-25 15:35:00,1
S000010,2025-09-06,consumption,校园超市,4.19,1.0,2025-09-06 08:29:00,5
S000010,2025-09-11,consumption,开水房,3.35,2.0,2025-09-11 08:52:00,3
S000010,2025-09-14,access,图书馆,0.0,1.0,2025-09-14 10:51:00,6
S000010,2025-09-16,consumption,快递点,2.59,3.0,2025-09-16 23:38:00,1
S000010,2025-10-01,consumption,食堂二楼,27.23,2.0,2025-10-01 10:01:00,2
S000010,2025-10-11,access,宿舍楼,0.0,1.0,2025-10-11 22:27:00,5
S000010,2025-10-20,consumption,食堂二楼,12.63,1.0,2025-10-20 06:57:00,0
S000010,2025-10-24,access,图书馆,0.0,1.0,2025-10-24 19:44:00,4
S000010,2025-10-27,consumption,浴室,13.535,3.0,2025-10-27 11:42:00,0
S000010,2025-11-29,consumption,食堂一楼,27.07,3.0,2025-11-29 13:58:00,5
S000011,2025-10-04,access,宿舍楼,3.855,1.0,2025-10-04 22:31:00,5
S000011,2025-10-05,consumption,浴室,0.86,1.0,2025-10-05 13:24:00,6
S000011,2025-10-13,consumption,校园超市,15.79,1.0,2025-10-13 12:53:00,0
S000011,2025-10-20,access,宿舍楼,0.0,1.0,2025-10-20 23:47:00,0
S000011,2025-10-24,consumption,快递点,3.13,3.0,2025-10-24 06:54:00,4
S000011,2025-11-09,access,图书馆,0.0,1.0,2025-11-09 15:14:00,6
S000011,2025-11-10,consumption,食堂二楼,35.49,3.0,2025-11-10 21:28:00,0
S000011,2025-11-13,consumption,食堂一楼,11.71,2.0,2025-11-13 15:48:00,3
S000011,2025-11-20,consumption,校园超市,23.04,1.0,2025-11-20 15:15:00,3
S000011,2025-11-28,consumption,食堂二楼,23.15,1.0,2025-11-28 19:26:00,4
S000012,2025-09-09,access,图书馆,0.0,1.0,2025-09-09 20:01:00,1
S000012,2025-09-11,consumption,开水房,2.93,2.0,2025-09-11 13:41:00,3
S000012,2025-09-17,access,图书馆,0.0,1.0,2025-09-17 14:37:00,2
S000012,2025-09-17,consumption,食堂一楼,10.16,3.0,2025-09-17 12:29:00,2
S000012,2025-10-02,consumption,食堂一楼,29.13,3.0,2025-10-02 10:15:00,3
S000012,2025-10-05,consumption,食堂一楼,17.12,2.0,2025-10-05 16:42:00,6
S000012,2025-10-29,consumption,快递点,4.46,2.0,2025-10-29 19:16:00,2
S000012,2025-10-30,consumption,食堂三楼,41.62,2.0,2025-10-30 16:13:00,3
S000012,2025-11-12,consumption,食堂一楼,19.49,3.0,2025-11-12 19:08:00,2
S000012,2025-11-26,access,图书馆,0.0,1.0,2025-11-26 21:29:00,2
S000013,2025-09-21,access,图书馆,0.0,1.0,2025-09-21 17:01:00,6
S000013,2025-10-10,consumption,校园超市,14.76,2.0,2025-10-10 12:04:00,4
S000013,2025-10-14,consumption,校园超市,45.82,2.0,2025-10-14 09:27:00,1
S000013,2025-10-17,consumption,快递点,2.57,1.0,2025-10-17 19:11:00,4
S000013,2025-11-01,consumption,快递点,3.79,2.0,2025-11-01 16:54:00,5
S000013,2025-11-06,access,宿舍楼,0.0,1.0,2025-11-06 23:49:00,3
S000013,2025-11-08,consumption,食堂三楼,33.31,1.0,2025-11-08 22:41:00,5
S000013,2025-11-15,consumption,开水房,1.59,3.0,2025-11-15 15:54:00,5
S000013,2025-11-27,consumption,食堂一楼,15.22,3.0,2025-11-27 07:22:00,3
S000013,2025-11-29,consumption,食堂三楼,28.85,1.0,2025-11-29 09:49:00,5
S000014,2025-09-03,consumption,食堂二楼,21.02,2.0,2025-09-03 13:19:00,2
S000014,2025-09-04,consumption,食堂三楼,16.13,1.0,2025-09-04 21:13:00,3
S000014,2025-10-02,access,图书馆,0.0,1.0,2025-10-02 12:56:00,3
S000014,2025-10-16,access,宿舍楼,0.0,1.5,2025-10-16 14:56:00,3
S000014,2025-10-23,consumption,快递点,1.58,2.0,2025-10-23 21:28:00,3
S000014,2025-10-25,access,宿舍楼,0.0,1.0,2025-10-25 17:44:00,5
S000014,2025-10-28,consumption,校园超市,42.31,3.0,2025-10-28 18:21:00,1
S000014,2025-11-06,access,图书馆,0.0,1.0,2025-11-06 11:46:00,3
S000014,2025-11-16,access,宿舍楼,0.0,1.0,2025-11-16 23:00:00,6
S000014,2025-11-24,consumption,校园超市,26.18,3.0,2025-11-24 22:22:00,0
S000015,2025-09-17,consumption,快递点,2.71,1.0,2025-09-17 15:30:00,2
S000015,2025-09-25,consumption,开水房,2.91,3.0,2025-09-25 11:12:00,3
S000015,2025-09-28,access,宿舍楼,0.0,1.0,2025-09-28 22:38:00,6
S000015,2025-10-06,consumption,食堂一楼,22.36,3.0,2025-10-06 15:44:00,0
S000015,2025-10-07,access,图书馆,0.0,1.0,2025-10-07 12:14:00,1
S000015,2025-10-17,consumption,食堂一楼,19.98,3.0,2025-10-17 23:08:00,4
S000015,2025-10-29,consumption,食堂三楼,39.96,1.0,2025-10-29 09:46:00,2
S000015,2025-11-01,consumption,食堂二楼,14.11,1.0,2025-11-01 14:55:00,5
S000015,2025-11-01,consumption,食堂一楼,13.49,2.0,2025-11-01 21:04:00,5
S000015,2025-11-13,consumption,食堂一楼,36.83,1.0,2025-11-13 10:51:00,3
S000016,2025-09-28,consumption,食堂一楼,23.66,1.0,2025-09-28 13:11:00,6
S000016,2025-09-30,access,图书馆,0.0,1.0,2025-09-30 14:07:00,1
S000016,2025-10-07,access,宿舍楼,0.0,1.0,2025-10-07 08:43:00,1
S000016,2025-10-19,consumption,校园超市,59.44,2.0,2025-10-19 19:19:00,6
S000016,2025-11-09,consumption,食堂二楼,17.77,2.0,2025-11-09 10:04:00,6
S000016,2025-11-10,consumption,食堂一楼,40.52,2.0,2025-11-10 20:44:00,0
S000016,2025-11-11,access,图书馆,0.0,1.0,2025-11-11 20:33:00,1
S000016,2025-11-12,access,图书馆,0.0,1.0,2025-11-12 11:07:00,2
S000016,2025-11-12,consumption,浴室,4.82,1.0,2025-11-12 12:40:00,2
S000016,2025-11-16,consumption,食堂一楼,29.39,1.0,2025-11-16 15:45:00,6
S000017,2025-09-08,consumption,食堂三楼,29.39,3.0,2025-09-08 15:28:00,0
S000017,2025-09-16,consumption,食堂三楼,52.93,2.0,2025-09-16 18:17:00,1
S000017,2025-09-30,access,图书馆,0.0,1.0,2025-09-30 20:43:00,1
S000017,2025-10-05,consumption,快递点,3.9,2.0,2025-10-05 22:41:00,6
S000017,2025-10-23,consumption,开水房,0.97,1.0,2025-10-23 16:26:00,3
S000017,2025-10-26,access,宿舍楼,0.0,1.0,2025-10-26 06:05:00,6
S000017,2025-10-27,access,图书馆,0.0,1.0,2025-10-27 17:27:00,0
S000017,2025-11-04,consumption,校园超市,19.52,1.0,2025-11-04 07:56:00,1
S000017,2025-11-21,access,图书馆,12.135,1.0,2025-11-21 15:22:00,4
S000017,2025-11-28,consumption,开水房,4.75,3.0,2025-11-28 07:29:00,4
S000018,2025-09-04,access,图书馆,0.0,1.0,2025-09-04 19:10:00,3
S000018,2025-09-12,consumption,食堂三楼,12.81,1.0,2025-09-12 18:55:00,4
S000018,2025-09-16,consumption,食堂二楼,25.62,1.0,2025-09-16 15:32:00,1
S000018,2025-10-05,consumption,食堂三楼,37.0,1.0,2025-10-05 21:07:00,6
S000018,2025-10-10,consumption,浴室,2.34,1.0,2025-10-10 09:29:00,4
S000018,2025-11-05,access,图书馆,0.0,1.0,2025-11-05 18:55:00,2
S000018,2025-11-09,consumption,食堂一楼,6.62,1.0,2025-11-09 22:23:00,6
S000018,2025-11-10,consumption,食堂二楼,21.13,3.0,2025-11-10 22:47:00,0
S000018,2025-11-19,access,宿舍楼,0.0,1.0,2025-11-19 07:13:00,2
S000018,2025-11-30,consumption,快递点,2.67,2.0,2025-11-30 13:29:00,6
S000019,2025-09-18,access,宿舍楼,0.0,1.0,2025-09-18 19:21:00,3
S000019,2025-09-30,access,宿舍楼,0.0,1.0,2025-09-30 07:20:00,1
S000019,2025-10-12,access,图书馆,0.0,1.0,2025-10-12 17:24:00,6
S000019,2025-10-27,consumption,校园超市,4.1,1.0,2025-10-27 10:26:00,0
S000019,2025-10-31,access,宿舍楼,0.0,1.0,2025-10-31 18:42:00,4
S000019,2025-11-01,consumption,浴室,3.93,2.0,2025-11-01 20:59:00,5
S000019,2025-11-04,consumption,食堂一楼,25.68,2.0,2025-11-04 15:53:00,1
S000019,2025-11-04,access,宿舍楼,0.0,1.0,2025-11-04 09:55:00,1
S000019,2025-11-15,consumption,开水房,2.7,1.0,2025-11-15 20:34:00,5
S000019,2025-11-23,access,宿舍楼,0.0,1.0,2025-11-23 07:08:00,6
S000020,2025-09-08,consumption,食堂三楼,51.36,2.0,2025-09-08 10:15:00,0
S000020,2025-09-13,access,图书馆,0.0,1.0,2025-09-13 15:10:00,5
S000020,2025-10-01,consumption,食堂三楼,21.98,1.0,2025-10-01 08:27:00,2
S000020,2025-10-04,consumption,开水房,2.29,1.0,2025-10-04 16:54:00,5
S000020,2025-11-02,access,图书馆,0.0,1.0,2025-11-02 17:04:00,6
S000020,2025-11-07,consumption,开水房,4.07,1.0,2025-11-07 11:05:00,4
S000020,2025-11-18,access,图书馆,0.0,1.0,2025-11-18 15:58:00,1
S000020,2025-11-23,access,图书馆,0.0,1.0,2025-11-23 15:50:00,6
S000020,2025-11-26,access,宿舍楼,0.0,1.0,2025-11-26 16:40:00,2
S000020,2025-11-28,consumption,食堂一楼,29.33,1.0,2025-11-28 16:50:00,4
S000021,2025-09-10,consumption,食堂三楼,16.37,3.0,2025-09-10 15:40:00,2
S000021,2025-10-03,consumption,快递点,2.59,2.0,2025-10-03 23:10:00,4
S000021,2025-10-08,access,宿舍楼,0.0,1.0,2025-10-08 06:53:00,2
S000021,2025-10-16,consumption,食堂二楼,18.82,3.0,2025-10-16 14:43:00,3
S000021,2025-10-25,consumption,校园超市,13.44,2.0,2025-10-25 12:24:00,5
S000021,2025-11-01,consumption,校园超市,13.355,3.0,2025-11-01 17:36:00,5
S000021,2025-11-14,consumption,校园超市,13.27,3.0,2025-11-14 14:29:00,4
S000021,2025-11-17,access,宿舍楼,0.0,1.0,2025-11-17 13:38:00,0
S000021,2025-11-24,consumption,食堂一楼,15.855,3.0,2025-11-24 07:58:00,0
S000021,2025-11-24,consumption,食堂二楼,31.71,3.0,2025-11-24 09:57:00,0
S000022,2025-09-12,access,图书馆,0.0,1.0,2025-09-12 12:34:00,4
S000022,2025-09-15,consumption,食堂一楼,17.27,1.0,2025-09-15 13:55:00,0
S000022,2025-09-16,consumption,开水房,3.87,2.0,2025-09-16 18:52:00,1
S000022,2025-10-17,access,图书馆,0.0,1.0,2025-10-17 12:20:00,4
S000022,2025-10-24,consumption,食堂二楼,39.82,3.0,2025-10-24 17:33:00,4
S000022,2025-11-01,access,宿舍楼,0.0,1.0,2025-11-01 16:51:00,5
S000022,2025-11-04,access,图书馆,0.0,1.0,2025-11-04 12:58:00,1
S000022,2025-11-20,consumption,食堂三楼,25.75,2.0,2025-11-20 07:37:00,3
S000022,2025-11-21,access,图书馆,0.0,1.0,2025-11-21 18:14:00,4
S000022,2025-11-26,access,宿舍楼,0.0,1.0,2025-11-26 23:23:00,2
S000023,2025-09-09,consumption,校园超市,15.45,3.0,2025-09-09 15:41:00,1
S000023,2025-09-15,consumption,浴室,1.11,2.0,2025-09-15 17:42:00,0
S000023,2025-09-28,consumption,浴室,4.87,1.0,2025-09-28 16:15:00,6
S000023,2025-10-17,consumption,开水房,2.15,3.0,2025-10-17 17:03:00,4
S000023,2025-10-21,consumption,食堂一楼,28.45,2.0,2025-10-21 08:42:00,1
S000023,2025-10-23,consumption,食堂一楼,20.16,1.0,2025-10-23 15:31:00,3
S000023,2025-10-24,consumption,快递点,2.7,2.0,2025-10-24 14:02:00,4
S000023,2025-10-31,consumption,浴室,1.98,3.0,2025-10-31 13:41:00,4
S000023,2025-11-28,consumption,校园超市,6.23,2.0,2025-11-28 13:54:00,4
S000023,2025-11-29,access,宿舍楼,0.0,1.0,2025-11-29 10:56:00,5
S000024,2025-09-17,access,图书馆,0.0,1.0,2025-09-17 09:53:00,2
S000024,2025-09-17,access,图书馆,0.0,1.0,2025-09-17 19:04:00,2
S000024,2025-09-19,access,图书馆,0.0,1.0,2025-09-19 12:54:00,4
S000024,2025-09-19,access,宿舍楼,0.0,1.0,2025-09-19 11:07:00,4
S000024,2025-10-01,consumption,食堂一楼,24.6,1.0,2025-10-01 14:03:00,2
S000024,2025-10-29,consumption,食堂一楼,12.09,2.0,2025-10-29 21:54:00,2
S000024,2025-10-31,consumption,食堂三楼,21.82,3.0,2025-10-31 09:28:00,4
S000024,2025-11-04,consumption,浴室,24.884999999999998,3.0,2025-11-04 22:19:00,1
S000024,2025-11-10,consumption,食堂二楼,27.95,2.0,2025-11-10 16:49:00,0
S000024,2025-11-24,access,图书馆,0.0,1.0,2025-11-24 08:22:00,0
S000025,2025-09-11,consumption,食堂二楼,20.67,1.0,2025-09-11 10:17:00,3
S000025,2025-09-30,consumption,快递点,2.54,2.0,2025-09-30 09:20:00,1
S000025,2025-10-18,access,图书馆,0.0,1.0,2025-10-18 17:35:00,5
S000025,2025-10-22,consumption,食堂一楼,19.88,2.0,2025-10-22 20:04:00,2
S000025,2025-10-25,consumption,食堂三楼,15.225,2.0,2025-10-25 10:43:00,5
S000025,2025-10-29,consumption,校园超市,10.57,1.0,2025-10-29 09:54:00,2
S000025,2025-10-31,consumption,快递点,0.88,2.0,2025-10-31 09:47:00,4
S000025,2025-11-11,consumption,食堂一楼,30.02,2.0,2025-11-11 17:55:00,1
S000025,2025-11-19,consumption,浴室,3.7,2.0,2025-11-19 22:18:00,2
S000025,2025-11-23,consumption,快递点,2.98,1.0,2025-11-23 19:28:00,6
S000026,2025-09-01,consumption,食堂二楼,27.9,3.0,2025-09-01 18:04:00,0
S000026,2025-09-19,access,图书馆,0.0,1.0,2025-09-19 09:47:00,4
S000026,2025-09-20,consumption,食堂二楼,26.77,1.0,2025-09-20 17:54:00,5
S000026,2025-10-05,access,宿舍楼,0.0,1.0,2025-10-05 16:22:00,6
S000026,2025-11-07,consumption,校园超市,18.92,2.0,2025-11-07 16:10:00,4
S000026,2025-11-11,consumption,快递点,1.75,1.0,2025-11-11 19:54:00,1
S000026,2025-11-11,access,图书馆,0.0,1.0,2025-11-11 17:59:00,1
S000026,2025-11-16,consumption,食堂一楼,63.0,3.0,2025-11-16 22:13:00,6
S000026,2025-11-24,access,宿舍楼,0.0,1.0,2025-11-24 06:11:00,0
S000026,2025-11-25,access,宿舍楼,0.0,1.0,2025-11-25 07:18:00,1
S000027,2025-09-01,consumption,校园超市,3.855,1.0,2025-09-01 10:24:00,0
S000027,2025-09-06,consumption,校园超市,17.22,1.0,2025-09-06 16:36:00,5
S000027,2025-09-07,consumption,快递点,3.28,3.0,2025-09-07 08:17:00,6
S000027,2025-09-18,access,宿舍楼,0.0,1.0,2025-09-18 16:07:00,3
S000027,2025-09-29,consumption,浴室,0.75,1.0,2025-09-29 15:13:00,0
S000027,2025-10-05,consumption,浴室,1.01,2.0,2025-10-05 09:18:00,6
S000027,2025-10-18,consumption,食堂三楼,9.4,3.0,2025-10-18 08:56:00,5
S000027,2025-10-27,consumption,校园超市,19.66,3.0,2025-10-27 20:26:00,0
S000027,2025-11-08,access,宿舍楼,0.0,1.0,2025-11-08 08:25:00,5
S000027,2025-11-26,consumption,校园超市,21.08,3.0,2025-11-26 15:02:00,2
S000028,2025-09-03,access,图书馆,0.0,1.0,2025-09-03 20:39:00,2
S000028,2025-09-14,consumption,浴室,2.3,1.0,2025-09-14 18:55:00,6
S000028,2025-09-19,consumption,食堂二楼,28.52,3.0,2025-09-19 10:48:00,4
S000028,2025-09-22,consumption,开水房,1.01,3.0,2025-09-22 12:57:00,0
S000028,2025-10-10,access,图书馆,0.0,1.0,2025-10-10 13:49:00,4
S000028,2025-10-15,consumption,快递点,3.4,1.0,2025-10-15 13:06:00,2
S000028,2025-10-25,consumption,开水房,3.38,2.0,2025-10-25 09:25:00,5
S000028,2025-10-29,access,宿舍楼,0.0,1.0,2025-10-29 08:27:00,2
S000028,2025-11-12,consumption,浴室,1.95,3.0,2025-11-12 16:09:00,2
S000028,2025-11-23,consumption,快递点,3.33,2.0,2025-11-23 20:43:00,6
S000029,2025-09-20,access,宿舍楼,0.0,1.0,2025-09-20 09:51:00,5
S000029,2025-09-23,consumption,开水房,2.47,2.0,2025-09-23 22:33:00,1
S000029,2025-10-06,consumption,食堂三楼,13.68,3.0,2025-10-06 08:19:00,0
S000029,2025-10-14,access,图书馆,0.0,1.0,2025-10-14 16:41:00,1
S000029,2025-10-27,consumption,校园超市,19.54,3.0,2025-10-27 15:50:00,0
S000029,2025-10-30,consumption,食堂一楼,11.265,2.0,2025-10-30 15:04:00,3
S000029,2025-11-04,consumption,浴室,2.99,3.0,2025-11-04 07:28:00,1
S000029,2025-11-13,consumption,食堂三楼,35.73,3.0,2025-11-13 21:32:00,3
S000029,2025-11-18,consumption,食堂三楼,36.43,2.0,2025-11-18 18:26:00,1
S000029,2025-11-22,access,图书馆,0.0,1.0,2025-11-22 17:38:00,5
S000030,2025-09-10,consumption,快递点,3.855,3.0,2025-09-10 22:02:00,2
S000030,2025-09-11,consumption,食堂二楼,3.855,2.0,2025-09-11 15:41:00,3
S000030,2025-09-21,consumption,开水房,3.97,2.0,2025-09-21 20:02:00,6
S000030,2025-09-28,consumption,快递点,2.69,2.0,2025-09-28 10:09:00,6
S000030,2025-10-13,consumption,开水房,2.24,2.0,2025-10-13 10:21:00,0
S000030,2025-10-14,consumption,食堂一楼,15.57,3.0,2025-10-14 16:04:00,1
S000030,2025-11-11,consumption,快递点,1.98,1.0,2025-11-11 22:05:00,1
S000030,2025-11-22,consumption,浴室,2.13,2.0,2025-11-22 15:11:00,5
S000030,2025-11-24,consumption,快递点,3.28,3.0,2025-11-24 18:09:00,0
S000030,2025-11-29,consumption,食堂二楼,12.17,3.0,2025-11-29 08:19:00,5
S000031,2025-09-04,consumption,校园超市,13.43,3.0,2025-09-04 17:15:00,3
S000031,2025-09-16,consumption,快递点,1.22,2.5,2025-09-16 22:09:00,1
S000031,2025-09-25,consumption,浴室,4.93,2.0,2025-09-25 15:49:00,3
S000031,2025-10-18,consumption,食堂一楼,18.48,3.0,2025-10-18 22:54:00,5
S000031,2025-10-19,consumption,校园超市,3.855,1.0,2025-10-19 12:51:00,6
S000031,2025-10-20,access,宿舍楼,0.0,1.0,2025-10-20 13:01:00,0
S000031,2025-10-23,consumption,开水房,1.57,2.0,2025-10-23 15:48:00,3
S000031,2025-10-26,consumption,食堂二楼,25.79,2.0,2025-10-26 17:59:00,6
S000031,2025-10-28,consumption,食堂二楼,32.9,2.0,2025-10-28 21:57:00,1
S000031,2025-11-17,consumption,食堂三楼,14.95,1.0,2025-11-17 21:55:00,0
S000032,2025-09-05,consumption,快递点,2.63,1.0,2025-09-05 21:28:00,4
S000032,2025-09-20,consumption,开水房,3.24,2.0,2025-09-20 09:49:00,5
S000032,2025-10-01,access,宿舍楼,14.315,1.0,2025-10-01 19:00:00,2
S000032,2025-10-07,consumption,食堂一楼,25.39,1.0,2025-10-07 13:26:00,1
S000032,2025-10-11,access,宿舍楼,0.0,1.0,2025-10-11 10:08:00,5
S000032,2025-10-17,consumption,浴室,2.95,3.0,2025-10-17 23:01:00,4
S000032,2025-11-03,consumption,食堂一楼,14.42,3.0,2025-11-03 22:36:00,0
S000032,2025-11-18,consumption,食堂一楼,11.3,1.0,2025-11-18 14:13:00,1
S000032,2025-11-18,consumption,浴室,2.37,3.0,2025-11-18 08:33:00,1
S000032,2025-11-21,access,宿舍楼,0.0,1.0,2025-11-21 08:07:00,4
S000033,2025-09-06,consumption,食堂三楼,16.58,3.0,2025-09-06 18:52:00,5
S000033,2025-09-24,access,图书馆,0.0,1.0,2025-09-24 19:49:00,2
S000033,2025-10-01,access,图书馆,0.0,1.0,2025-10-01 20:37:00,2
S000033,2025-10-13,consumption,食堂三楼,15.49,3.0,2025-10-13 16:52:00,0
S000033,2025-10-16,access,图书馆,0.0,1.0,2025-10-16 21:41:00,3
S000033,2025-10-18,consumption,食堂一楼,31.09,2.0,2025-10-18 08:22:00,5
S000033,2025-10-20,access,图书馆,0.0,1.0,2025-10-20 18:24:00,0
S000033,2025-10-29,consumption,食堂二楼,53.25,1.0,2025-10-29 12:56:00,2
S000033,2025-11-09,consumption,食堂一楼,20.88,3.0,2025-11-09 12:18:00,6
S000033,2025-11-22,consumption,快递点,3.58,3.0,2025-11-22 21:40:00,5
S000034,2025-09-09,consumption,开水房,2.15,2.0,2025-09-09 07:38:00,1
S000034,2025-09-11,consumption,食堂三楼,27.49,2.0,2025-09-11 20:38:00,3
S000034,2025-09-19,access,宿舍楼,14.825,1.0,2025-09-19 07:08:00,4
S000034,2025-10-13,consumption,快递点,2.16,2.0,2025-10-13 20:57:00,0
S000034,2025-10-16,consumption,校园超市,20.49,2.0,2025-10-16 07:04:00,3
S000034,2025-10-20,consumption,食堂二楼,38.81999999999999,2.0,2025-10-20 21:23:00,0
S000034,2025-10-25,consumption,校园超市,57.15,2.0,2025-10-25 20:02:00,5
S000034,2025-10-26,consumption,快递点,1.31,2.0,2025-10-26 16:06:00,6
S000034,2025-11-06,consumption,食堂一楼,13.26,3.0,2025-11-06 19:05:00,3
S000034,2025-11-25,consumption,食堂三楼,26.91,3.0,2025-11-25 11:01:00,1
S000035,2025-09-10,consumption,浴室,2.15,2.0,2025-09-10 14:15:00,2
S000035,2025-09-10,consumption,开水房,2.5,1.0,2025-09-10 16:42:00,2
S000035,2025-09-15,consumption,食堂二楼,36.27,2.0,2025-09-15 22:24:00,0
S000035,2025-09-20,consumption,食堂三楼,27.94,2.0,2025-09-20 20:48:00,5
S000035,2025-09-21,access,图书馆,0.0,1.0,2025-09-21 20:23:00,6
S000035,2025-10-07,consumption,校园超市,7.47,1.0,2025-10-07 09:08:00,1
S000035,2025-10-15,access,宿舍楼,0.0,1.5,2025-10-15 15:54:00,2
S000035,2025-11-03,consumption,浴室,6.34,2.0,2025-11-03 23:08:00,0
S000035,2025-11-05,consumption,食堂二楼,12.68,1.0,2025-11-05 13:50:00,2
S000035,2025-11-11,consumption,快递点,1.67,2.0,2025-11-11 12:39:00,1
S000036,2025-09-17,access,图书馆,0.0,1.0,2025-09-17 20:08:00,2
S000036,2025-10-09,consumption,食堂三楼,28.46,3.0,2025-10-09 13:22:00,3
S000036,2025-10-09,consumption,食堂一楼,27.81,3.0,2025-10-09 11:37:00,3
S000036,2025-10-11,consumption,校园超市,30.49,2.0,2025-10-11 22:22:00,5
S000036,2025-10-26,consumption,快递点,0.75,1.0,2025-10-26 22:09:00,6
S000036,2025-11-01,consumption,快递点,2.34,3.0,2025-11-01 08:08:00,5
S000036,2025-11-06,access,图书馆,2.825,1.0,2025-11-06 12:12:00,3
S000036,2025-11-14,consumption,开水房,3.31,3.0,2025-11-14 16:53:00,4
S000036,2025-11-18,access,图书馆,0.0,1.0,2025-11-18 12:25:00,1
S000036,2025-11-21,access,宿舍楼,0.0,1.0,2025-11-21 10:40:00,4
S000037,2025-09-16,consumption,食堂二楼,28.4,1.0,2025-09-16 09:03:00,1
S000037,2025-09-19,consumption,开水房,1.94,2.0,2025-09-19 18:08:00,4
S000037,2025-09-21,access,宿舍楼,0.0,1.0,2025-09-21 12:48:00,6
S000037,2025-09-27,access,宿舍楼,0.0,1.0,2025-09-27 06:31:00,5
S000037,2025-10-08,access,宿舍楼,0.0,1.0,2025-10-08 13:55:00,2
S000037,2025-10-18,consumption,食堂一楼,27.55,2.0,2025-10-18 13:29:00,5
S000037,2025-10-27,consumption,校园超市,11.66,1.0,2025-10-27 16:38:00,0
S000037,2025-11-12,consumption,快递点,0.63,1.0,2025-11-12 14:41:00,2
S000037,2025-11-20,consumption,开水房,4.8,2.0,2025-11-20 13:51:00,3
S000037,2025-11-27,consumption,校园超市,26.5,1.0,2025-11-27 07:10:00,3
S000038,2025-09-12,access,宿舍楼,0.0,1.0,2025-09-12 13:13:00,4
S000038,2025-09-14,consumption,食堂三楼,1.155,3.0,2025-09-14 17:48:00,6
S000038,2025-09-19,consumption,浴室,2.31,1.0,2025-09-19 07:02:00,4
S000038,2025-09-21,consumption,浴室,2.6,2.0,2025-09-21 21:01:00,6
S000038,2025-10-17,consumption,食堂一楼,34.07,2.0,2025-10-17 22:28:00,4
S000038,2025-10-21,consumption,食堂三楼,15.07,3.0,2025-10-21 17:48:00,1
S000038,2025-10-22,consumption,校园超市,7.74,1.0,2025-10-22 23:12:00,2
S000038,2025-11-10,consumption,浴室,12.45,1.0,2025-11-10 10:06:00,0
S000038,2025-11-14,consumption,食堂一楼,17.16,2.0,2025-11-14 21:38:00,4
S000038,2025-11-23,consumption,食堂三楼,62.36,3.0,2025-11-23 06:54:00,6
S000039,2025-09-07,consumption,食堂二楼,43.79,3.0,2025-09-07 18:09:00,6
S000039,2025-09-18,access,宿舍楼,0.0,1.0,2025-09-18 22:29:00,3
S000039,2025-09-20,consumption,浴室,1.13,3.0,2025-09-20 16:10:00,5
S000039,2025-10-13,consumption,校园超市,37.7,2.0,2025-10-13 15:50:00,0
S000039,2025-10-21,access,宿舍楼,0.0,1.0,2025-10-21 16:32:00,1
S000039,2025-10-27,consumption,食堂二楼,16.28,2.0,2025-10-27 12:26:00,0
S000039,2025-11-04,access,宿舍楼,0.0,1.0,2025-11-04 07:45:00,1
S000039,2025-11-05,consumption,开水房,3.03,2.0,2025-11-05 06:23:00,2
S000039,2025-11-27,consumption,浴室,4.77,1.0,2025-11-27 12:01:00,3
S000039,2025-11-28,consumption,浴室,2.64,3.0,2025-11-28 13:46:00,4
S000040,2025-09-18,consumption,浴室,1.96,3.0,2025-09-18 21:33:00,3
S000040,2025-09-19,consumption,食堂三楼,21.7,3.0,2025-09-19 08:22:00,4
S000040,2025-09-27,consumption,校园超市,38.77,2.0,2025-09-27 21:22:00,5
S000040,2025-09-29,access,宿舍楼,0.0,1.0,2025-09-29 15:45:00,0
S000040,2025-10-19,consumption,食堂二楼,39.71,2.0,2025-10-19 23:21:00,6
S000040,2025-10-27,consumption,开水房,2.66,1.0,2025-10-27 23:17:00,0
S000040,2025-11-01,consumption,食堂二楼,30.16,2.0,2025-11-01 23:19:00,5
S000040,2025-11-09,consumption,快递点,4.4,3.0,2025-11-09 14:39:00,6
S000040,2025-11-11,access,宿舍楼,0.0,1.0,2025-11-11 15:07:00,1
S000040,2025-11-13,consumption,校园超市,3.855,2.0,2025-11-13 17:49:00,3
S000041,2025-09-05,access,图书馆,0.0,1.0,2025-09-05 14:56:00,4
S000041,2025-09-07,consumption,浴室,1.52,1.0,2025-09-07 07:06:00,6
S000041,2025-09-23,access,图书馆,0.0,1.0,2025-09-23 21:25:00,1
S000041,2025-10-09,consumption,食堂一楼,23.6,2.0,2025-10-09 15:29:00,3
S000041,2025-10-23,consumption,校园超市,9.86,1.0,2025-10-23 10:00:00,3
S000041,2025-10-31,consumption,食堂二楼,16.32,2.0,2025-10-31 16:18:00,4
S000041,2025-11-03,consumption,开水房,4.83,2.0,2025-11-03 07:00:00,0
S000041,2025-11-10,access,图书馆,10.829999999999998,1.0,2025-11-10 14:41:00,0
S000041,2025-11-11,consumption,食堂二楼,16.83,1.0,2025-11-11 13:15:00,1
S000041,2025-11-22,consumption,快递点,0.9,3.0,2025-11-22 13:34:00,5
S000042,2025-09-16,consumption,食堂二楼,21.49,2.0,2025-09-16 22:59:00,1
S000042,2025-09-18,consumption,食堂二楼,24.69,1.0,2025-09-18 14:24:00,3
S000042,2025-10-01,consumption,食堂三楼,50.74,2.0,2025-10-01 15:37:00,2
S000042,2025-10-05,consumption,食堂一楼,28.17,2.0,2025-10-05 11:46:00,6
S000042,2025-10-08,consumption,快递点,1.37,2.0,2025-10-08 18:52:00,2
S000042,2025-10-25,consumption,食堂一楼,37.1,2.0,2025-10-25 09:11:00,5
S000042,2025-10-29,consumption,开水房,1.34,3.0,2025-10-29 16:50:00,2
S000042,2025-11-13,consumption,开水房,2.12,1.0,2025-11-13 07:42:00,3
S000042,2025-11-22,consumption,校园超市,26.39,1.0,2025-11-22 22:29:00,5
S000042,2025-11-30,access,图书馆,0.0,1.0,2025-11-30 18:58:00,6
S000043,2025-09-03,consumption,快递点,0.51,1.0,2025-09-03 08:02:00,2
S000043,2025-09-08,access,图书馆,0.0,1.0,2025-09-08 17:34:00,0
S000043,2025-09-20,consumption,浴室,2.18,3.0,2025-09-20 23:58:00,5
S000043,2025-09-20,consumption,快递点,2.84,1.0,2025-09-20 12:45:00,5
S000043,2025-10-08,consumption,食堂二楼,3.855,1.0,2025-10-08 10:30:00,2
S000043,2025-10-31,access,图书馆,0.0,1.0,2025-10-31 20:15:00,4
S000043,2025-11-05,consumption,浴室,0.76,2.0,2025-11-05 15:46:00,2
S000043,2025-11-07,access,图书馆,0.0,1.0,2025-11-07 17:07:00,4
S000043,2025-11-14,consumption,浴室,2.5,1.0,2025-11-14 20:08:00,4
S000043,2025-11-27,access,图书馆,0.0,1.0,2025-11-27 16:28:00,3
S000044,2025-09-01,access,宿舍楼,0.0,1.0,2025-09-01 20:43:00,0
S000044,2025-09-09,access,宿舍楼,0.0,1.0,2025-09-09 07:18:00,1
S000044,2025-10-15,consumption,浴室,2.27,1.0,2025-10-15 13:53:00,2
S000044,2025-10-15,consumption,食堂二楼,21.94,3.0,2025-10-15 09:02:00,2
S000044,2025-10-19,consumption,校园超市,8.53,2.0,2025-10-19 08:43:00,6
S000044,2025-10-23,consumption,食堂二楼,15.98,3.0,2025-10-23 19:23:00,3
S000044,2025-10-25,consumption,食堂一楼,33.54,3.0,2025-10-25 07:59:00,5
S000044,2025-11-09,consumption,校园超市,29.55,1.0,2025-11-09 13:29:00,6
S000044,2025-11-24,access,图书馆,0.0,1.0,2025-11-24 18:55:00,0
S000044,2025-11-24,consumption,快递点,4.71,1.0,2025-11-24 13:13:00,0
S000045,2025-09-06,consumption,食堂二楼,31.08,3.0,2025-09-06 12:48:00,5
S000045,2025-09-08,consumption,食堂三楼,23.66,1.0,2025-09-08 16:36:00,0
S000045,2025-09-09,consumption,食堂一楼,35.06,2.0,2025-09-09 07:15:00,1
S000045,2025-09-19,access,图书馆,0.0,1.0,2025-09-19 14:19:00,4
S000045,2025-10-06,consumption,浴室,4.46,1.0,2025-10-06 19:35:00,0
S000045,2025-10-19,consumption,浴室,2.63,1.0,2025-10-19 15:54:00,6
S000045,2025-11-03,consumption,食堂三楼,16.06,3.0,2025-11-03 18:50:00,0
S000045,2025-11-07,consumption,校园超市,5.98,2.0,2025-11-07 10:19:00,4
S000045,2025-11-16,access,宿舍楼,0.0,1.0,2025-11-16 13:19:00,6
S000045,2025-11-30,consumption,校园超市,14.05,1.0,2025-11-30 23:26:00,6
S000046,2025-09-16,access,宿舍楼,0.0,1.0,2025-09-16 13:44:00,1
S000046,2025-09-27,consumption,食堂一楼,27.3,2.0,2025-09-27 17:05:00,5
S000046,2025-10-12,access,宿舍楼,0.0,1.0,2025-10-12 20:34:00,6
S000046,2025-10-13,consumption,食堂一楼,13.16,1.0,2025-10-13 12:47:00,0
S000046,2025-10-19,consumption,浴室,0.68,1.0,2025-10-19 12:51:00,6
S000046,2025-10-24,consumption,食堂二楼,37.64,2.0,2025-10-24 13:16:00,4
S000046,2025-11-08,access,图书馆,18.82,1.0,2025-11-08 08:17:00,5
S000046,2025-11-15,access,图书馆,0.0,1.0,2025-11-15 15:13:00,5
S000046,2025-11-17,access,宿舍楼,0.0,1.0,2025-11-17 13:35:00,0
S000046,2025-11-23,consumption,食堂三楼,26.75,2.0,2025-11-23 22:56:00,6
S000047,2025-09-10,access,图书馆,0.0,1.0,2025-09-10 20:00:00,2
S000047,2025-09-19,consumption,浴室,4.71,3.0,2025-09-19 19:18:00,4
S000047,2025-09-20,consumption,食堂二楼,15.77,2.0,2025-09-20 13:31:00,5
S000047,2025-09-22,access,宿舍楼,0.0,1.0,2025-09-22 11:08:00,0
S000047,2025-09-27,consumption,校园超市,27.34,1.0,2025-09-27 13:47:00,5
S000047,2025-09-28,consumption,食堂三楼,26.49,1.0,2025-09-28 21:42:00,6
S000047,2025-10-23,consumption,开水房,1.54,3.0,2025-10-23 10:00:00,3
S000047,2025-11-03,consumption,快递点,4.92,2.0,2025-11-03 16:58:00,0
S000047,2025-11-09,consumption,浴室,4.96,1.0,2025-11-09 22:02:00,6
S000047,2025-11-10,consumption,开水房,2.02,2.0,2025-11-10 21:29:00,0
S000048,2025-09-13,consumption,食堂二楼,3.855,1.0,2025-09-13 22:16:00,5
S000048,2025-09-22,consumption,快递点,2.45,2.0,2025-09-22 09:57:00,0
S000048,2025-10-06,consumption,食堂三楼,14.594999999999999,1.0,2025-10-06 22:52:00,0
S000048,2025-10-16,consumption,校园超市,26.74,1.0,2025-10-16 17:25:00,3
S000048,2025-10-19,consumption,食堂一楼,32.47,2.0,2025-10-19 06:44:00,6
S000048,2025-10-29,consumption,开水房,1.52,3.0,2025-10-29 08:41:00,2
S000048,2025-11-02,consumption,浴室,2.98,1.0,2025-11-02 06:33:00,6
S000048,2025-11-07,access,图书馆,0.0,1.0,2025-11-07 11:57:00,4
S000048,2025-11-23,access,图书馆,0.0,1.0,2025-11-23 14:24:00,6
S000048,2025-11-29,consumption,快递点,4.73,1.0,2025-11-29 09:58:00,5
S000049,2025-09-10,consumption,食堂三楼,42.16,3.0,2025-09-10 07:11:00,2
S000049,2025-09-18,access,图书馆,0.0,1.0,2025-09-18 16:47:00,3
S000049,2025-10-01,consumption,快递点,2.25,3.0,2025-10-01 16:24:00,2
S000049,2025-10-11,consumption,食堂二楼,41.55,3.0,2025-10-11 10:48:00,5
S000049,2025-10-15,consumption,校园超市,6.67,1.0,2025-10-15 08:21:00,2
S000049,2025-10-21,access,宿舍楼,0.0,1.0,2025-10-21 11:36:00,1
S000049,2025-11-10,access,宿舍楼,0.0,1.0,2025-11-10 11:43:00,0
S000049,2025-11-17,access,宿舍楼,0.0,1.0,2025-11-17 16:01:00,0
S000049,2025-11-21,consumption,校园超市,9.49,2.0,2025-11-21 13:22:00,4
S000049,2025-11-28,access,宿舍楼,0.0,1.0,2025-11-28 14:02:00,4
S000050,2025-09-12,consumption,食堂一楼,31.74,3.0,2025-09-12 16:55:00,4
S000050,2025-09-22,consumption,食堂二楼,32.64,1.0,2025-09-22 14:19:00,0
S000050,2025-09-24,consumption,浴室,3.0,2.0,2025-09-24 09:01:00,2
S000050,2025-10-02,access,图书馆,0.0,1.0,2025-10-02 12:09:00,3
S000050,2025-10-11,consumption,食堂一楼,31.72,1.0,2025-10-11 15:28:00,5
S000050,2025-10-17,access,图书馆,0.0,1.0,2025-10-17 10:05:00,4
S000050,2025-10-19,access,图书馆,0.0,1.0,2025-10-19 19:24:00,6
S000050,2025-10-20,consumption,校园超市,3.855,2.0,2025-10-20 08:46:00,0
S000050,2025-11-11,access,图书馆,0.0,1.0,2025-11-11 17:33:00,1
S000050,2025-11-14,consumption,食堂一楼,31.74,3.0,2025-11-14 15:51:00,4
S000051,2025-09-01,access,宿舍楼,0.0,1.0,2025-09-01 18:51:00,0
S000051,2025-09-27,consumption,食堂三楼,33.98,3.0,2025-09-27 08:52:00,5
S000051,2025-10-05,consumption,食堂一楼,43.28,1.0,2025-10-05 19:17:00,6
S000051,2025-10-11,consumption,开水房,3.35,3.0,2025-10-11 13:20:00,5
S000051,2025-10-12,consumption,开水房,1.4,2.0,2025-10-12 11:25:00,6
S000051,2025-10-13,consumption,校园超市,43.09,3.0,2025-10-13 10:19:00,0
S000051,2025-10-19,consumption,快递点,2.27,1.0,2025-10-19 12:37:00,6
S000051,2025-10-24,consumption,快递点,0.85,2.0,2025-10-24 13:46:00,4
S000051,2025-11-09,consumption,快递点,2.98,3.0,2025-11-09 20:45:00,6
S000051,2025-11-20,consumption,浴室,1.38,1.0,2025-11-20 10:19:00,3
S000052,2025-09-02,consumption,食堂二楼,25.56,3.0,2025-09-02 22:35:00,1
S000052,2025-10-03,consumption,开水房,2.4,2.0,2025-10-03 08:28:00,4
S000052,2025-10-23,consumption,食堂二楼,20.95,3.0,2025-10-23 15:15:00,3
S000052,2025-10-30,access,图书馆,0.0,1.0,2025-10-30 13:01:00,3
S000052,2025-11-14,consumption,食堂二楼,0.0,2.0,2025-11-14 17:25:00,4
S000052,2025-11-16,consumption,校园超市,0.0,3.0,2025-11-16 22:59:00,6
S000052,2025-11-21,access,图书馆,0.0,1.0,2025-11-21 20:15:00,4
S000052,2025-11-22,consumption,校园超市,13.62,2.0,2025-11-22 19:06:00,5
S000052,2025-11-24,consumption,食堂二楼,21.79,3.0,2025-11-24 07:36:00,0
S000052,2025-11-28,consumption,食堂一楼,16.67,2.0,2025-11-28 23:38:00,4
S000053,2025-09-09,consumption,快递点,3.7,1.0,2025-09-09 16:41:00,1
S000053,2025-09-14,consumption,食堂二楼,19.38,3.0,2025-09-14 13:33:00,6
S000053,2025-09-19,consumption,食堂三楼,34.57,2.0,2025-09-19 12:33:00,4
S000053,2025-09-23,consumption,食堂三楼,42.29,3.0,2025-09-23 19:29:00,1
S000053,2025-09-30,access,图书馆,0.0,1.0,2025-09-30 10:40:00,1
S000053,2025-10-06,access,图书馆,0.0,1.0,2025-10-06 17:06:00,0
S000053,2025-11-01,consumption,校园超市,4.51,1.0,2025-11-01 09:53:00,5
S000053,2025-11-01,consumption,食堂一楼,10.95,2.0,2025-11-01 20:20:00,5
S000053,2025-11-15,consumption,食堂一楼,14.31,3.0,2025-11-15 12:13:00,5
S000053,2025-11-24,consumption,食堂一楼,25.33,3.0,2025-11-24 12:28:00,0
S000054,2025-09-07,access,图书馆,0.0,1.0,2025-09-07 15:08:00,6
S000054,2025-09-18,consumption,食堂二楼,17.03,2.0,2025-09-18 09:11:00,3
S000054,2025-09-23,access,宿舍楼,0.0,1.0,2025-09-23 08:43:00,1
S000054,2025-10-04,consumption,校园超市,34.59,3.0,2025-10-04 16:38:00,5
S000054,2025-10-18,consumption,浴室,2.25,3.0,2025-10-18 10:36:00,5
S000054,2025-10-20,consumption,浴室,1.01,2.0,2025-10-20 20:39:00,0
S000054,2025-10-20,consumption,校园超市,23.88,3.0,2025-10-20 23:44:00,0
S000054,2025-11-02,consumption,食堂二楼,25.1,2.0,2025-11-02 20:39:00,6
S000054,2025-11-08,consumption,食堂三楼,17.16,1.0,2025-11-08 20:07:00,5
S000054,2025-11-22,access,图书馆,0.0,1.0,2025-11-22 16:10:00,5
S000055,2025-09-04,access,图书馆,0.0,1.0,2025-09-04 12:02:00,3
S000055,2025-09-05,consumption,食堂三楼,33.68,1.0,2025-09-05 20:55:00,4
S000055,2025-09-06,access,宿舍楼,0.0,1.0,2025-09-06 23:13:00,5
S000055,2025-09-16,access,图书馆,0.0,1.0,2025-09-16 11:51:00,1
S000055,2025-09-25,access,宿舍楼,0.0,1.0,2025-09-25 19:43:00,3
S000055,2025-10-06,consumption,食堂三楼,17.71,1.0,2025-10-06 20:36:00,0
S000055,2025-10-25,consumption,快递点,3.44,1.0,2025-10-25 15:55:00,5
S000055,2025-11-02,consumption,快递点,2.5,2.0,2025-11-02 08:36:00,6
S000055,2025-11-03,consumption,食堂一楼,3.855,3.0,2025-11-03 09:17:00,0
S000055,2025-11-09,access,宿舍楼,0.0,1.0,2025-11-09 23:52:00,6
S000056,2025-09-17,consumption,开水房,1.95,1.0,2025-09-17 18:31:00,2
S000056,2025-09-19,consumption,食堂三楼,26.93,3.0,2025-09-19 19:24:00,4
S000056,2025-10-06,consumption,食堂三楼,17.62,2.0,2025-10-06 21:20:00,0
S000056,2025-10-15,consumption,浴室,2.92,2.0,2025-10-15 15:18:00,2
S000056,2025-10-23,access,宿舍楼,0.0,1.0,2025-10-23 10:44:00,3
S000056,2025-10-28,consumption,快递点,4.46,1.0,2025-10-28 18:32:00,1
S000056,2025-11-13,consumption,快递点,2.81,3.0,2025-11-13 09:08:00,3
S000056,2025-11-14,consumption,快递点,3.255,1.0,2025-11-14 20:40:00,4
S000056,2025-11-15,consumption,快递点,3.7,3.0,2025-11-15 19:10:00,5
S000056,2025-11-18,consumption,食堂二楼,8.91,1.0,2025-11-18 07:36:00,1
S000057,2025-09-12,access,图书馆,0.0,1.0,2025-09-12 11:30:00,4
S000057,2025-09-21,access,宿舍楼,0.0,1.0,2025-09-21 08:41:00,6
S000057,2025-09-26,access,图书馆,0.0,1.0,2025-09-26 18:19:00,4
S000057,2025-10-07,consumption,浴室,18.785,2.0,2025-10-07 16:57:00,1
S000057,2025-10-17,consumption,食堂三楼,37.57,3.0,2025-10-17 11:03:00,4
S000057,2025-10-21,consumption,开水房,3.65,2.0,2025-10-21 19:41:00,1
S000057,2025-10-25,access,宿舍楼,0.0,1.0,2025-10-25 14:20:00,5
S000057,2025-10-29,consumption,快递点,1.21,2.0,2025-10-29 06:27:00,2
S000057,2025-11-25,consumption,快递点,0.78,3.0,2025-11-25 18:13:00,1
S000057,2025-11-27,access,图书馆,0.0,1.0,2025-11-27 09:40:00,3
S000058,2025-09-02,consumption,快递点,1.04,2.0,2025-09-02 10:30:00,1
S000058,2025-09-10,consumption,食堂二楼,16.51,3.0,2025-09-10 20:00:00,2
S000058,2025-09-10,consumption,食堂一楼,23.16,3.0,2025-09-10 09:06:00,2
S000058,2025-09-11,consumption,浴室,3.2,3.0,2025-09-11 15:49:00,3
S000058,2025-09-13,consumption,食堂一楼,13.46,3.0,2025-09-13 18:22:00,5
S000058,2025-09-18,consumption,开水房,1.14,3.0,2025-09-18 06:39:00,3
S000058,2025-09-20,access,宿舍楼,0.0,1.0,2025-09-20 12:05:00,5
S000058,2025-10-11,consumption,食堂三楼,31.58,1.0,2025-10-11 18:49:00,5
S000058,2025-10-25,consumption,食堂二楼,20.75,1.0,2025-10-25 14:41:00,5
S000058,2025-11-23,consumption,食堂三楼,37.82,3.0,2025-11-23 12:40:00,6
S000059,2025-09-09,consumption,食堂二楼,30.04,1.0,2025-09-09 07:50:00,1
S000059,2025-10-01,consumption,食堂一楼,19.35,1.0,2025-10-01 21:40:00,2
S000059,2025-10-10,consumption,食堂二楼,13.06,1.0,2025-10-10 23:20:00,4
S000059,2025-10-20,access,宿舍楼,0.0,1.0,2025-10-20 17:34:00,0
S000059,2025-10-21,consumption,开水房,3.71,2.0,2025-10-21 19:44:00,1
S000059,2025-10-22,consumption,浴室,2.92,1.0,2025-10-22 14:05:00,2
S000059,2025-11-16,consumption,食堂一楼,17.7,2.0,2025-11-16 16:08:00,6
S000059,2025-11-17,consumption,开水房,2.26,3.0,2025-11-17 07:50:00,0
S000059,2025-11-27,consumption,校园超市,3.855,1.0,2025-11-27 06:37:00,3
S000059,2025-11-28,consumption,快递点,3.46,2.0,2025-11-28 12:33:00,4
S000060,2025-09-02,access,图书馆,0.0,1.0,2025-09-02 10:31:00,1
S000060,2025-09-04,consumption,校园超市,41.86,2.0,2025-09-04 22:04:00,3
S000060,2025-09-17,access,宿舍楼,0.0,1.0,2025-09-17 09:49:00,2
S000060,2025-09-21,consumption,食堂一楼,41.11,3.0,2025-09-21 09:14:00,6
S000060,2025-10-04,access,图书馆,0.0,1.0,2025-10-04 15:29:00,5
S000060,2025-10-15,consumption,快递点,4.2,2.0,2025-10-15 11:23:00,2
S000060,2025-10-21,consumption,快递点,4.26,3.0,2025-10-21 08:19:00,1
S000060,2025-10-26,consumption,浴室,3.24,2.0,2025-10-26 11:07:00,6
S000060,2025-11-05,consumption,校园超市,3.855,3.0,2025-11-05 11:23:00,2
S000060,2025-11-29,consumption,快递点,3.855,1.0,2025-11-29 08:59:00,5
S000061,2025-10-09,access,图书馆,0.0,1.0,2025-10-09 15:23:00,3
S000061,2025-10-11,consumption,食堂一楼,46.22,3.0,2025-10-11 17:07:00,5
S000061,2025-10-17,consumption,食堂二楼,11.48,1.0,2025-10-17 07:35:00,4
S000061,2025-10-30,access,宿舍楼,0.0,1.0,2025-10-30 16:05:00,3
S000061,2025-11-04,consumption,食堂一楼,17.22,1.0,2025-11-04 13:51:00,1
S000061,2025-11-05,consumption,快递点,4.38,1.0,2025-11-05 07:30:00,2
S000061,2025-11-06,access,宿舍楼,0.0,1.0,2025-11-06 08:56:00,3
S000061,2025-11-10,consumption,食堂三楼,30.63,1.0,2025-11-10 15:36:00,0
S000061,2025-11-15,access,图书馆,0.0,1.0,2025-11-15 19:57:00,5
S000061,2025-11-23,consumption,食堂三楼,19.26,1.0,2025-11-23 19:58:00,6
S000062,2025-09-01,access,宿舍楼,3.855,1.0,2025-09-01 15:06:00,0
S000062,2025-09-11,consumption,浴室,1.1,2.0,2025-09-11 08:37:00,3
S000062,2025-09-19,access,图书馆,0.0,1.0,2025-09-19 08:58:00,4
S000062,2025-09-27,consumption,食堂二楼,36.14,2.0,2025-09-27 21:03:00,5
S000062,2025-09-30,access,宿舍楼,0.0,1.0,2025-09-30 17:29:00,1
S000062,2025-10-11,access,宿舍楼,0.0,1.0,2025-10-11 16:20:00,5
S000062,2025-10-23,consumption,浴室,2.06,3.0,2025-10-23 06:21:00,3
S000062,2025-10-28,consumption,食堂一楼,15.43,1.0,2025-10-28 10:49:00,1
S000062,2025-11-09,access,图书馆,0.0,1.0,2025-11-09 10:00:00,6
S000062,2025-11-12,consumption,开水房,4.84,1.0,2025-11-12 15:16:00,2
S000063,2025-09-07,consumption,食堂三楼,14.7,1.0,2025-09-07 06:25:00,6
S000063,2025-09-10,consumption,食堂一楼,13.15,1.0,2025-09-10 20:51:00,2
S000063,2025-09-18,consumption,食堂一楼,21.62,1.0,2025-09-18 10:12:00,3
S000063,2025-10-11,consumption,浴室,2.11,1.0,2025-10-11 20:19:00,5
S000063,2025-10-12,consumption,开水房,1.62,1.0,2025-10-12 18:32:00,6
S000063,2025-10-22,consumption,开水房,4.72,1.0,2025-10-22 14:58:00,2
S000063,2025-10-28,consumption,浴室,1.62,2.0,2025-10-28 09:51:00,1
S000063,2025-10-30,consumption,食堂一楼,4.85,1.0,2025-10-30 11:51:00,3
S000063,2025-11-14,consumption,食堂一楼,4.245,1.0,2025-11-14 20:29:00,4
S000063,2025-11-27,consumption,开水房,3.64,1.0,2025-11-27 12:53:00,3
S000064,2025-09-04,consumption,校园超市,3.855,1.0,2025-09-04 17:13:00,3
S000064,2025-09-08,consumption,校园超市,14.13,1.0,2025-09-08 19:12:00,0
S000064,2025-09-17,consumption,快递点,4.23,2.0,2025-09-17 09:02:00,2
S000064,2025-09-24,consumption,校园超市,6.4,1.0,2025-09-24 07:39:00,2
S000064,2025-10-20,consumption,食堂一楼,26.19,2.0,2025-10-20 13:01:00,0
S000064,2025-10-30,consumption,浴室,2.45,3.0,2025-10-30 18:31:00,3
S000064,2025-11-09,access,宿舍楼,0.0,1.0,2025-11-09 17:30:00,6
S000064,2025-11-09,access,宿舍楼,0.0,1.0,2025-11-09 22:20:00,6
S000064,2025-11-19,consumption,开水房,1.83,1.0,2025-11-19 23:30:00,2
S000064,2025-11-22,access,图书馆,0.0,1.0,2025-11-22 18:51:00,5
S000065,2025-09-01,consumption,浴室,3.855,1.0,2025-09-01 16:45:00,0
S000065,2025-09-08,consumption,食堂二楼,43.89,1.0,2025-09-08 22:30:00,0
S000065,2025-09-23,access,宿舍楼,0.0,1.0,2025-09-23 07:01:00,1
S000065,2025-09-29,consumption,快递点,2.25,1.0,2025-09-29 11:15:00,0
S000065,2025-10-06,consumption,校园超市,63.63,3.0,2025-10-06 17:49:00,0
S000065,2025-11-03,consumption,食堂二楼,11.97,2.0,2025-11-03 07:05:00,0
S000065,2025-11-14,access,图书馆,0.0,2.5,2025-11-14 09:15:00,4
S000065,2025-11-15,consumption,开水房,3.64,3.0,2025-11-15 06:45:00,5
S000065,2025-11-24,consumption,浴室,4.17,3.0,2025-11-24 07:48:00,0
S000065,2025-11-29,consumption,浴室,3.04,3.0,2025-11-29 12:53:00,5
S000066,2025-09-13,consumption,食堂三楼,15.02,1.0,2025-09-13 11:46:00,5
S000066,2025-09-14,access,图书馆,0.0,1.0,2025-09-14 13:47:00,6
S000066,2025-09-19,consumption,食堂二楼,24.66,1.0,2025-09-19 22:55:00,4
S000066,2025-10-11,access,图书馆,0.0,1.0,2025-10-11 18:36:00,5
S000066,2025-10-17,access,宿舍楼,0.0,1.0,2025-10-17 18:37:00,4
S000066,2025-10-26,access,宿舍楼,0.0,1.0,2025-10-26 16:11:00,6
S000066,2025-11-13,consumption,快递点,4.84,1.0,2025-11-13 11:38:00,3
S000066,2025-11-15,access,宿舍楼,0.0,1.0,2025-11-15 15:46:00,5
S000066,2025-11-28,consumption,食堂二楼,30.91,3.0,2025-11-28 06:44:00,4
S000066,2025-11-30,access,宿舍楼,0.0,1.0,2025-11-30 13:42:00,6
S000067,2025-09-05,consumption,食堂三楼,20.23,2.0,2025-09-05 09:04:00,4
S000067,2025-09-10,consumption,食堂三楼,27.1,1.0,2025-09-10 08:52:00,2
S000067,2025-09-12,consumption,浴室,4.52,3.0,2025-09-12 06:27:00,4
S000067,2025-09-14,access,图书馆,0.0,1.0,2025-09-14 14:28:00,6
S000067,2025-09-27,consumption,食堂一楼,18.17,2.0,2025-09-27 14:50:00,5
S000067,2025-10-14,consumption,校园超市,21.99,1.0,2025-10-14 08:35:00,1
S000067,2025-10-19,consumption,校园超市,21.24,1.0,2025-10-19 21:50:00,6
S000067,2025-10-24,access,宿舍楼,0.0,1.0,2025-10-24 21:56:00,4
S000067,2025-11-13,consumption,开水房,1.52,2.0,2025-11-13 08:51:00,3
S000067,2025-11-30,consumption,开水房,4.49,2.0,2025-11-30 06:16:00,6
S000068,2025-09-01,consumption,食堂三楼,3.855,3.0,2025-09-01 21:12:00,0
S000068,2025-09-07,consumption,浴室,4.28,1.0,2025-09-07 07:23:00,6
S000068,2025-09-13,consumption,食堂二楼,9.24,3.0,2025-09-13 15:05:00,5
S000068,2025-10-13,consumption,食堂二楼,54.22,2.0,2025-10-13 23:46:00,0
S000068,2025-10-28,consumption,校园超市,32.16,2.0,2025-10-28 14:14:00,1
S000068,2025-10-31,access,宿舍楼,0.0,1.5,2025-10-31 18:30:00,4
S000068,2025-11-02,access,宿舍楼,0.0,1.0,2025-11-02 08:41:00,6
S000068,2025-11-09,consumption,食堂三楼,13.21,2.0,2025-11-09 13:06:00,6
S000068,2025-11-09,consumption,食堂三楼,22.74,2.0,2025-11-09 17:11:00,6
S000068,2025-11-23,consumption,校园超市,34.11,1.0,2025-11-23 07:06:00,6
S000069,2025-09-06,consumption,开水房,2.46,3.0,2025-09-06 10:53:00,5
S000069,2025-09-08,access,宿舍楼,0.0,1.0,2025-09-08 23:43:00,0
S000069,2025-10-05,consumption,食堂二楼,28.23,3.0,2025-10-05 09:05:00,6
S000069,2025-10-21,access,图书馆,0.0,1.0,2025-10-21 16:36:00,1
S000069,2025-10-28,consumption,食堂二楼,22.11,1.0,2025-10-28 12:08:00,1
S000069,2025-10-31,consumption,食堂二楼,17.97,2.0,2025-10-31 15:05:00,4
S000069,2025-11-06,access,图书馆,0.0,1.0,2025-11-06 09:48:00,3
S000069,2025-11-11,consumption,食堂三楼,19.17,2.0,2025-11-11 22:29:00,1
S000069,2025-11-16,consumption,开水房,4.61,1.0,2025-11-16 08:24:00,6
S000069,2025-11-25,consumption,浴室,2.36,3.0,2025-11-25 13:35:00,1
S000070,2025-09-02,access,宿舍楼,0.0,1.0,2025-09-02 09:26:00,1
S000070,2025-09-13,access,宿舍楼,0.0,1.0,2025-09-13 19:16:00,5
S000070,2025-09-20,consumption,浴室,3.12,1.0,2025-09-20 09:36:00,5
S000070,2025-09-30,consumption,开水房,2.49,2.0,2025-09-30 14:46:00,1
S000070,2025-10-05,access,图书馆,0.0,1.0,2025-10-05 13:52:00,6
S000070,2025-10-09,consumption,快递点,2.71,3.0,2025-10-09 09:55:00,3
S000070,2025-10-13,consumption,食堂一楼,18.27,3.0,2025-10-13 21:58:00,0
S000070,2025-10-20,consumption,浴室,3.24,1.0,2025-10-20 11:17:00,0
S000070,2025-10-22,consumption,浴室,3.56,2.0,2025-10-22 07:25:00,2
S000070,2025-10-24,consumption,食堂一楼,37.52,1.0,2025-10-24 20:13:00,4
S000071,2025-09-04,consumption,校园超市,41.25,3.0,2025-09-04 20:11:00,3
S000071,2025-09-05,consumption,食堂三楼,17.35,3.0,2025-09-05 12:17:00,4
S000071,2025-09-21,consumption,开水房,2.78,1.0,2025-09-21 22:56:00,6
S000071,2025-09-29,consumption,食堂三楼,36.83,3.0,2025-09-29 19:32:00,0
S000071,2025-10-04,access,图书馆,0.0,1.0,2025-10-04 12:01:00,5
S000071,2025-10-18,access,宿舍楼,0.0,1.0,2025-10-18 09:43:00,5
S000071,2025-10-20,consumption,快递点,3.08,1.0,2025-10-20 13:41:00,0
S000071,2025-10-23,access,宿舍楼,0.0,1.0,2025-10-23 07:32:00,3
S000071,2025-10-31,consumption,食堂三楼,28.61,2.0,2025-10-31 11:53:00,4
S000071,2025-11-12,consumption,食堂二楼,29.33,1.0,2025-11-12 07:15:00,2
S000072,2025-09-03,access,图书馆,0.0,1.0,2025-09-03 15:58:00,2
S000072,2025-09-09,consumption,食堂三楼,16.21,3.0,2025-09-09 16:55:00,1
S000072,2025-09-17,consumption,浴室,4.1,1.0,2025-09-17 14:38:00,2
S000072,2025-09-20,consumption,食堂二楼,18.54,1.0,2025-09-20 18:42:00,5
S000072,2025-10-06,consumption,开水房,4.78,3.0,2025-10-06 15:12:00,0
S000072,2025-10-10,access,宿舍楼,0.0,1.0,2025-10-10 19:57:00,4
S000072,2025-10-19,access,宿舍楼,0.0,1.0,2025-10-19 14:13:00,6
S000072,2025-10-30,consumption,浴室,4.21,2.0,2025-10-30 09:00:00,3
S000072,2025-11-05,access,宿舍楼,0.0,1.0,2025-11-05 23:41:00,2
S000072,2025-11-16,consumption,食堂三楼,33.61,3.0,2025-11-16 09:30:00,6
S000073,2025-09-07,access,图书馆,0.0,1.0,2025-09-07 10:12:00,6
S000073,2025-09-24,access,宿舍楼,0.0,1.0,2025-09-24 08:14:00,2
S000073,2025-09-25,consumption,快递点,3.56,3.0,2025-09-25 15:26:00,3
S000073,2025-09-29,consumption,开水房,4.03,3.0,2025-09-29 17:32:00,0
S000073,2025-10-09,access,图书馆,0.0,1.0,2025-10-09 12:06:00,3
S000073,2025-10-11,consumption,开水房,0.61,2.0,2025-10-11 15:16:00,5
S000073,2025-10-16,consumption,快递点,1.88,2.0,2025-10-16 17:16:00,3
S000073,2025-10-24,consumption,开水房,0.66,3.0,2025-10-24 12:21:00,4
S000073,2025-10-31,consumption,食堂三楼,35.65,3.0,2025-10-31 23:48:00,4
S000073,2025-11-14,consumption,快递点,1.03,1.0,2025-11-14 08:30:00,4
S000074,2025-09-21,consumption,快递点,4.01,1.0,2025-09-21 19:40:00,6
S000074,2025-09-23,consumption,食堂一楼,33.29,1.0,2025-09-23 20:17:00,1
S000074,2025-09-24,access,宿舍楼,0.0,1.0,2025-09-24 16:40:00,2
S000074,2025-09-27,access,图书馆,0.0,1.0,2025-09-27 17:48:00,5
S000074,2025-10-14,consumption,浴室,4.52,2.0,2025-10-14 10:20:00,1
S000074,2025-10-20,consumption,食堂三楼,46.47,1.0,2025-10-20 08:52:00,0
S000074,2025-10-25,consumption,校园超市,19.75,2.0,2025-10-25 06:02:00,5
S000074,2025-11-07,consumption,开水房,0.52,3.0,2025-11-07 13:14:00,4
S000074,2025-11-08,consumption,食堂三楼,26.01,2.0,2025-11-08 16:48:00,5
S000074,2025-11-28,access,宿舍楼,0.0,1.0,2025-11-28 10:06:00,4
S000075,2025-09-03,consumption,食堂一楼,22.17,2.0,2025-09-03 20:24:00,2
S000075,2025-09-06,consumption,食堂三楼,18.25,2.0,2025-09-06 22:38:00,5
S000075,2025-09-13,consumption,食堂三楼,37.07,3.0,2025-09-13 10:26:00,5
S000075,2025-09-16,consumption,开水房,4.06,2.0,2025-09-16 14:49:00,1
S000075,2025-09-16,consumption,校园超市,16.88,3.0,2025-09-16 10:13:00,1
S000075,2025-09-17,consumption,食堂一楼,32.25,3.0,2025-09-17 22:10:00,2
S000075,2025-09-25,consumption,快递点,2.32,1.0,2025-09-25 13:46:00,3
S000075,2025-11-07,consumption,开水房,4.98,2.0,2025-11-07 21:22:00,4
S000075,2025-11-08,consumption,浴室,4.98,3.0,2025-11-08 09:41:00,5
S000075,2025-11-28,consumption,食堂一楼,42.5,2.0,2025-11-28 19:42:00,4
S000076,2025-09-02,consumption,食堂一楼,24.79,3.0,2025-09-02 21:09:00,1
S000076,2025-09-06,consumption,食堂二楼,21.01,3.0,2025-09-06 11:21:00,5
S000076,2025-09-12,access,图书馆,0.0,1.0,2025-09-12 19:46:00,4
S000076,2025-09-13,access,图书馆,0.0,1.0,2025-09-13 15:18:00,5
S000076,2025-09-14,consumption,浴室,1.03,1.0,2025-09-14 09:31:00,6
S000076,2025-09-26,consumption,快递点,1.68,3.0,2025-09-26 12:22:00,4
S000076,2025-09-27,consumption,校园超市,57.08,2.0,2025-09-27 13:00:00,5
S000076,2025-10-04,consumption,食堂一楼,34.5,1.0,2025-10-04 07:54:00,5
S000076,2025-10-08,consumption,开水房,1.91,3.0,2025-10-08 09:06:00,2
S000076,2025-11-30,consumption,食堂二楼,36.85,1.0,2025-11-30 23:31:00,6
S000077,2025-09-17,consumption,食堂一楼,25.75,1.0,2025-09-17 09:26:00,2
S000077,2025-10-04,consumption,食堂一楼,16.3,3.0,2025-10-04 22:49:00,5
S000077,2025-10-14,consumption,校园超市,26.03,2.0,2025-10-14 20:17:00,1
S000077,2025-10-14,consumption,开水房,3.65,1.0,2025-10-14 19:42:00,1
S000077,2025-10-16,access,宿舍楼,3.615,1.0,2025-10-16 08:23:00,3
S000077,2025-10-16,consumption,快递点,3.58,3.0,2025-10-16 10:30:00,3
S000077,2025-10-20,consumption,校园超市,18.1,2.0,2025-10-20 11:07:00,0
S000077,2025-11-02,consumption,校园超市,32.33,2.0,2025-11-02 07:04:00,6
S000077,2025-11-13,access,图书馆,0.0,1.0,2025-11-13 18:55:00,3
S000077,2025-11-15,consumption,浴室,3.55,1.0,2025-11-15 18:49:00,5
S000078,2025-09-07,access,宿舍楼,0.0,1.0,2025-09-07 16:35:00,6
S000078,2025-09-16,access,图书馆,0.0,1.0,2025-09-16 09:25:00,1
S000078,2025-09-21,consumption,校园超市,3.855,2.0,2025-09-21 11:04:00,6
S000078,2025-09-29,consumption,校园超市,7.6,2.0,2025-09-29 13:05:00,0
S000078,2025-10-02,consumption,开水房,3.54,1.5,2025-10-02 10:53:00,3
S000078,2025-10-23,consumption,浴室,0.5,1.0,2025-10-23 15:56:00,3
S000078,2025-10-29,consumption,浴室,2.52,2.0,2025-10-29 20:20:00,2
S000078,2025-11-02,consumption,食堂三楼,14.84,2.0,2025-11-02 07:32:00,6
S000078,2025-11-05,consumption,开水房,3.52,2.0,2025-11-05 17:52:00,2
S000078,2025-11-11,access,图书馆,0.0,1.0,2025-11-11 08:41:00,1
S000079,2025-09-06,access,图书馆,0.0,1.0,2025-09-06 20:57:00,5
S000079,2025-09-13,access,图书馆,0.0,1.0,2025-09-13 08:21:00,5
S000079,2025-09-18,access,宿舍楼,0.0,1.0,2025-09-18 09:16:00,3
S000079,2025-09-25,access,图书馆,0.0,1.0,2025-09-25 20:26:00,3
S000079,2025-10-16,access,宿舍楼,0.0,1.0,2025-10-16 23:33:00,3
S000079,2025-10-18,access,图书馆,0.0,1.0,2025-10-18 10:31:00,5
S000079,2025-10-28,consumption,浴室,4.8,1.0,2025-10-28 21:00:00,1
S000079,2025-11-07,access,宿舍楼,0.0,1.0,2025-11-07 21:59:00,4
S000079,2025-11-18,consumption,食堂一楼,43.77,2.0,2025-11-18 12:29:00,1
S000079,2025-11-19,consumption,开水房,3.46,3.0,2025-11-19 20:07:00,2
S000080,2025-09-23,access,图书馆,0.0,1.0,2025-09-23 09:24:00,1
S000080,2025-10-11,access,图书馆,0.0,1.0,2025-10-11 11:13:00,5
S000080,2025-10-14,access,宿舍楼,0.0,1.0,2025-10-14 10:08:00,1
S000080,2025-10-23,consumption,开水房,2.81,3.0,2025-10-23 23:55:00,3
S000080,2025-11-05,access,图书馆,1.405,1.0,2025-11-05 19:37:00,2
S000080,2025-11-17,access,图书馆,0.0,1.0,2025-11-17 12:25:00,0
S000080,2025-11-19,access,宿舍楼,0.0,1.0,2025-11-19 10:45:00,2
S000080,2025-11-23,access,图书馆,0.0,1.0,2025-11-23 16:34:00,6
S000080,2025-11-24,consumption,食堂三楼,36.45,3.0,2025-11-24 18:26:00,0
S000080,2025-11-28,consumption,开水房,1.02,2.0,2025-11-28 23:30:00,4
S000081,2025-09-08,consumption,食堂三楼,33.59,1.0,2025-09-08 23:02:00,0
S000081,2025-09-19,consumption,食堂一楼,33.52,1.0,2025-09-19 14:48:00,4
S000081,2025-09-21,access,宿舍楼,0.0,1.0,2025-09-21 10:53:00,6
S000081,2025-10-16,access,图书馆,0.0,1.0,2025-10-16 17:55:00,3
S000081,2025-10-25,access,图书馆,0.0,1.0,2025-10-25 08:24:00,5
S000081,2025-11-11,consumption,浴室,4.03,3.0,2025-11-11 15:44:00,1
S000081,2025-11-14,consumption,开水房,3.7,3.0,2025-11-14 23:18:00,4
S000081,2025-11-25,consumption,校园超市,19.89,2.0,2025-11-25 19:50:00,1
S000081,2025-11-26,access,图书馆,0.0,1.0,2025-11-26 19:41:00,2
S000081,2025-11-27,consumption,浴室,0.74,3.0,2025-11-27 14:12:00,3
S000082,2025-09-21,consumption,食堂三楼,17.49,1.0,2025-09-21 16:29:00,6
S000082,2025-09-29,access,图书馆,0.0,1.0,2025-09-29 20:32:00,0
S000082,2025-10-12,consumption,快递点,4.7,3.0,2025-10-12 15:31:00,6
S000082,2025-10-19,consumption,食堂三楼,25.48,3.0,2025-10-19 14:08:00,6
S000082,2025-11-13,consumption,食堂一楼,39.95,3.0,2025-11-13 16:33:00,3
S000082,2025-11-17,consumption,开水房,4.84,2.0,2025-11-17 20:11:00,0
S000082,2025-11-19,access,宿舍楼,0.0,1.0,2025-11-19 13:58:00,2
S000082,2025-11-21,access,宿舍楼,0.0,1.0,2025-11-21 23:47:00,4
S000082,2025-11-27,consumption,食堂二楼,15.66,3.0,2025-11-27 22:07:00,3
S000082,2025-11-30,access,图书馆,0.0,1.0,2025-11-30 10:59:00,6
S000083,2025-09-21,consumption,浴室,2.32,2.0,2025-09-21 13:56:00,6
S000083,2025-09-28,consumption,食堂三楼,11.605,2.0,2025-09-28 15:13:00,6
S000083,2025-10-03,consumption,食堂三楼,20.89,1.0,2025-10-03 22:52:00,4
S000083,2025-10-18,consumption,浴室,2.51,1.0,2025-10-18 15:57:00,5
S000083,2025-11-08,consumption,开水房,0.79,3.0,2025-11-08 12:55:00,5
S000083,2025-11-19,consumption,浴室,4.21,3.0,2025-11-19 06:07:00,2
S000083,2025-11-23,consumption,浴室,0.87,1.0,2025-11-23 11:49:00,6
S000083,2025-11-25,consumption,食堂二楼,16.24,3.0,2025-11-25 13:02:00,1
S000083,2025-11-27,access,宿舍楼,0.0,1.0,2025-11-27 09:24:00,3
S000083,2025-11-27,consumption,食堂一楼,30.16,1.0,2025-11-27 23:53:00,3
S000084,2025-09-12,consumption,食堂二楼,16.26,2.0,2025-09-12 23:04:00,4
S000084,2025-10-21,access,图书馆,0.0,1.0,2025-10-21 15:10:00,1
S000084,2025-10-28,consumption,校园超市,24.41,2.0,2025-10-28 06:24:00,1
S000084,2025-11-08,consumption,开水房,2.26,3.0,2025-11-08 15:40:00,5
S000084,2025-11-13,access,宿舍楼,0.0,1.0,2025-11-13 19:24:00,3
S000084,2025-11-14,consumption,快递点,0.83,3.0,2025-11-14 09:18:00,4
S000084,2025-11-26,consumption,食堂一楼,27.73,3.0,2025-11-26 08:48:00,2
S000084,2025-11-27,consumption,校园超市,12.79,3.0,2025-11-27 16:02:00,3
S000084,2025-11-27,consumption,食堂一楼,19.04,2.0,2025-11-27 20:24:00,3
S000084,2025-11-29,access,宿舍楼,0.0,1.0,2025-11-29 08:47:00,5
S000085,2025-09-01,consumption,校园超市,3.855,3.0,2025-09-01 23:05:00,0
S000085,2025-09-13,consumption,浴室,2.69,2.0,2025-09-13 17:08:00,5
S000085,2025-09-19,consumption,快递点,4.4,3.0,2025-09-19 17:00:00,4
S000085,2025-09-29,consumption,食堂三楼,27.55,2.5,2025-09-29 09:11:00,0
S000085,2025-10-10,consumption,开水房,4.57,2.0,2025-10-10 12:26:00,4
S000085,2025-11-10,access,图书馆,0.0,1.0,2025-11-10 09:02:00,0
S000085,2025-11-10,consumption,浴室,0.83,3.0,2025-11-10 08:16:00,0
S000085,2025-11-22,access,图书馆,0.0,1.0,2025-11-22 10:11:00,5
S000085,2025-11-25,access,图书馆,0.0,1.0,2025-11-25 21:48:00,1
S000085,2025-11-25,consumption,食堂一楼,11.89,2.0,2025-11-25 08:57:00,1
S000086,2025-09-01,consumption,快递点,1.5,3.0,2025-09-01 19:17:00,0
S000086,2025-09-03,access,图书馆,0.0,1.0,2025-09-03 21:37:00,2
S000086,2025-09-23,consumption,食堂一楼,17.13,2.0,2025-09-23 10:57:00,1
S000086,2025-09-25,consumption,校园超市,6.51,2.0,2025-09-25 15:44:00,3
S000086,2025-10-16,access,宿舍楼,0.0,1.0,2025-10-16 23:06:00,3
S000086,2025-10-17,consumption,开水房,1.99,2.0,2025-10-17 20:28:00,4
S000086,2025-11-08,consumption,开水房,0.995,1.0,2025-11-08 08:57:00,5
S000086,2025-11-09,access,宿舍楼,0.0,1.0,2025-11-09 10:23:00,6
S000086,2025-11-14,consumption,浴室,2.14,1.0,2025-11-14 19:10:00,4
S000086,2025-11-14,consumption,浴室,1.46,1.0,2025-11-14 23:16:00,4
S000087,2025-09-06,consumption,开水房,1.96,3.0,2025-09-06 22:40:00,5
S000087,2025-09-23,consumption,校园超市,39.89,2.0,2025-09-23 08:33:00,1
S000087,2025-10-06,access,宿舍楼,0.0,2.0,2025-10-06 23:36:00,0
S000087,2025-10-21,consumption,快递点,3.15,2.0,2025-10-21 10:29:00,1
S000087,2025-11-01,access,图书馆,0.0,1.0,2025-11-01 11:48:00,5
S000087,2025-11-02,consumption,食堂三楼,51.3,2.0,2025-11-02 13:02:00,6
S000087,2025-11-04,consumption,校园超市,16.93,2.0,2025-11-04 22:00:00,1
S000087,2025-11-05,consumption,食堂二楼,28.66,1.0,2025-11-05 10:47:00,2
S000087,2025-11-24,consumption,快递点,4.92,3.0,2025-11-24 11:48:00,0
S000087,2025-11-25,consumption,快递点,2.13,2.0,2025-11-25 20:56:00,1
S000088,2025-09-16,consumption,校园超市,15.94,2.0,2025-09-16 09:30:00,1
S000088,2025-09-18,consumption,食堂二楼,14.86,1.0,2025-09-18 22:41:00,3
S000088,2025-09-24,consumption,校园超市,30.43,3.0,2025-09-24 06:56:00,2
S000088,2025-10-03,consumption,食堂二楼,22.65,3.0,2025-10-03 18:22:00,4
S000088,2025-10-06,consumption,食堂二楼,21.215,1.0,2025-10-06 17:38:00,0
S000088,2025-10-15,consumption,校园超市,19.78,3.0,2025-10-15 06:32:00,2
S000088,2025-10-23,consumption,食堂一楼,16.22,1.0,2025-10-23 11:08:00,3
S000088,2025-11-20,consumption,浴室,1.16,1.0,2025-11-20 14:59:00,3
S000088,2025-11-24,access,图书馆,14.995,1.0,2025-11-24 11:28:00,0
S000088,2025-11-26,consumption,食堂二楼,28.83,3.0,2025-11-26 11:41:00,2
S000089,2025-09-03,consumption,快递点,4.59,3.0,2025-09-03 19:52:00,2
S000089,2025-09-17,access,图书馆,0.0,1.0,2025-09-17 20:43:00,2
S000089,2025-09-20,consumption,食堂二楼,0.0,2.0,2025-09-20 07:56:00,5
S000089,2025-09-22,access,宿舍楼,0.0,1.0,2025-09-22 20:38:00,0
S000089,2025-10-23,consumption,快递点,3.12,1.0,2025-10-23 22:16:00,3
S000089,2025-11-07,consumption,快递点,2.67,2.0,2025-11-07 17:37:00,4
S000089,2025-11-08,consumption,食堂一楼,29.99,1.0,2025-11-08 21:42:00,5
S000089,2025-11-15,consumption,校园超市,68.46,2.0,2025-11-15 10:06:00,5
S000089,2025-11-17,access,宿舍楼,0.0,1.0,2025-11-17 11:14:00,0
S000089,2025-11-23,consumption,校园超市,34.89,2.0,2025-11-23 07:44:00,6
S000090,2025-09-30,access,图书馆,0.0,1.0,2025-09-30 12:38:00,1
S000090,2025-10-06,access,宿舍楼,0.0,1.0,2025-10-06 12:26:00,0
S000090,2025-10-11,consumption,食堂一楼,25.76,1.0,2025-10-11 19:41:00,5
S000090,2025-11-06,consumption,食堂一楼,24.69,2.0,2025-11-06 12:44:00,3
S000090,2025-11-09,consumption,食堂二楼,27.44,1.0,2025-11-09 06:36:00,6
S000090,2025-11-10,access,宿舍楼,0.0,1.0,2025-11-10 11:23:00,0
S000090,2025-11-11,consumption,食堂三楼,16.67,2.0,2025-11-11 17:49:00,1
S000090,2025-11-14,consumption,快递点,2.91,3.0,2025-11-14 17:39:00,4
S000090,2025-11-29,consumption,校园超市,13.875,1.0,2025-11-29 14:30:00,5
S000090,2025-11-30,consumption,食堂二楼,24.84,3.0,2025-11-30 09:47:00,6
S000091,2025-09-02,consumption,开水房,4.69,3.0,2025-09-02 15:12:00,1
S000091,2025-09-05,access,图书馆,3.46,1.0,2025-09-05 17:10:00,4
S000091,2025-09-11,consumption,开水房,2.23,2.0,2025-09-11 22:18:00,3
S000091,2025-09-12,access,宿舍楼,0.0,1.0,2025-09-12 17:42:00,4
S000091,2025-09-30,consumption,开水房,4.77,1.0,2025-09-30 12:32:00,1
S000091,2025-10-22,access,图书馆,0.0,1.0,2025-10-22 10:24:00,2
S000091,2025-11-16,consumption,食堂一楼,50.68,2.0,2025-11-16 13:23:00,6
S000091,2025-11-16,consumption,快递点,4.19,3.0,2025-11-16 21:28:00,6
S000091,2025-11-21,consumption,食堂一楼,31.47,1.0,2025-11-21 21:59:00,4
S000091,2025-11-26,consumption,食堂二楼,39.63,3.0,2025-11-26 06:10:00,2
S000092,2025-09-01,consumption,校园超市,23.26,3.0,2025-09-01 09:35:00,0
S000092,2025-09-10,consumption,食堂三楼,3.855,1.0,2025-09-10 22:16:00,2
S000092,2025-10-04,consumption,开水房,4.05,1.0,2025-10-04 13:51:00,5
S000092,2025-10-06,consumption,食堂二楼,37.95,2.0,2025-10-06 18:36:00,0
S000092,2025-10-21,consumption,食堂二楼,3.855,3.0,2025-10-21 06:47:00,1
S000092,2025-10-29,access,图书馆,0.0,1.0,2025-10-29 15:07:00,2
S000092,2025-11-08,access,宿舍楼,0.0,1.0,2025-11-08 20:24:00,5
S000092,2025-11-11,access,宿舍楼,0.0,1.0,2025-11-11 17:52:00,1
S000092,2025-11-12,consumption,食堂二楼,16.38,2.0,2025-11-12 20:43:00,2
S000092,2025-11-30,consumption,食堂一楼,16.72,3.0,2025-11-30 15:46:00,6
S000093,2025-09-01,access,图书馆,0.0,1.0,2025-09-01 21:30:00,0
S000093,2025-09-14,consumption,食堂一楼,8.48,3.0,2025-09-14 21:39:00,6
S000093,2025-09-24,access,宿舍楼,0.0,1.0,2025-09-24 18:14:00,2
S000093,2025-09-26,consumption,食堂二楼,18.18,2.0,2025-09-26 12:14:00,4
S000093,2025-09-26,access,宿舍楼,0.0,1.0,2025-09-26 10:49:00,4
S000093,2025-10-11,consumption,食堂三楼,0.855,3.0,2025-10-11 23:00:00,5
S000093,2025-10-11,consumption,浴室,1.71,3.0,2025-10-11 12:31:00,5
S000093,2025-10-18,consumption,校园超市,13.19,3.0,2025-10-18 14:31:00,5
S000093,2025-10-22,consumption,快递点,2.04,3.0,2025-10-22 11:30:00,2
S000093,2025-11-29,access,图书馆,0.0,1.0,2025-11-29 12:05:00,5
S000094,2025-09-02,consumption,校园超市,12.66,1.0,2025-09-02 22:34:00,1
S000094,2025-09-24,consumption,食堂二楼,29.1,2.0,2025-09-24 17:23:00,2
S000094,2025-10-01,consumption,快递点,2.21,1.0,2025-10-01 10:30:00,2
S000094,2025-10-22,consumption,食堂二楼,62.68,3.0,2025-10-22 10:36:00,2
S000094,2025-11-04,consumption,快递点,3.59,1.0,2025-11-04 20:07:00,1
S000094,2025-11-10,consumption,食堂三楼,26.45,2.0,2025-11-10 16:23:00,0
S000094,2025-11-13,consumption,浴室,13.7,2.0,2025-11-13 23:02:00,3
S000094,2025-11-26,consumption,浴室,0.95,2.0,2025-11-26 14:11:00,2
S000094,2025-11-27,consumption,食堂一楼,39.46,3.0,2025-11-27 14:51:00,3
S000094,2025-11-29,consumption,食堂三楼,16.78,3.0,2025-11-29 06:00:00,5
S000095,2025-09-28,access,宿舍楼,0.0,1.0,2025-09-28 09:28:00,6
S000095,2025-10-03,consumption,校园超市,6.99,1.0,2025-10-03 17:55:00,4
S000095,2025-10-07,consumption,食堂二楼,44.24,1.0,2025-10-07 16:26:00,1
S000095,2025-10-11,access,宿舍楼,0.0,1.0,2025-10-11 14:35:00,5
S000095,2025-10-13,consumption,食堂三楼,31.37,3.0,2025-10-13 23:59:00,0
S000095,2025-11-12,consumption,食堂一楼,22.585,3.0,2025-11-12 11:03:00,2
S000095,2025-11-20,consumption,校园超市,13.8,1.0,2025-11-20 08:10:00,3
S000095,2025-11-23,consumption,食堂二楼,61.3,1.0,2025-11-23 17:20:00,6
S000095,2025-11-26,access,图书馆,0.0,1.0,2025-11-26 17:36:00,2
S000095,2025-11-26,consumption,快递点,3.81,1.0,2025-11-26 18:39:00,2
S000096,2025-09-04,access,图书馆,0.0,1.0,2025-09-04 09:16:00,3
S000096,2025-09-24,access,图书馆,0.0,1.0,2025-09-24 19:15:00,2
S000096,2025-10-02,access,宿舍楼,0.0,1.0,2025-10-02 10:08:00,3
S000096,2025-10-05,consumption,校园超市,59.33,2.0,2025-10-05 20:49:00,6
S000096,2025-10-14,consumption,食堂三楼,10.42,1.5,2025-10-14 15:45:00,1
S000096,2025-10-17,access,宿舍楼,0.0,1.0,2025-10-17 19:10:00,4
S000096,2025-10-21,consumption,食堂一楼,23.17,2.0,2025-10-21 23:03:00,1
S000096,2025-11-07,access,图书馆,13.930000000000001,1.0,2025-11-07 08:42:00,4
S000096,2025-11-19,consumption,开水房,4.69,2.0,2025-11-19 15:14:00,2
S000096,2025-11-24,consumption,开水房,3.65,1.0,2025-11-24 12:10:00,0
S000097,2025-09-18,consumption,校园超市,12.43,3.0,2025-09-18 06:44:00,3
S000097,2025-09-30,access,宿舍楼,0.0,1.0,2025-09-30 15:23:00,1
S000097,2025-10-16,access,宿舍楼,0.0,1.0,2025-10-16 21:29:00,3
S000097,2025-10-23,consumption,食堂三楼,11.05,1.0,2025-10-23 06:33:00,3
S000097,2025-10-26,access,图书馆,0.0,1.0,2025-10-26 20:00:00,6
S000097,2025-11-02,access,宿舍楼,0.0,1.0,2025-11-02 15:00:00,6
S000097,2025-11-09,access,宿舍楼,0.0,1.0,2025-11-09 10:44:00,6
S000097,2025-11-09,consumption,浴室,2.55,3.0,2025-11-09 19:33:00,6
S000097,2025-11-10,consumption,校园超市,20.17,3.0,2025-11-10 19:25:00,0
S000097,2025-11-21,consumption,食堂三楼,45.55,2.0,2025-11-21 21:34:00,4
S000098,2025-09-07,access,图书馆,0.0,1.0,2025-09-07 10:06:00,6
S000098,2025-09-09,consumption,食堂三楼,19.59,1.0,2025-09-09 20:39:00,1
S000098,2025-09-11,consumption,食堂二楼,25.12,3.0,2025-09-11 14:18:00,3
S000098,2025-09-11,access,图书馆,0.0,1.0,2025-09-11 08:17:00,3
S000098,2025-09-20,consumption,食堂二楼,1.705,2.0,2025-09-20 19:19:00,5
S000098,2025-10-02,consumption,开水房,3.41,2.0,2025-10-02 13:16:00,3
S000098,2025-10-07,consumption,开水房,2.47,2.0,2025-10-07 13:05:00,1
S000098,2025-10-28,consumption,浴室,2.71,2.0,2025-10-28 06:09:00,1
S000098,2025-11-03,access,宿舍楼,0.0,1.0,2025-11-03 07:21:00,0
S000098,2025-11-23,access,宿舍楼,0.0,1.0,2025-11-23 19:12:00,6
S000099,2025-09-06,access,图书馆,0.0,1.0,2025-09-06 12:30:00,5
S000099,2025-09-27,consumption,开水房,4.83,1.0,2025-09-27 11:40:00,5
S000099,2025-10-01,consumption,食堂三楼,31.73,1.0,2025-10-01 11:50:00,2
S000099,2025-10-02,consumption,校园超市,17.92,1.0,2025-10-02 07:12:00,3
S000099,2025-10-03,access,图书馆,0.0,1.0,2025-10-03 09:49:00,4
S000099,2025-10-06,consumption,校园超市,35.49,1.0,2025-10-06 06:02:00,0
S000099,2025-10-21,consumption,校园超市,8.55,1.0,2025-10-21 12:57:00,1
S000099,2025-10-29,access,图书馆,0.0,1.0,2025-10-29 16:42:00,2
S000099,2025-11-14,access,宿舍楼,0.0,1.0,2025-11-14 10:23:00,4
S000099,2025-11-21,consumption,食堂三楼,26.05,1.0,2025-11-21 12:07:00,4
S000100,2025-09-06,consumption,校园超市,26.2,1.0,2025-09-06 15:34:00,5
S000100,2025-09-12,consumption,校园超市,8.17,1.0,2025-09-12 16:59:00,4
S000100,2025-09-25,consumption,校园超市,55.82,2.0,2025-09-25 10:16:00,3
S000100,2025-10-11,access,宿舍楼,0.0,1.0,2025-10-11 20:46:00,5
S000100,2025-10-29,consumption,开水房,2.78,3.0,2025-10-29 11:56:00,2
S000100,2025-10-30,consumption,快递点,3.19,3.0,2025-10-30 11:04:00,3
S000100,2025-11-07,consumption,食堂三楼,16.87,2.0,2025-11-07 23:23:00,4
S000100,2025-11-08,access,图书馆,0.0,1.0,2025-11-08 15:14:00,5
S000100,2025-11-20,consumption,食堂三楼,11.39,3.0,2025-11-20 10:44:00,3
S000100,2025-11-29,consumption,浴室,1.34,2.0,2025-11-29 16:46:00,5
S000101,2025-09-03,consumption,食堂三楼,53.28,3.0,2025-09-03 13:20:00,2
S000101,2025-09-09,consumption,浴室,4.19,1.0,2025-09-09 22:43:00,1
S000101,2025-09-14,consumption,食堂一楼,44.24,1.0,2025-09-14 18:42:00,6
S000101,2025-10-12,consumption,食堂三楼,25.99,1.0,2025-10-12 09:33:00,6
S000101,2025-11-02,consumption,开水房,3.16,1.0,2025-11-02 17:14:00,6
S000101,2025-11-02,access,图书馆,0.0,1.0,2025-11-02 15:51:00,6
S000101,2025-11-03,access,图书馆,0.0,1.0,2025-11-03 17:18:00,0
S000101,2025-11-17,access,图书馆,0.0,1.0,2025-11-17 11:41:00,0
S000101,2025-11-21,consumption,浴室,3.85,2.0,2025-11-21 17:50:00,4
S000101,2025-11-24,consumption,快递点,4.72,1.0,2025-11-24 07:12:00,0
S000102,2025-09-14,access,宿舍楼,0.0,1.0,2025-09-14 20:44:00,6
S000102,2025-09-30,consumption,食堂二楼,68.74,1.0,2025-09-30 22:42:00,1
S000102,2025-10-02,consumption,食堂二楼,59.01,3.0,2025-10-02 23:26:00,3
S000102,2025-10-09,consumption,食堂二楼,29.505,3.0,2025-10-09 09:06:00,3
S000102,2025-10-16,access,宿舍楼,0.0,1.0,2025-10-16 17:26:00,3
S000102,2025-10-19,access,宿舍楼,0.0,1.0,2025-10-19 17:28:00,6
S000102,2025-10-22,consumption,开水房,1.21,3.0,2025-10-22 20:59:00,2
S000102,2025-11-21,consumption,开水房,1.96,1.0,2025-11-21 23:13:00,4
S000102,2025-11-25,consumption,食堂一楼,21.66,1.0,2025-11-25 11:35:00,1
S000102,2025-11-30,consumption,浴室,21.66,1.0,2025-11-30 08:53:00,6
S000103,2025-09-29,consumption,食堂三楼,39.88,1.0,2025-09-29 14:58:00,0
S000103,2025-10-07,consumption,浴室,1.11,2.0,2025-10-07 06:19:00,1
S000103,2025-10-09,consumption,快递点,3.09,1.0,2025-10-09 07:58:00,3
S000103,2025-10-12,access,图书馆,0.0,1.0,2025-10-12 15:52:00,6
S000103,2025-10-22,consumption,食堂二楼,15.14,3.0,2025-10-22 08:46:00,2
S000103,2025-10-28,access,图书馆,0.0,1.0,2025-10-28 19:02:00,1
S000103,2025-10-29,consumption,食堂二楼,33.88,2.0,2025-10-29 17:56:00,2
S000103,2025-11-10,consumption,浴室,4.67,1.0,2025-11-10 09:02:00,0
S000103,2025-11-14,consumption,食堂三楼,48.63,2.0,2025-11-14 08:36:00,4
S000103,2025-11-28,access,图书馆,0.0,1.0,2025-11-28 17:41:00,4
S000104,2025-09-07,consumption,校园超市,3.855,2.0,2025-09-07 22:05:00,6
S000104,2025-09-11,consumption,校园超市,3.93,3.0,2025-09-11 10:48:00,3
S000104,2025-09-18,consumption,食堂二楼,21.44,2.0,2025-09-18 18:41:00,3
S000104,2025-09-29,consumption,快递点,2.27,1.0,2025-09-29 16:05:00,0
S000104,2025-10-13,consumption,快递点,2.45,1.0,2025-10-13 13:47:00,0
S000104,2025-10-31,consumption,食堂一楼,13.58,3.0,2025-10-31 18:16:00,4
S000104,2025-11-09,consumption,食堂三楼,41.65,3.0,2025-11-09 13:09:00,6
S000104,2025-11-13,consumption,浴室,4.99,3.0,2025-11-13 13:15:00,3
S000104,2025-11-20,consumption,食堂三楼,34.57,3.0,2025-11-20 07:20:00,3
S000104,2025-11-23,access,图书馆,0.0,1.0,2025-11-23 18:49:00,6
S000105,2025-09-03,consumption,开水房,2.92,1.0,2025-09-03 23:33:00,2
S000105,2025-09-06,access,图书馆,0.0,1.0,2025-09-06 11:43:00,5
S000105,2025-09-10,consumption,校园超市,35.66,2.0,2025-09-10 08:07:00,2
S000105,2025-10-04,consumption,浴室,3.78,1.0,2025-10-04 06:24:00,5
S000105,2025-10-15,consumption,食堂一楼,25.46,2.0,2025-10-15 11:22:00,2
S000105,2025-10-18,consumption,开水房,4.34,1.0,2025-10-18 07:15:00,5
S000105,2025-11-18,access,宿舍楼,0.0,1.0,2025-11-18 10:28:00,1
S000105,2025-11-19,access,宿舍楼,26.0,1.0,2025-11-19 06:21:00,2
S000105,2025-11-25,consumption,食堂三楼,52.0,2.0,2025-11-25 12:20:00,1
S000105,2025-11-28,access,宿舍楼,52.0,1.0,2025-11-28 20:30:00,4
S000106,2025-09-08,consumption,快递点,3.63,2.0,2025-09-08 07:29:00,0
S000106,2025-10-05,consumption,开水房,2.12,1.0,2025-10-05 06:18:00,6
S000106,2025-10-11,consumption,浴室,2.89,1.0,2025-10-11 12:32:00,5
S000106,2025-10-13,consumption,开水房,1.21,2.0,2025-10-13 17:22:00,0
S000106,2025-10-20,access,图书馆,0.0,1.0,2025-10-20 16:17:00,0
S000106,2025-10-29,consumption,开水房,0.6,1.0,2025-10-29 22:19:00,2
S000106,2025-11-14,access,图书馆,0.0,1.0,2025-11-14 12:10:00,4
S000106,2025-11-20,consumption,浴室,1.74,1.0,2025-11-20 14:56:00,3
S000106,2025-11-23,access,图书馆,0.0,1.0,2025-11-23 14:42:00,6
S000106,2025-11-23,consumption,校园超市,3.855,3.0,2025-11-23 09:57:00,6
S000107,2025-09-18,consumption,开水房,4.54,1.0,2025-09-18 19:58:00,3
S000107,2025-09-19,consumption,浴室,4.63,2.0,2025-09-19 08:35:00,4
S000107,2025-09-19,access,宿舍楼,0.0,1.0,2025-09-19 19:26:00,4
S000107,2025-09-25,consumption,食堂二楼,23.86,1.0,2025-09-25 14:38:00,3
S000107,2025-09-29,consumption,校园超市,6.66,3.0,2025-09-29 10:05:00,0
S000107,2025-10-01,consumption,校园超市,5.14,2.0,2025-10-01 16:28:00,2
S000107,2025-10-09,consumption,快递点,4.52,3.0,2025-10-09 14:09:00,3
S000107,2025-10-19,consumption,开水房,3.26,3.0,2025-10-19 13:26:00,6
S000107,2025-11-08,access,图书馆,0.0,1.0,2025-11-08 10:20:00,5
S000107,2025-11-09,consumption,开水房,1.12,3.0,2025-11-09 12:55:00,6
S000108,2025-09-02,access,宿舍楼,0.0,1.0,2025-09-02 13:47:00,1
S000108,2025-09-06,consumption,快递点,2.21,2.0,2025-09-06 18:39:00,5
S000108,2025-09-11,consumption,校园超市,1.4733333333333332,1.0,2025-09-11 22:54:00,3
S000108,2025-09-18,consumption,食堂二楼,0.7366666666666666,1.0,2025-09-18 19:48:00,3
S000108,2025-10-27,access,宿舍楼,0.0,1.0,2025-10-27 16:55:00,0
S000108,2025-10-29,access,宿舍楼,0.0,2.0,2025-10-29 18:49:00,2
S000108,2025-11-12,consumption,浴室,1.54,3.0,2025-11-12 06:22:00,2
S000108,2025-11-13,consumption,浴室,3.39,3.0,2025-11-13 07:33:00,3
S000108,2025-11-17,consumption,开水房,2.18,2.0,2025-11-17 21:30:00,0
S000108,2025-11-25,access,图书馆,0.0,1.0,2025-11-25 09:11:00,1
S000109,2025-09-14,consumption,快递点,4.45,1.0,2025-09-14 22:34:00,6
S000109,2025-09-16,consumption,开水房,2.52,2.0,2025-09-16 08:33:00,1
S000109,2025-09-19,consumption,开水房,2.53,3.0,2025-09-19 22:07:00,4
S000109,2025-09-24,access,图书馆,0.0,1.0,2025-09-24 14:26:00,2
S000109,2025-10-12,consumption,食堂二楼,12.78,2.0,2025-10-12 12:56:00,6
S000109,2025-10-21,access,图书馆,0.0,1.0,2025-10-21 16:24:00,1
S000109,2025-10-25,consumption,食堂一楼,23.46,3.0,2025-10-25 22:57:00,5
S000109,2025-10-27,consumption,食堂三楼,8.73,2.0,2025-10-27 20:10:00,0
S000109,2025-10-29,consumption,食堂三楼,34.29,3.0,2025-10-29 11:45:00,2
S000109,2025-11-06,access,图书馆,0.0,3.0,2025-11-06 11:18:00,3
S000110,2025-09-01,consumption,食堂三楼,15.33,1.0,2025-09-01 20:31:00,0
S000110,2025-09-08,consumption,食堂一楼,39.55,1.0,2025-09-08 07:42:00,0
S000110,2025-09-11,consumption,食堂一楼,23.78,1.0,2025-09-11 23:17:00,3
S000110,2025-09-19,consumption,开水房,0.73,2.0,2025-09-19 15:46:00,4
S000110,2025-09-28,consumption,校园超市,8.61,2.0,2025-09-28 19:28:00,6
S000110,2025-10-28,consumption,食堂二楼,29.47,1.0,2025-10-28 10:12:00,1
S000110,2025-11-03,consumption,食堂一楼,18.97,3.0,2025-11-03 21:15:00,0
S000110,2025-11-10,consumption,快递点,1.27,2.0,2025-11-10 10:10:00,0
S000110,2025-11-19,consumption,快递点,4.21,1.0,2025-11-19 11:09:00,2
S000110,2025-11-30,consumption,快递点,4.89,3.0,2025-11-30 11:24:00,6
S000111,2025-09-12,consumption,校园超市,9.13,1.0,2025-09-12 11:43:00,4
S000111,2025-09-27,consumption,食堂一楼,23.25,3.0,2025-09-27 22:05:00,5
S000111,2025-10-06,consumption,校园超市,10.65,3.0,2025-10-06 12:44:00,0
S000111,2025-10-07,consumption,开水房,3.65,3.0,2025-10-07 23:11:00,1
S000111,2025-10-09,consumption,校园超市,30.06,1.0,2025-10-09 19:53:00,3
S000111,2025-10-11,consumption,浴室,4.98,2.0,2025-10-11 10:39:00,5
S000111,2025-10-29,access,宿舍楼,0.0,1.0,2025-10-29 07:05:00,2
S000111,2025-11-01,access,宿舍楼,0.0,1.0,2025-11-01 19:38:00,5
S000111,2025-11-10,consumption,校园超市,13.14,1.0,2025-11-10 09:44:00,0
S000111,2025-11-13,access,宿舍楼,0.0,1.0,2025-11-13 16:58:00,3
S000112,2025-09-04,consumption,快递点,1.03,1.0,2025-09-04 19:26:00,3
S000112,2025-09-06,consumption,浴室,4.13,1.0,2025-09-06 06:40:00,5
S000112,2025-09-25,consumption,食堂三楼,13.48,3.0,2025-09-25 21:58:00,3
S000112,2025-09-26,consumption,食堂三楼,18.6,1.0,2025-09-26 15:19:00,4
S000112,2025-10-21,access,图书馆,0.0,1.0,2025-10-21 21:11:00,1
S000112,2025-10-31,access,图书馆,0.0,1.0,2025-10-31 15:09:00,4
S000112,2025-11-04,consumption,快递点,0.53,3.0,2025-11-04 16:21:00,1
S000112,2025-11-12,consumption,开水房,3.34,2.0,2025-11-12 11:56:00,2
S000112,2025-11-18,consumption,食堂三楼,14.62,1.0,2025-11-18 06:07:00,1
S000112,2025-11-20,consumption,快递点,2.92,2.0,2025-11-20 20:50:00,3
S000113,2025-09-05,consumption,食堂一楼,65.52,2.0,2025-09-05 13:23:00,4
S000113,2025-09-12,consumption,食堂一楼,17.29,2.0,2025-09-12 22:09:00,4
S000113,2025-09-15,access,宿舍楼,0.0,1.5,2025-09-15 16:45:00,0
S000113,2025-10-06,access,宿舍楼,0.0,1.0,2025-10-06 18:40:00,0
S000113,2025-10-09,consumption,开水房,1.92,3.0,2025-10-09 06:13:00,3
S000113,2025-10-09,consumption,食堂三楼,24.97,1.0,2025-10-09 12:58:00,3
S000113,2025-10-23,access,图书馆,0.0,1.0,2025-10-23 21:33:00,3
S000113,2025-10-28,access,宿舍楼,0.0,1.0,2025-10-28 12:33:00,1
S000113,2025-11-08,access,宿舍楼,0.0,1.0,2025-11-08 11:38:00,5
S000113,2025-11-13,consumption,快递点,4.62,2.0,2025-11-13 08:09:00,3
S000114,2025-09-05,consumption,开水房,4.39,1.0,2025-09-05 06:19:00,4
S000114,2025-09-06,consumption,浴室,4.42,2.0,2025-09-06 20:56:00,5
S000114,2025-09-06,consumption,快递点,3.47,2.0,2025-09-06 06:36:00,5
S000114,2025-09-14,consumption,食堂三楼,35.83,3.0,2025-09-14 16:17:00,6
S000114,2025-09-19,access,宿舍楼,0.0,2.0,2025-09-19 13:10:00,4
S000114,2025-09-20,consumption,食堂一楼,33.35,1.0,2025-09-20 23:32:00,5
S000114,2025-09-25,consumption,校园超市,23.84,3.0,2025-09-25 22:19:00,3
S000114,2025-10-07,consumption,食堂三楼,21.97,2.0,2025-10-07 09:17:00,1
S000114,2025-10-10,consumption,食堂二楼,23.19,2.0,2025-10-10 12:12:00,4
S000114,2025-10-12,consumption,快递点,0.94,3.0,2025-10-12 10:13:00,6
S000115,2025-09-10,consumption,食堂三楼,18.82,3.0,2025-09-10 20:03:00,2
S000115,2025-09-17,consumption,开水房,0.73,2.0,2025-09-17 07:05:00,2
S000115,2025-09-29,consumption,浴室,1.66,2.0,2025-09-29 18:11:00,0
S000115,2025-10-16,consumption,快递点,1.39,3.0,2025-10-16 23:05:00,3
S000115,2025-10-25,consumption,开水房,3.18,3.0,2025-10-25 20:39:00,5
S000115,2025-10-29,consumption,开水房,3.7,2.0,2025-10-29 21:14:00,2
S000115,2025-10-30,consumption,食堂一楼,18.4,3.0,2025-10-30 20:06:00,3
S000115,2025-10-30,access,宿舍楼,0.0,1.0,2025-10-30 17:38:00,3
S000115,2025-11-02,consumption,校园超市,16.12,1.0,2025-11-02 17:30:00,6
S000115,2025-11-29,access,宿舍楼,0.0,1.0,2025-11-29 16:29:00,5
S000116,2025-10-20,consumption,食堂二楼,48.59,3.0,2025-10-20 19:50:00,0
S000116,2025-10-23,consumption,食堂二楼,11.5,3.0,2025-10-23 11:30:00,3
S000116,2025-10-26,consumption,食堂三楼,55.84,3.0,2025-10-26 13:11:00,6
S000116,2025-10-27,consumption,校园超市,31.86,1.0,2025-10-27 09:43:00,0
S000116,2025-11-11,consumption,快递点,1.86,2.0,2025-11-11 18:37:00,1
S000116,2025-11-13,consumption,食堂一楼,7.76,2.5,2025-11-13 09:20:00,3
S000116,2025-11-15,consumption,食堂三楼,21.66,3.0,2025-11-15 09:52:00,5
S000116,2025-11-16,access,宿舍楼,0.0,1.0,2025-11-16 16:31:00,6
S000116,2025-11-22,consumption,食堂一楼,28.66,1.0,2025-11-22 10:56:00,5
S000116,2025-11-24,consumption,开水房,28.66,3.0,2025-11-24 21:07:00,0
S000117,2025-09-02,consumption,浴室,2.32,1.0,2025-09-02 15:03:00,1
S000117,2025-09-27,consumption,食堂三楼,3.855,2.0,2025-09-27 15:58:00,5
S000117,2025-10-07,access,图书馆,0.0,1.0,2025-10-07 14:44:00,1
S000117,2025-10-18,access,图书馆,0.0,1.0,2025-10-18 08:45:00,5
S000117,2025-10-19,consumption,食堂二楼,23.01,3.0,2025-10-19 11:30:00,6
S000117,2025-10-26,access,宿舍楼,0.0,1.0,2025-10-26 08:37:00,6
S000117,2025-11-11,access,宿舍楼,0.0,1.0,2025-11-11 09:55:00,1
S000117,2025-11-14,access,图书馆,0.0,1.0,2025-11-14 20:09:00,4
S000117,2025-11-15,consumption,食堂三楼,0.905,3.0,2025-11-15 18:25:00,5
S000117,2025-11-24,consumption,浴室,1.81,3.0,2025-11-24 20:12:00,0
S000118,2025-09-10,consumption,食堂二楼,10.99,3.0,2025-09-10 21:42:00,2
S000118,2025-09-18,consumption,校园超市,9.35,2.0,2025-09-18 19:09:00,3
S000118,2025-09-24,consumption,校园超市,23.64,3.0,2025-09-24 20:24:00,2
S000118,2025-10-05,consumption,浴室,3.09,1.0,2025-10-05 07:36:00,6
S000118,2025-10-07,access,图书馆,0.0,1.0,2025-10-07 10:00:00,1
S000118,2025-10-16,consumption,校园超市,10.97,3.0,2025-10-16 06:36:00,3
S000118,2025-10-26,access,图书馆,0.0,1.0,2025-10-26 09:08:00,6
S000118,2025-11-01,access,图书馆,0.0,1.0,2025-11-01 17:30:00,5
S000118,2025-11-03,access,图书馆,0.0,1.0,2025-11-03 19:32:00,0
S000118,2025-11-22,access,宿舍楼,0.0,1.0,2025-11-22 19:39:00,5
S000119,2025-09-02,consumption,浴室,4.58,3.0,2025-09-02 16:26:00,1
S000119,2025-09-05,consumption,浴室,3.87,3.0,2025-09-05 14:03:00,4
S000119,2025-09-11,consumption,浴室,0.9,2.0,2025-09-11 08:43:00,3
S000119,2025-09-11,consumption,食堂一楼,17.76,2.0,2025-09-11 14:08:00,3
S000119,2025-10-08,access,图书馆,0.0,1.5,2025-10-08 12:31:00,2
S000119,2025-10-16,access,宿舍楼,0.0,1.0,2025-10-16 15:10:00,3
S000119,2025-11-18,consumption,快递点,1.66,3.0,2025-11-18 09:38:00,1
S000119,2025-11-20,consumption,食堂二楼,12.05,3.0,2025-11-20 07:42:00,3
S000119,2025-11-21,consumption,浴室,1.91,1.0,2025-11-21 16:34:00,4
S000119,2025-11-28,consumption,开水房,3.79,2.0,2025-11-28 20:33:00,4
S000120,2025-09-19,consumption,快递点,1.19,2.0,2025-09-19 19:49:00,4
S000120,2025-09-23,access,图书馆,0.0,1.0,2025-09-23 18:28:00,1
S000120,2025-09-24,access,图书馆,0.0,1.0,2025-09-24 13:05:00,2
S000120,2025-10-04,access,图书馆,0.0,1.0,2025-10-04 08:10:00,5
S000120,2025-10-18,access,宿舍楼,20.33,1.0,2025-10-18 13:31:00,5
S000120,2025-10-19,consumption,校园超市,40.66,2.0,2025-10-19 14:09:00,6
S000120,2025-10-20,consumption,校园超市,8.46,3.0,2025-10-20 11:13:00,0
S000120,2025-10-30,consumption,食堂三楼,57.03,2.0,2025-10-30 23:14:00,3
S000120,2025-11-07,access,图书馆,0.0,1.0,2025-11-07 12:59:00,4
S000120,2025-11-13,access,宿舍楼,0.0,1.0,2025-11-13 07:41:00,3
S000121,2025-09-16,consumption,浴室,1.08,3.0,2025-09-16 11:57:00,1
S000121,2025-10-05,consumption,食堂一楼,8.863333333333333,2.0,2025-10-05 18:29:00,6
S000121,2025-10-07,consumption,食堂一楼,16.64666666666667,1.0,2025-10-07 08:03:00,1
S000121,2025-10-28,consumption,食堂三楼,24.43,3.0,2025-10-28 07:06:00,1
S000121,2025-11-07,consumption,校园超市,67.93,2.0,2025-11-07 13:46:00,4
S000121,2025-11-08,consumption,快递点,2.44,3.0,2025-11-08 14:21:00,5
S000121,2025-11-16,consumption,快递点,1.48,3.0,2025-11-16 09:45:00,6
S000121,2025-11-26,access,图书馆,0.0,1.0,2025-11-26 16:21:00,2
S000121,2025-11-26,consumption,食堂二楼,25.5,2.0,2025-11-26 23:00:00,2
S000121,2025-11-26,consumption,食堂一楼,15.95,1.0,2025-11-26 19:06:00,2
S000122,2025-09-05,consumption,浴室,3.77,2.0,2025-09-05 06:57:00,4
S000122,2025-09-10,consumption,食堂三楼,22.31,2.0,2025-09-10 16:16:00,2
S000122,2025-09-15,consumption,食堂三楼,14.61,2.0,2025-09-15 20:42:00,0
S000122,2025-09-20,access,宿舍楼,0.0,1.0,2025-09-20 06:32:00,5
S000122,2025-09-21,access,宿舍楼,0.0,1.0,2025-09-21 07:24:00,6
S000122,2025-10-20,consumption,食堂一楼,15.83,2.0,2025-10-20 14:11:00,0
S000122,2025-10-27,consumption,食堂二楼,12.29,3.0,2025-10-27 18:11:00,0
S000122,2025-11-03,consumption,开水房,0.5,1.0,2025-11-03 18:17:00,0
S000122,2025-11-18,consumption,校园超市,3.855,3.0,2025-11-18 14:06:00,1
S000122,2025-11-22,consumption,食堂二楼,38.98,3.0,2025-11-22 19:13:00,5
S000123,2025-09-01,consumption,开水房,4.18,2.0,2025-09-01 09:36:00,0
S000123,2025-09-11,access,宿舍楼,0.0,1.0,2025-09-11 12:08:00,3
S000123,2025-10-09,consumption,开水房,4.99,3.0,2025-10-09 08:23:00,3
S000123,2025-10-22,access,图书馆,0.0,1.0,2025-10-22 16:14:00,2
S000123,2025-10-29,access,宿舍楼,0.0,1.0,2025-10-29 12:11:00,2
S000123,2025-11-08,access,宿舍楼,0.0,1.0,2025-11-08 16:43:00,5
S000123,2025-11-08,access,宿舍楼,0.0,1.0,2025-11-08 08:53:00,5
S000123,2025-11-10,consumption,校园超市,6.56,3.0,2025-11-10 12:19:00,0
S000123,2025-11-29,consumption,食堂一楼,32.51,3.0,2025-11-29 17:31:00,5
S000123,2025-11-30,access,宿舍楼,0.0,1.0,2025-11-30 21:27:00,6
S000124,2025-09-05,consumption,开水房,4.98,1.0,2025-09-05 21:24:00,4
S000124,2025-09-08,consumption,开水房,0.69,1.0,2025-09-08 12:51:00,0
S000124,2025-09-09,access,宿舍楼,0.0,1.0,2025-09-09 21:34:00,1
S000124,2025-09-14,consumption,浴室,0.0,1.0,2025-09-14 08:51:00,6
S000124,2025-09-22,access,图书馆,0.0,1.0,2025-09-22 21:52:00,0
S000124,2025-09-23,consumption,食堂三楼,18.24,1.0,2025-09-23 20:39:00,1
S000124,2025-10-28,access,图书馆,0.0,1.0,2025-10-28 08:21:00,1
S000124,2025-11-14,consumption,食堂一楼,19.23,1.0,2025-11-14 10:31:00,4
S000124,2025-11-23,consumption,校园超市,11.94,3.0,2025-11-23 23:09:00,6
S000124,2025-11-23,consumption,浴室,0.71,3.0,2025-11-23 10:00:00,6
S000125,2025-09-16,access,图书馆,0.0,1.0,2025-09-16 13:53:00,1
S000125,2025-09-16,consumption,快递点,2.37,3.0,2025-09-16 17:35:00,1
S000125,2025-09-21,consumption,校园超市,10.06,1.0,2025-09-21 06:00:00,6
S000125,2025-09-22,consumption,浴室,0.68,1.0,2025-09-22 18:49:00,0
S000125,2025-09-23,access,宿舍楼,0.0,1.0,2025-09-23 19:44:00,1
S000125,2025-09-24,access,图书馆,0.0,1.0,2025-09-24 18:52:00,2
S000125,2025-09-26,consumption,快递点,4.26,3.0,2025-09-26 18:20:00,4
S000125,2025-09-28,access,图书馆,10.225000000000001,1.0,2025-09-28 13:04:00,6
S000125,2025-10-28,consumption,食堂二楼,16.19,3.0,2025-10-28 07:38:00,1
S000125,2025-10-31,consumption,食堂二楼,25.13,1.0,2025-10-31 14:33:00,4
S000126,2025-09-04,consumption,食堂一楼,18.39,1.0,2025-09-04 13:46:00,3
S000126,2025-09-07,consumption,快递点,1.17,2.0,2025-09-07 21:11:00,6
S000126,2025-09-14,access,图书馆,0.0,1.0,2025-09-14 10:50:00,6
S000126,2025-09-16,access,图书馆,0.0,1.0,2025-09-16 17:23:00,1
S000126,2025-09-21,consumption,食堂一楼,21.77,1.0,2025-09-21 17:18:00,6
S000126,2025-09-27,consumption,食堂三楼,15.58,3.0,2025-09-27 20:02:00,5
S000126,2025-10-09,consumption,食堂一楼,28.08,3.0,2025-10-09 13:12:00,3
S000126,2025-10-27,consumption,食堂三楼,35.79,2.0,2025-10-27 12:47:00,0
S000126,2025-11-09,consumption,校园超市,19.29,3.0,2025-11-09 12:17:00,6
S000126,2025-11-26,access,图书馆,0.0,1.0,2025-11-26 20:07:00,2
S000127,2025-09-05,consumption,食堂一楼,32.19,2.0,2025-09-05 10:07:00,4
S000127,2025-09-25,consumption,食堂三楼,10.65,1.0,2025-09-25 16:08:00,3
S000127,2025-09-26,consumption,食堂二楼,15.05,1.0,2025-09-26 21:37:00,4
S000127,2025-10-08,consumption,快递点,4.08,3.0,2025-10-08 11:36:00,2
S000127,2025-10-12,consumption,食堂二楼,10.844999999999999,3.0,2025-10-12 19:55:00,6
S000127,2025-10-30,consumption,食堂二楼,17.61,2.0,2025-10-30 13:56:00,3
S000127,2025-11-02,consumption,校园超市,21.75,1.0,2025-11-02 12:59:00,6
S000127,2025-11-06,consumption,食堂二楼,32.63,3.0,2025-11-06 21:53:00,3
S000127,2025-11-10,access,图书馆,0.0,1.0,2025-11-10 14:54:00,0
S000127,2025-11-18,consumption,校园超市,36.64,2.0,2025-11-18 10:29:00,1
S000128,2025-09-06,consumption,校园超市,10.91,3.0,2025-09-06 22:02:00,5
S000128,2025-09-17,consumption,食堂二楼,10.87,3.0,2025-09-17 08:01:00,2
S000128,2025-09-18,access,宿舍楼,0.0,1.0,2025-09-18 11:50:00,3
S000128,2025-10-18,consumption,开水房,2.37,3.0,2025-10-18 08:24:00,5
S000128,2025-10-25,consumption,校园超市,4.74,3.0,2025-10-25 09:28:00,5
S000128,2025-10-26,consumption,浴室,4.76,3.0,2025-10-26 06:26:00,6
S000128,2025-10-30,consumption,开水房,2.43,1.0,2025-10-30 13:20:00,3
S000128,2025-11-01,consumption,食堂二楼,25.13,3.0,2025-11-01 20:54:00,5
S000128,2025-11-03,consumption,浴室,3.89,3.0,2025-11-03 19:13:00,0
S000128,2025-11-13,access,图书馆,0.0,1.0,2025-11-13 15:29:00,3
S000129,2025-09-07,consumption,食堂三楼,23.74,2.0,2025-09-07 21:32:00,6
S000129,2025-09-29,consumption,食堂三楼,10.69,3.0,2025-09-29 19:17:00,0
S000129,2025-10-01,consumption,开水房,2.65,3.0,2025-10-01 12:48:00,2
S000129,2025-10-05,consumption,浴室,1.325,1.0,2025-10-05 08:39:00,6
S000129,2025-10-13,access,图书馆,0.0,1.0,2025-10-13 16:58:00,0
S000129,2025-10-30,consumption,食堂三楼,33.76,2.0,2025-10-30 11:41:00,3
S000129,2025-11-07,access,宿舍楼,0.0,1.0,2025-11-07 23:43:00,4
S000129,2025-11-11,access,图书馆,0.0,1.0,2025-11-11 10:21:00,1
S000129,2025-11-26,consumption,食堂一楼,13.965,1.0,2025-11-26 18:23:00,2
S000129,2025-11-28,consumption,食堂一楼,27.93,2.0,2025-11-28 19:48:00,4
S000130,2025-09-09,consumption,快递点,1.55,3.0,2025-09-09 16:26:00,1
S000130,2025-09-14,consumption,食堂一楼,17.71,3.0,2025-09-14 10:31:00,6
S000130,2025-09-20,access,图书馆,0.0,1.0,2025-09-20 12:26:00,5
S000130,2025-10-27,access,图书馆,0.0,1.0,2025-10-27 12:12:00,0
S000130,2025-10-29,consumption,校园超市,7.62,1.0,2025-10-29 15:04:00,2
S000130,2025-11-08,access,宿舍楼,0.0,1.0,2025-11-08 17:51:00,5
S000130,2025-11-10,consumption,食堂三楼,15.96,3.0,2025-11-10 10:57:00,0
S000130,2025-11-14,consumption,开水房,4.04,2.0,2025-11-14 22:53:00,4
S000130,2025-11-26,access,图书馆,0.0,1.0,2025-11-26 11:57:00,2
S000130,2025-11-27,consumption,食堂二楼,25.12,2.0,2025-11-27 17:26:00,3
S000131,2025-09-04,consumption,校园超市,3.855,1.0,2025-09-04 20:59:00,3
S000131,2025-10-01,consumption,食堂三楼,37.26,3.0,2025-10-01 10:28:00,2
S000131,2025-10-04,consumption,食堂二楼,13.95,3.0,2025-10-04 07:42:00,5
S000131,2025-10-07,access,图书馆,0.0,1.0,2025-10-07 10:22:00,1
S000131,2025-10-07,consumption,食堂二楼,40.57,3.0,2025-10-07 11:45:00,1
S000131,2025-10-10,consumption,食堂三楼,20.24,1.0,2025-10-10 21:23:00,4
S000131,2025-10-11,access,图书馆,0.0,1.0,2025-10-11 13:28:00,5
S000131,2025-10-11,consumption,开水房,2.96,3.0,2025-10-11 16:41:00,5
S000131,2025-11-08,consumption,食堂二楼,18.39,3.0,2025-11-08 10:10:00,5
S000131,2025-11-09,access,宿舍楼,0.0,1.0,2025-11-09 09:58:00,6
S000132,2025-09-15,access,图书馆,0.0,1.0,2025-09-15 10:43:00,0
S000132,2025-09-19,access,宿舍楼,0.0,1.0,2025-09-19 17:24:00,4
S000132,2025-10-16,consumption,食堂一楼,16.47,3.0,2025-10-16 12:37:00,3
S000132,2025-10-18,consumption,食堂三楼,22.16,2.0,2025-10-18 15:28:00,5
S000132,2025-10-28,consumption,食堂一楼,32.74,3.0,2025-10-28 18:12:00,1
S000132,2025-11-02,consumption,浴室,2.8,1.0,2025-11-02 17:25:00,6
S000132,2025-11-07,consumption,快递点,1.75,1.0,2025-11-07 08:34:00,4
S000132,2025-11-10,consumption,食堂一楼,7.13,2.0,2025-11-10 13:28:00,0
S000132,2025-11-12,access,宿舍楼,0.0,1.0,2025-11-12 16:44:00,2
S000132,2025-11-30,consumption,食堂三楼,50.44,1.0,2025-11-30 10:51:00,6
S000133,2025-09-01,consumption,食堂三楼,22.7,3.0,2025-09-01 21:07:00,0
S000133,2025-09-23,consumption,开水房,3.06,1.0,2025-09-23 12:11:00,1
S000133,2025-10-19,consumption,校园超市,12.39,3.0,2025-10-19 14:26:00,6
S000133,2025-10-19,consumption,校园超市,21.53,1.0,2025-10-19 15:53:00,6
S000133,2025-10-27,consumption,快递点,3.78,2.0,2025-10-27 19:08:00,0
S000133,2025-11-07,access,图书馆,0.0,1.0,2025-11-07 17:48:00,4
S000133,2025-11-11,consumption,开水房,4.5,3.0,2025-11-11 19:51:00,1
S000133,2025-11-14,consumption,浴室,3.83,1.0,2025-11-14 06:50:00,4
S000133,2025-11-15,consumption,食堂二楼,29.53,1.0,2025-11-15 15:30:00,5
S000133,2025-11-23,consumption,食堂三楼,43.99,2.0,2025-11-23 11:31:00,6
S000134,2025-09-09,consumption,食堂三楼,29.04,1.0,2025-09-09 21:36:00,1
S000134,2025-09-21,consumption,食堂二楼,19.97,2.0,2025-09-21 20:56:00,6
S000134,2025-10-12,access,宿舍楼,0.0,1.0,2025-10-12 14:43:00,6
S000134,2025-10-24,consumption,食堂三楼,19.76,1.0,2025-10-24 15:18:00,4
S000134,2025-10-26,access,宿舍楼,0.0,1.0,2025-10-26 09:23:00,6
S000134,2025-11-05,access,图书馆,0.0,1.0,2025-11-05 21:16:00,2
S000134,2025-11-07,consumption,食堂一楼,29.88,3.0,2025-11-07 12:49:00,4
S000134,2025-11-20,consumption,食堂一楼,19.88,3.0,2025-11-20 11:34:00,3
S000134,2025-11-28,consumption,食堂一楼,27.86,1.0,2025-11-28 14:31:00,4
S000134,2025-11-28,consumption,食堂二楼,27.86,1.0,2025-11-28 14:23:00,4
S000135,2025-09-10,consumption,食堂二楼,37.92,1.0,2025-09-10 21:22:00,2
S000135,2025-09-15,consumption,快递点,2.68,2.0,2025-09-15 07:12:00,0
S000135,2025-09-17,access,图书馆,0.0,1.0,2025-09-17 19:14:00,2
S000135,2025-09-19,consumption,浴室,1.77,2.0,2025-09-19 19:21:00,4
S000135,2025-09-21,consumption,食堂二楼,3.855,3.0,2025-09-21 13:53:00,6
S000135,2025-09-25,access,图书馆,0.0,1.0,2025-09-25 14:29:00,3
S000135,2025-10-10,consumption,食堂二楼,20.84,2.0,2025-10-10 22:48:00,4
S000135,2025-10-10,consumption,食堂二楼,20.0,1.0,2025-10-10 19:44:00,4
S000135,2025-10-14,consumption,食堂三楼,44.73,1.0,2025-10-14 09:14:00,1
S000135,2025-11-29,consumption,食堂一楼,44.73,3.0,2025-11-29 17:52:00,5
S000136,2025-09-01,access,图书馆,0.0,1.0,2025-09-01 11:58:00,0
S000136,2025-09-09,consumption,浴室,3.93,3.0,2025-09-09 12:45:00,1
S000136,2025-09-13,access,图书馆,0.0,2.0,2025-09-13 17:57:00,5
S000136,2025-09-14,consumption,开水房,2.81,1.0,2025-09-14 21:07:00,6
S000136,2025-09-25,access,图书馆,0.0,1.0,2025-09-25 20:34:00,3
S000136,2025-09-26,consumption,食堂三楼,14.82,1.0,2025-09-26 08:09:00,4
S000136,2025-10-03,consumption,食堂三楼,8.85,3.0,2025-10-03 06:48:00,4
S000136,2025-10-06,access,宿舍楼,0.0,1.0,2025-10-06 17:10:00,0
S000136,2025-11-04,access,图书馆,0.0,1.0,2025-11-04 16:36:00,1
S000136,2025-11-04,access,宿舍楼,0.0,1.0,2025-11-04 17:44:00,1
S000137,2025-09-02,access,宿舍楼,0.0,1.0,2025-09-02 09:25:00,1
S000137,2025-09-09,access,宿舍楼,0.0,1.0,2025-09-09 17:11:00,1
S000137,2025-10-11,consumption,食堂一楼,20.58,3.0,2025-10-11 10:31:00,5
S000137,2025-10-17,access,图书馆,0.0,1.0,2025-10-17 09:20:00,4
S000137,2025-10-25,consumption,食堂二楼,9.63,2.0,2025-10-25 09:48:00,5
S000137,2025-10-27,consumption,校园超市,3.855,2.0,2025-10-27 19:12:00,0
S000137,2025-10-27,consumption,开水房,0.88,1.0,2025-10-27 18:25:00,0
S000137,2025-11-03,consumption,食堂三楼,24.76,2.0,2025-11-03 15:43:00,0
S000137,2025-11-15,consumption,开水房,4.81,1.0,2025-11-15 17:24:00,5
S000137,2025-11-28,consumption,食堂一楼,28.89,3.0,2025-11-28 11:04:00,4
S000138,2025-09-07,access,宿舍楼,0.0,1.0,2025-09-07 06:11:00,6
S000138,2025-09-19,access,图书馆,0.0,1.0,2025-09-19 09:16:00,4
S000138,2025-10-17,access,宿舍楼,0.0,1.0,2025-10-17 12:38:00,4
S000138,2025-10-19,consumption,食堂三楼,37.14,1.0,2025-10-19 15:39:00,6
S000138,2025-10-22,consumption,快递点,2.41,2.0,2025-10-22 14:48:00,2
S000138,2025-10-31,consumption,校园超市,16.86,1.5,2025-10-31 22:17:00,4
S000138,2025-11-02,consumption,开水房,4.74,1.0,2025-11-02 09:47:00,6
S000138,2025-11-03,access,图书馆,0.0,1.0,2025-11-03 12:42:00,0
S000138,2025-11-14,consumption,快递点,4.05,3.0,2025-11-14 18:22:00,4
S000138,2025-11-19,consumption,食堂一楼,8.12,3.0,2025-11-19 22:49:00,2
S000139,2025-09-05,consumption,开水房,4.37,2.0,2025-09-05 11:31:00,4
S000139,2025-09-08,consumption,校园超市,6.15,3.0,2025-09-08 18:39:00,0
S000139,2025-10-26,consumption,开水房,2.25,2.5,2025-10-26 21:42:00,6
S000139,2025-10-28,consumption,校园超市,37.21,2.0,2025-10-28 20:02:00,1
S000139,2025-11-03,consumption,食堂三楼,27.6,3.0,2025-11-03 16:51:00,0
S000139,2025-11-09,consumption,快递点,0.64,2.0,2025-11-09 09:24:00,6
S000139,2025-11-10,consumption,浴室,2.61,3.0,2025-11-10 11:32:00,0
S000139,2025-11-15,consumption,快递点,2.15,3.0,2025-11-15 06:48:00,5
S000139,2025-11-20,consumption,食堂一楼,29.06,2.0,2025-11-20 17:22:00,3
S000139,2025-11-26,consumption,食堂三楼,43.46,2.0,2025-11-26 07:01:00,2
S000140,2025-09-07,consumption,浴室,2.31,1.0,2025-09-07 08:45:00,6
S000140,2025-09-10,access,图书馆,0.0,1.0,2025-09-10 12:16:00,2
S000140,2025-09-11,access,图书馆,0.0,1.0,2025-09-11 21:19:00,3
S000140,2025-09-15,consumption,食堂一楼,19.93,3.0,2025-09-15 16:02:00,0
S000140,2025-10-23,consumption,开水房,1.6,1.0,2025-10-23 15:37:00,3
S000140,2025-10-24,consumption,开水房,2.61,1.0,2025-10-24 16:24:00,4
S000140,2025-10-29,consumption,校园超市,33.32,3.0,2025-10-29 22:57:00,2
S000140,2025-11-13,consumption,浴室,0.94,2.0,2025-11-13 09:44:00,3
S000140,2025-11-18,consumption,校园超市,23.23,1.0,2025-11-18 21:40:00,1
S000140,2025-11-26,consumption,校园超市,3.855,3.0,2025-11-26 16:10:00,2
S000141,2025-09-26,consumption,食堂三楼,37.16,3.0,2025-09-26 22:29:00,4
S000141,2025-09-26,consumption,食堂二楼,25.43,1.0,2025-09-26 10:47:00,4
S000141,2025-10-09,consumption,食堂三楼,22.465,2.0,2025-10-09 23:20:00,3
S000141,2025-11-07,consumption,食堂二楼,19.5,2.0,2025-11-07 08:41:00,4
S000141,2025-11-14,consumption,食堂三楼,27.77,2.0,2025-11-14 08:36:00,4
S000141,2025-11-21,consumption,浴室,4.34,2.0,2025-11-21 07:33:00,4
S000141,2025-11-24,access,宿舍楼,0.0,1.0,2025-11-24 14:59:00,0
S000141,2025-11-25,access,图书馆,0.0,1.0,2025-11-25 08:40:00,1
S000141,2025-11-27,access,宿舍楼,0.0,1.0,2025-11-27 19:20:00,3
S000141,2025-11-30,consumption,食堂二楼,15.99,3.0,2025-11-30 21:13:00,6
S000142,2025-09-09,consumption,快递点,2.36,1.0,2025-09-09 11:16:00,1
S000142,2025-09-11,consumption,食堂三楼,28.99,1.0,2025-09-11 19:57:00,3
S000142,2025-09-15,consumption,浴室,4.7,3.0,2025-09-15 22:16:00,0
S000142,2025-09-18,consumption,快递点,4.12,3.0,2025-09-18 23:11:00,3
S000142,2025-09-25,consumption,快递点,4.22,2.0,2025-09-25 21:35:00,3
S000142,2025-10-17,consumption,食堂一楼,41.21,2.0,2025-10-17 10:15:00,4
S000142,2025-10-26,consumption,食堂一楼,20.605,1.0,2025-10-26 11:17:00,6
S000142,2025-11-03,access,图书馆,0.0,1.0,2025-11-03 17:07:00,0
S000142,2025-11-22,access,宿舍楼,0.0,1.0,2025-11-22 06:03:00,5
S000142,2025-11-27,consumption,校园超市,13.71,1.0,2025-11-27 09:09:00,3
S000143,2025-10-01,access,宿舍楼,0.0,1.0,2025-10-01 06:58:00,2
S000143,2025-10-11,consumption,浴室,3.82,3.0,2025-10-11 13:59:00,5
S000143,2025-10-18,access,图书馆,1.91,1.0,2025-10-18 18:57:00,5
S000143,2025-10-21,access,宿舍楼,0.0,1.0,2025-10-21 15:05:00,1
S000143,2025-10-25,consumption,食堂一楼,19.01,1.0,2025-10-25 12:17:00,5
S000143,2025-10-27,consumption,快递点,3.15,2.0,2025-10-27 23:23:00,0
S000143,2025-10-31,consumption,食堂三楼,3.9799999999999995,1.0,2025-10-31 17:30:00,4
S000143,2025-11-10,consumption,开水房,4.81,2.0,2025-11-10 09:34:00,0
S000143,2025-11-17,consumption,开水房,3.48,1.0,2025-11-17 13:16:00,0
S000143,2025-11-29,access,宿舍楼,0.0,1.0,2025-11-29 23:27:00,5
S000144,2025-09-13,access,宿舍楼,0.0,1.0,2025-09-13 22:04:00,5
S000144,2025-09-21,consumption,开水房,4.86,3.0,2025-09-21 10:54:00,6
S000144,2025-09-26,consumption,食堂三楼,35.82,3.0,2025-09-26 08:07:00,4
S000144,2025-10-01,consumption,快递点,4.51,2.0,2025-10-01 16:56:00,2
S000144,2025-10-16,consumption,开水房,4.16,3.0,2025-10-16 16:29:00,3
S000144,2025-10-27,access,图书馆,9.120000000000001,1.0,2025-10-27 08:25:00,0
S000144,2025-11-02,consumption,校园超市,14.08,2.0,2025-11-02 19:56:00,6
S000144,2025-11-16,consumption,快递点,4.73,2.0,2025-11-16 21:55:00,6
S000144,2025-11-22,consumption,食堂一楼,15.04,2.0,2025-11-22 08:52:00,5
S000144,2025-11-28,consumption,食堂一楼,29.63,3.0,2025-11-28 11:40:00,4
S000145,2025-09-11,consumption,食堂二楼,15.47,2.0,2025-09-11 18:53:00,3
S000145,2025-09-12,access,图书馆,0.0,2.0,2025-09-12 12:44:00,4
S000145,2025-09-18,consumption,开水房,3.17,2.0,2025-09-18 15:12:00,3
S000145,2025-09-22,consumption,浴室,2.43,2.0,2025-09-22 10:05:00,0
S000145,2025-09-27,consumption,快递点,4.16,2.0,2025-09-27 15:47:00,5
S000145,2025-10-07,access,图书馆,0.0,1.0,2025-10-07 14:11:00,1
S000145,2025-10-18,consumption,浴室,1.03,3.0,2025-10-18 22:27:00,5
S000145,2025-10-29,access,宿舍楼,0.0,1.0,2025-10-29 09:14:00,2
S000145,2025-11-03,consumption,校园超市,59.41,1.0,2025-11-03 12:52:00,0
S000145,2025-11-13,consumption,食堂一楼,37.89,3.0,2025-11-13 13:58:00,3
S000146,2025-09-02,consumption,快递点,1.95,3.0,2025-09-02 18:43:00,1
S000146,2025-09-13,consumption,食堂一楼,62.7,2.0,2025-09-13 13:30:00,5
S000146,2025-09-28,access,宿舍楼,0.0,1.0,2025-09-28 14:04:00,6
S000146,2025-10-01,consumption,食堂二楼,30.17,2.0,2025-10-01 20:05:00,2
S000146,2025-10-11,access,宿舍楼,15.085,1.0,2025-10-11 10:16:00,5
S000146,2025-10-16,access,图书馆,0.0,1.0,2025-10-16 08:16:00,3
S000146,2025-10-23,access,图书馆,0.0,1.0,2025-10-23 12:16:00,3
S000146,2025-11-03,access,宿舍楼,0.0,1.0,2025-11-03 10:05:00,0
S000146,2025-11-04,consumption,食堂三楼,16.66,1.5,2025-11-04 17:08:00,1
S000146,2025-11-11,consumption,食堂二楼,13.17,2.0,2025-11-11 11:32:00,1
S000147,2025-09-07,consumption,食堂一楼,23.86,2.0,2025-09-07 14:10:00,6
S000147,2025-09-12,consumption,食堂三楼,13.97,1.0,2025-09-12 11:47:00,4
S000147,2025-09-15,consumption,食堂二楼,10.08,2.0,2025-09-15 14:47:00,0
S000147,2025-09-15,access,图书馆,0.0,1.0,2025-09-15 09:22:00,0
S000147,2025-10-04,consumption,校园超市,66.48,1.0,2025-10-04 16:47:00,5
S000147,2025-10-16,access,宿舍楼,33.24,1.0,2025-10-16 20:31:00,3
S000147,2025-10-17,access,宿舍楼,0.0,1.0,2025-10-17 14:39:00,4
S000147,2025-11-02,access,图书馆,0.0,1.0,2025-11-02 16:54:00,6
S000147,2025-11-24,consumption,校园超市,33.9,1.0,2025-11-24 12:09:00,0
S000147,2025-11-30,consumption,食堂一楼,28.22,2.0,2025-11-30 07:28:00,6
S000148,2025-09-07,access,宿舍楼,0.0,1.0,2025-09-07 16:51:00,6
S000148,2025-09-08,access,宿舍楼,0.0,1.0,2025-09-08 08:25:00,0
S000148,2025-09-10,consumption,校园超市,3.855,3.0,2025-09-10 09:56:00,2
S000148,2025-09-20,consumption,校园超市,22.27,3.0,2025-09-20 21:29:00,5
S000148,2025-10-13,consumption,开水房,4.92,1.0,2025-10-13 18:23:00,0
S000148,2025-11-05,access,图书馆,0.0,1.0,2025-11-05 17:00:00,2
S000148,2025-11-07,access,图书馆,0.0,1.0,2025-11-07 14:58:00,4
S000148,2025-11-15,access,图书馆,0.0,1.0,2025-11-15 21:20:00,5
S000148,2025-11-20,access,图书馆,0.0,1.0,2025-11-20 13:02:00,3
S000148,2025-11-23,consumption,校园超市,21.92,2.0,2025-11-23 10:13:00,6
S000149,2025-09-06,consumption,校园超市,3.855,3.0,2025-09-06 13:41:00,5
S000149,2025-09-27,consumption,快递点,2.31,3.0,2025-09-27 10:07:00,5
S000149,2025-10-03,consumption,快递点,4.39,1.0,2025-10-03 06:54:00,4
S000149,2025-10-05,consumption,校园超市,20.145,2.0,2025-10-05 19:51:00,6
S000149,2025-10-09,consumption,校园超市,35.9,3.0,2025-10-09 15:57:00,3
S000149,2025-10-18,consumption,校园超市,24.03,2.0,2025-10-18 18:30:00,5
S000149,2025-10-18,consumption,校园超市,29.29,3.0,2025-10-18 19:05:00,5
S000149,2025-11-22,consumption,食堂三楼,48.07,2.0,2025-11-22 19:05:00,5
S000149,2025-11-27,consumption,食堂三楼,31.2,3.0,2025-11-27 09:53:00,3
S000149,2025-11-27,access,宿舍楼,0.0,1.0,2025-11-27 22:40:00,3
S000150,2025-09-10,access,图书馆,0.0,1.0,2025-09-10 16:27:00,2
S000150,2025-09-24,access,图书馆,0.0,1.0,2025-09-24 09:26:00,2
S000150,2025-10-02,consumption,食堂三楼,19.0,3.0,2025-10-02 07:35:00,3
S000150,2025-10-04,consumption,快递点,4.15,1.0,2025-10-04 11:05:00,5
S000150,2025-10-21,consumption,食堂二楼,14.96,3.0,2025-10-21 21:29:00,1
S000150,2025-10-23,consumption,开水房,3.74,2.0,2025-10-23 17:16:00,3
S000150,2025-11-01,consumption,食堂二楼,54.41,3.0,2025-11-01 15:53:00,5
S000150,2025-11-14,consumption,浴室,0.57,3.0,2025-11-14 20:11:00,4
S000150,2025-11-17,consumption,开水房,0.98,3.0,2025-11-17 06:00:00,0
S000150,2025-11-30,consumption,浴室,3.76,3.0,2025-11-30 20:39:00,6
S000151,2025-09-03,consumption,食堂二楼,25.23,1.0,2025-09-03 12:30:00,2
S000151,2025-09-03,consumption,食堂二楼,52.71,3.0,2025-09-03 20:31:00,2
S000151,2025-09-12,consumption,校园超市,27.485,1.0,2025-09-12 21:27:00,4
S000151,2025-10-08,consumption,快递点,2.26,1.0,2025-10-08 06:06:00,2
S000151,2025-10-09,consumption,食堂二楼,23.04,1.0,2025-10-09 12:07:00,3
S000151,2025-10-31,consumption,校园超市,17.7,3.0,2025-10-31 13:12:00,4
S000151,2025-11-19,access,宿舍楼,0.0,1.0,2025-11-19 18:51:00,2
S000151,2025-11-20,access,宿舍楼,0.0,1.0,2025-11-20 19:54:00,3
S000151,2025-11-23,consumption,食堂二楼,42.4,2.0,2025-11-23 23:12:00,6
S000151,2025-11-28,consumption,开水房,4.85,3.0,2025-11-28 21:19:00,4
S000152,2025-09-08,consumption,校园超市,14.27,3.0,2025-09-08 16:35:00,0
S000152,2025-09-09,consumption,开水房,2.38,2.0,2025-09-09 09:31:00,1
S000152,2025-10-08,access,宿舍楼,0.0,1.0,2025-10-08 19:53:00,2
S000152,2025-10-15,consumption,浴室,1.88,3.0,2025-10-15 16:58:00,2
S000152,2025-10-22,consumption,浴室,3.76,3.0,2025-10-22 21:14:00,2
S000152,2025-10-26,consumption,食堂三楼,1.88,3.0,2025-10-26 12:30:00,6
S000152,2025-11-03,access,宿舍楼,0.0,1.0,2025-11-03 07:31:00,0
S000152,2025-11-17,access,宿舍楼,0.0,1.0,2025-11-17 10:56:00,0
S000152,2025-11-19,access,宿舍楼,0.0,1.0,2025-11-19 20:44:00,2
S000152,2025-11-26,consumption,食堂三楼,10.72,2.0,2025-11-26 11:39:00,2
S000153,2025-09-06,access,宿舍楼,0.0,1.0,2025-09-06 10:54:00,5
S000153,2025-09-09,consumption,食堂一楼,12.87,3.0,2025-09-09 13:07:00,1
S000153,2025-09-26,consumption,校园超市,38.8,1.0,2025-09-26 19:31:00,4
S000153,2025-09-27,consumption,开水房,0.89,2.0,2025-09-27 10:11:00,5
S000153,2025-10-04,consumption,食堂二楼,25.45,1.0,2025-10-04 22:02:00,5
S000153,2025-10-09,consumption,浴室,0.71,1.0,2025-10-09 17:56:00,3
S000153,2025-10-27,access,图书馆,0.0,1.5,2025-10-27 09:50:00,0
S000153,2025-11-11,consumption,食堂三楼,12.84,2.0,2025-11-11 17:49:00,1
S000153,2025-11-18,consumption,快递点,4.76,3.0,2025-11-18 07:32:00,1
S000153,2025-11-28,access,图书馆,0.0,1.0,2025-11-28 19:03:00,4
S000154,2025-09-01,consumption,快递点,2.63,2.0,2025-09-01 22:10:00,0
S000154,2025-09-05,consumption,开水房,1.18,3.0,2025-09-05 07:40:00,4
S000154,2025-09-11,consumption,开水房,3.9,2.0,2025-09-11 13:09:00,3
S000154,2025-09-14,consumption,食堂一楼,20.74,1.5,2025-09-14 17:10:00,6
S000154,2025-09-19,access,图书馆,0.0,1.0,2025-09-19 09:21:00,4
S000154,2025-10-08,access,宿舍楼,0.0,1.0,2025-10-08 09:09:00,2
S000154,2025-10-11,consumption,快递点,1.24,1.0,2025-10-11 18:48:00,5
S000154,2025-10-23,access,宿舍楼,0.0,1.0,2025-10-23 06:28:00,3
S000154,2025-11-07,consumption,食堂二楼,56.52,1.0,2025-11-07 19:26:00,4
S000154,2025-11-22,consumption,快递点,1.12,1.0,2025-11-22 20:26:00,5
S000155,2025-09-08,access,宿舍楼,0.0,1.0,2025-09-08 22:22:00,0
S000155,2025-10-04,consumption,快递点,1.87,2.0,2025-10-04 22:07:00,5
S000155,2025-10-09,consumption,浴室,2.01,3.0,2025-10-09 10:33:00,3
S000155,2025-10-15,consumption,食堂三楼,21.55,3.0,2025-10-15 10:44:00,2
S000155,2025-10-15,access,宿舍楼,0.0,1.0,2025-10-15 12:56:00,2
S000155,2025-10-22,consumption,食堂二楼,11.57,3.0,2025-10-22 20:44:00,2
S000155,2025-11-06,consumption,开水房,1.22,1.0,2025-11-06 23:37:00,3
S000155,2025-11-09,consumption,食堂一楼,21.7,3.0,2025-11-09 23:19:00,6
S000155,2025-11-24,access,宿舍楼,10.85,1.0,2025-11-24 19:25:00,0
S000155,2025-11-27,access,宿舍楼,0.0,1.0,2025-11-27 16:58:00,3
S000156,2025-09-01,consumption,食堂二楼,21.41,3.0,2025-09-01 23:54:00,0
S000156,2025-09-10,consumption,浴室,2.31,3.0,2025-09-10 22:49:00,2
S000156,2025-09-16,consumption,开水房,4.74,2.0,2025-09-16 15:36:00,1
S000156,2025-10-19,consumption,食堂二楼,23.88,1.5,2025-10-19 16:33:00,6
S000156,2025-10-21,access,宿舍楼,0.0,1.0,2025-10-21 19:28:00,1
S000156,2025-10-25,access,图书馆,0.0,1.0,2025-10-25 09:03:00,5
S000156,2025-10-25,access,宿舍楼,0.0,1.0,2025-10-25 12:28:00,5
S000156,2025-11-14,consumption,快递点,2.13,1.0,2025-11-14 10:45:00,4
S000156,2025-11-16,consumption,食堂三楼,6.37,2.0,2025-11-16 10:45:00,6
S000156,2025-11-28,access,宿舍楼,0.0,1.0,2025-11-28 19:52:00,4
S000157,2025-09-05,access,宿舍楼,0.0,1.0,2025-09-05 09:38:00,4
S000157,2025-09-21,consumption,食堂二楼,21.86,2.0,2025-09-21 20:08:00,6
S000157,2025-10-08,consumption,快递点,1.14,3.0,2025-10-08 19:03:00,2
S000157,2025-10-10,access,图书馆,0.0,1.0,2025-10-10 10:52:00,4
S000157,2025-10-23,consumption,食堂三楼,34.75,3.0,2025-10-23 15:02:00,3
S000157,2025-11-02,consumption,浴室,2.07,1.0,2025-11-02 19:30:00,6
S000157,2025-11-06,consumption,食堂三楼,61.84,2.0,2025-11-06 17:19:00,3
S000157,2025-11-13,consumption,校园超市,49.46,2.0,2025-11-13 18:30:00,3
S000157,2025-11-17,consumption,食堂二楼,21.45,3.0,2025-11-17 20:48:00,0
S000157,2025-11-30,consumption,浴室,1.03,1.0,2025-11-30 20:30:00,6
S000158,2025-09-07,access,图书馆,0.0,1.0,2025-09-07 20:30:00,6
S000158,2025-10-06,consumption,快递点,1.25,2.0,2025-10-06 15:35:00,0
S000158,2025-10-21,consumption,食堂一楼,25.27,3.0,2025-10-21 20:47:00,1
S000158,2025-10-28,consumption,食堂二楼,14.11,3.0,2025-10-28 16:05:00,1
S000158,2025-11-04,access,图书馆,0.0,1.0,2025-11-04 18:59:00,1
S000158,2025-11-08,consumption,食堂一楼,24.7,2.0,2025-11-08 12:15:00,5
S000158,2025-11-08,consumption,校园超市,3.855,3.0,2025-11-08 07:31:00,5
S000158,2025-11-19,consumption,校园超市,3.855,2.0,2025-11-19 13:57:00,2
S000158,2025-11-22,consumption,浴室,0.88,3.0,2025-11-22 23:36:00,5
S000158,2025-11-30,access,宿舍楼,0.0,1.0,2025-11-30 08:51:00,6
S000159,2025-09-03,consumption,食堂二楼,27.09,2.0,2025-09-03 06:55:00,2
S000159,2025-09-08,consumption,食堂一楼,24.13,2.0,2025-09-08 10:26:00,0
S000159,2025-09-09,consumption,校园超市,21.87,3.0,2025-09-09 13:58:00,1
S000159,2025-09-12,consumption,校园超市,12.97,3.0,2025-09-12 11:03:00,4
S000159,2025-09-15,consumption,食堂三楼,17.18,2.0,2025-09-15 23:26:00,0
S000159,2025-10-12,consumption,快递点,4.55,1.0,2025-10-12 12:15:00,6
S000159,2025-11-07,consumption,食堂三楼,22.82,1.0,2025-11-07 09:06:00,4
S000159,2025-11-09,consumption,食堂二楼,18.42,2.0,2025-11-09 14:49:00,6
S000159,2025-11-16,consumption,校园超市,13.0,3.0,2025-11-16 22:24:00,6
S000159,2025-11-18,access,图书馆,0.0,1.0,2025-11-18 08:45:00,1
S000160,2025-09-01,access,宿舍楼,0.0,1.0,2025-09-01 11:00:00,0
S000160,2025-09-03,consumption,浴室,3.54,1.0,2025-09-03 23:41:00,2
S000160,2025-09-08,access,宿舍楼,0.0,1.0,2025-09-08 14:38:00,0
S000160,2025-09-16,access,宿舍楼,0.0,1.0,2025-09-16 19:13:00,1
S000160,2025-09-17,consumption,校园超市,16.38,2.0,2025-09-17 08:54:00,2
S000160,2025-10-02,consumption,校园超市,66.9,3.0,2025-10-02 20:02:00,3
S000160,2025-10-03,access,宿舍楼,0.0,1.0,2025-10-03 17:53:00,4
S000160,2025-11-08,consumption,食堂三楼,6.52,1.0,2025-11-08 18:44:00,5
S000160,2025-11-20,consumption,快递点,2.8,1.0,2025-11-20 11:47:00,3
S000160,2025-11-21,consumption,快递点,4.86,2.0,2025-11-21 23:10:00,4
S000161,2025-09-02,consumption,校园超市,48.1,3.0,2025-09-02 21:48:00,1
S000161,2025-09-04,access,宿舍楼,0.0,1.0,2025-09-04 09:22:00,3
S000161,2025-09-25,consumption,食堂二楼,45.74,3.0,2025-09-25 06:48:00,3
S000161,2025-10-04,access,宿舍楼,0.0,1.0,2025-10-04 14:15:00,5
S000161,2025-10-19,access,宿舍楼,0.0,1.0,2025-10-19 18:11:00,6
S000161,2025-10-21,consumption,快递点,4.45,3.0,2025-10-21 08:34:00,1
S000161,2025-11-16,consumption,开水房,1.1,1.0,2025-11-16 21:00:00,6
S000161,2025-11-18,consumption,快递点,1.93,3.0,2025-11-18 16:40:00,1
S000161,2025-11-24,access,宿舍楼,0.0,1.0,2025-11-24 12:29:00,0
S000161,2025-11-29,access,图书馆,0.0,1.0,2025-11-29 15:23:00,5
S000162,2025-09-29,consumption,校园超市,3.82,2.0,2025-09-29 07:17:00,0
S000162,2025-10-06,consumption,开水房,2.11,1.0,2025-10-06 15:51:00,0
S000162,2025-11-03,access,图书馆,0.0,1.0,2025-11-03 08:12:00,0
S000162,2025-11-10,consumption,开水房,3.05,1.0,2025-11-10 11:04:00,0
S000162,2025-11-11,access,图书馆,0.0,1.0,2025-11-11 14:41:00,1
S000162,2025-11-12,access,宿舍楼,0.0,1.0,2025-11-12 12:54:00,2
S000162,2025-11-15,consumption,食堂一楼,20.67,1.0,2025-11-15 14:59:00,5
S000162,2025-11-21,consumption,快递点,1.75,3.0,2025-11-21 21:10:00,4
S000162,2025-11-26,consumption,开水房,3.55,3.0,2025-11-26 14:43:00,2
S000162,2025-11-26,access,图书馆,0.0,1.0,2025-11-26 21:20:00,2
S000163,2025-09-04,consumption,开水房,4.71,2.0,2025-09-04 13:06:00,3
S000163,2025-09-06,access,图书馆,0.0,1.0,2025-09-06 08:17:00,5
S000163,2025-10-01,access,宿舍楼,0.0,1.0,2025-10-01 09:40:00,2
S000163,2025-10-13,consumption,浴室,4.13,3.0,2025-10-13 13:44:00,0
S000163,2025-10-13,consumption,开水房,3.31,1.0,2025-10-13 21:27:00,0
S000163,2025-10-24,consumption,食堂三楼,12.14,1.0,2025-10-24 18:12:00,4
S000163,2025-10-25,access,图书馆,0.0,1.0,2025-10-25 11:10:00,5
S000163,2025-10-26,access,宿舍楼,0.0,1.0,2025-10-26 14:07:00,6
S000163,2025-10-31,consumption,食堂三楼,16.63,1.0,2025-10-31 16:33:00,4
S000163,2025-11-27,consumption,校园超市,14.92,2.0,2025-11-27 22:48:00,3
S000164,2025-09-07,consumption,校园超市,42.46,2.0,2025-09-07 09:39:00,6
S000164,2025-09-08,access,宿舍楼,0.0,1.0,2025-09-08 07:19:00,0
S000164,2025-09-09,consumption,快递点,1.37,3.0,2025-09-09 10:40:00,1
S000164,2025-10-11,access,图书馆,0.0,1.0,2025-10-11 20:08:00,5
S000164,2025-10-13,consumption,食堂一楼,35.19,1.0,2025-10-13 06:38:00,0
S000164,2025-10-20,consumption,校园超市,55.55,3.0,2025-10-20 09:21:00,0
S000164,2025-10-23,consumption,浴室,4.04,3.0,2025-10-23 06:29:00,3
S000164,2025-10-28,consumption,食堂一楼,14.08,1.0,2025-10-28 07:24:00,1
S000164,2025-11-18,consumption,食堂一楼,58.92,1.0,2025-11-18 07:35:00,1
S000164,2025-11-23,access,图书馆,0.0,1.0,2025-11-23 15:33:00,6
S000165,2025-09-19,consumption,食堂三楼,31.33,3.0,2025-09-19 16:18:00,4
S000165,2025-09-26,access,图书馆,0.0,1.0,2025-09-26 20:04:00,4
S000165,2025-10-02,consumption,食堂一楼,18.87,1.0,2025-10-02 10:19:00,3
S000165,2025-10-13,consumption,校园超市,35.53,1.0,2025-10-13 21:14:00,0
S000165,2025-10-14,consumption,校园超市,7.56,3.0,2025-10-14 20:38:00,1
S000165,2025-10-18,access,图书馆,0.0,1.0,2025-10-18 08:15:00,5
S000165,2025-11-04,access,图书馆,0.0,1.0,2025-11-04 14:22:00,1
S000165,2025-11-05,consumption,校园超市,8.14,2.0,2025-11-05 20:11:00,2
S000165,2025-11-14,consumption,开水房,3.89,2.0,2025-11-14 23:49:00,4
S000165,2025-11-28,consumption,浴室,3.05,2.0,2025-11-28 15:26:00,4
S000166,2025-09-01,consumption,开水房,3.855,3.0,2025-09-01 12:15:00,0
S000166,2025-09-18,consumption,快递点,4.48,2.0,2025-09-18 12:19:00,3
S000166,2025-09-25,consumption,快递点,2.12,1.0,2025-09-25 12:12:00,3
S000166,2025-10-04,access,图书馆,0.0,1.0,2025-10-04 21:43:00,5
S000166,2025-10-07,consumption,食堂三楼,35.0,3.0,2025-10-07 11:21:00,1
S000166,2025-10-16,consumption,食堂一楼,20.34,1.0,2025-10-16 15:28:00,3
S000166,2025-10-22,consumption,食堂一楼,21.75,2.0,2025-10-22 06:04:00,2
S000166,2025-10-29,consumption,快递点,2.18,1.0,2025-10-29 22:51:00,2
S000166,2025-11-01,access,宿舍楼,0.0,1.0,2025-11-01 18:13:00,5
S000166,2025-11-10,consumption,食堂二楼,30.63,1.0,2025-11-10 11:53:00,0
S000167,2025-09-06,access,图书馆,0.0,1.0,2025-09-06 21:34:00,5
S000167,2025-09-17,access,图书馆,0.0,1.0,2025-09-17 16:24:00,2
S000167,2025-10-08,access,宿舍楼,0.0,1.0,2025-10-08 13:03:00,2
S000167,2025-10-20,access,宿舍楼,0.0,1.0,2025-10-20 21:33:00,0
S000167,2025-10-30,consumption,开水房,2.18,3.0,2025-10-30 21:45:00,3
S000167,2025-10-31,access,图书馆,0.0,1.0,2025-10-31 10:32:00,4
S000167,2025-11-14,access,图书馆,0.0,1.0,2025-11-14 19:05:00,4
S000167,2025-11-19,access,图书馆,0.0,1.0,2025-11-19 09:09:00,2
S000167,2025-11-20,access,图书馆,0.0,1.0,2025-11-20 21:32:00,3
S000167,2025-11-28,consumption,浴室,2.43,3.0,2025-11-28 13:58:00,4
S000168,2025-09-04,consumption,食堂二楼,21.01,2.0,2025-09-04 08:22:00,3
S000168,2025-09-11,consumption,浴室,2.81,3.0,2025-09-11 08:50:00,3
S000168,2025-09-28,consumption,校园超市,15.05,3.0,2025-09-28 11:59:00,6
S000168,2025-09-29,access,宿舍楼,0.0,1.0,2025-09-29 13:25:00,0
S000168,2025-10-06,access,图书馆,0.0,1.0,2025-10-06 09:04:00,0
S000168,2025-10-18,consumption,食堂一楼,43.8,1.0,2025-10-18 08:18:00,5
S000168,2025-10-23,consumption,校园超市,32.28,2.0,2025-10-23 14:24:00,3
S000168,2025-10-27,consumption,食堂二楼,14.29,3.0,2025-10-27 07:29:00,0
S000168,2025-11-03,consumption,浴室,2.3,3.0,2025-11-03 07:13:00,0
S000168,2025-11-05,consumption,校园超市,32.88,2.0,2025-11-05 20:27:00,2
S000169,2025-09-11,consumption,食堂二楼,22.37,2.0,2025-09-11 19:13:00,3
S000169,2025-09-30,consumption,开水房,1.44,1.0,2025-09-30 22:37:00,1
S000169,2025-10-04,consumption,食堂三楼,38.94,2.0,2025-10-04 17:50:00,5
S000169,2025-10-13,consumption,开水房,4.17,3.0,2025-10-13 14:12:00,0
S000169,2025-10-17,consumption,食堂二楼,28.88,2.0,2025-10-17 12:43:00,4
S000169,2025-10-22,access,图书馆,0.0,1.5,2025-10-22 15:41:00,2
S000169,2025-10-27,consumption,浴室,0.64,1.0,2025-10-27 10:19:00,0
S000169,2025-11-05,access,图书馆,0.0,1.0,2025-11-05 21:25:00,2
S000169,2025-11-10,access,宿舍楼,0.0,1.0,2025-11-10 16:50:00,0
S000169,2025-11-30,consumption,食堂二楼,13.12,3.0,2025-11-30 23:58:00,6
S000170,2025-09-02,consumption,开水房,4.25,2.0,2025-09-02 13:26:00,1
S000170,2025-09-05,access,宿舍楼,0.0,1.0,2025-09-05 06:11:00,4
S000170,2025-09-25,consumption,食堂三楼,41.45,3.0,2025-09-25 20:40:00,3
S000170,2025-09-26,consumption,校园超市,6.51,2.0,2025-09-26 12:14:00,4
S000170,2025-09-27,access,图书馆,0.0,1.0,2025-09-27 16:24:00,5
S000170,2025-10-08,consumption,食堂一楼,11.26,2.0,2025-10-08 07:23:00,2
S000170,2025-10-09,consumption,食堂一楼,7.645,3.0,2025-10-09 23:11:00,3
S000170,2025-10-12,consumption,浴室,4.03,1.0,2025-10-12 10:21:00,6
S000170,2025-10-25,consumption,校园超市,13.22,3.0,2025-10-25 23:19:00,5
S000170,2025-11-12,consumption,浴室,4.61,3.0,2025-11-12 18:24:00,2
S000171,2025-09-15,consumption,校园超市,7.21,2.0,2025-09-15 08:24:00,0
S000171,2025-09-23,consumption,食堂二楼,23.37,3.0,2025-09-23 19:29:00,1
S000171,2025-09-26,consumption,开水房,2.57,1.0,2025-09-26 06:09:00,4
S000171,2025-09-27,consumption,食堂二楼,58.99,2.0,2025-09-27 19:52:00,5
S000171,2025-10-13,access,宿舍楼,0.0,1.0,2025-10-13 20:29:00,0
S000171,2025-10-28,consumption,校园超市,3.855,3.0,2025-10-28 13:33:00,1
S000171,2025-11-06,consumption,食堂三楼,33.22,2.0,2025-11-06 18:10:00,3
S000171,2025-11-13,consumption,食堂一楼,27.26,2.0,2025-11-13 20:22:00,3
S000171,2025-11-29,access,宿舍楼,0.0,1.0,2025-11-29 18:39:00,5
S000171,2025-11-30,consumption,食堂二楼,8.66,3.0,2025-11-30 15:37:00,6
S000172,2025-09-13,consumption,食堂一楼,18.68,1.0,2025-09-13 11:17:00,5
S000172,2025-09-14,consumption,快递点,1.97,2.0,2025-09-14 11:16:00,6
S000172,2025-09-27,consumption,校园超市,27.64,1.0,2025-09-27 08:40:00,5
S000172,2025-10-03,consumption,食堂二楼,42.59,2.0,2025-10-03 20:31:00,4
S000172,2025-10-20,access,图书馆,0.0,1.0,2025-10-20 19:36:00,0
S000172,2025-10-22,access,宿舍楼,0.0,1.0,2025-10-22 07:00:00,2
S000172,2025-10-30,consumption,浴室,3.46,3.0,2025-10-30 20:08:00,3
S000172,2025-11-03,consumption,快递点,2.99,2.0,2025-11-03 08:48:00,0
S000172,2025-11-20,consumption,开水房,4.62,3.0,2025-11-20 12:58:00,3
S000172,2025-11-28,consumption,校园超市,19.49,2.0,2025-11-28 16:47:00,4
S000173,2025-09-03,consumption,食堂二楼,25.97,2.0,2025-09-03 09:34:00,2
S000173,2025-10-02,consumption,食堂二楼,23.84,1.0,2025-10-02 08:01:00,3
S000173,2025-10-10,consumption,浴室,0.52,2.0,2025-10-10 12:59:00,4
S000173,2025-10-21,consumption,开水房,3.94,3.0,2025-10-21 14:09:00,1
S000173,2025-10-24,consumption,食堂一楼,28.61,2.0,2025-10-24 12:43:00,4
S000173,2025-10-27,consumption,食堂二楼,26.45,3.0,2025-10-27 07:57:00,0
S000173,2025-10-31,access,图书馆,0.0,1.0,2025-10-31 10:53:00,4
S000173,2025-11-21,access,图书馆,0.0,1.0,2025-11-21 14:44:00,4
S000173,2025-11-25,consumption,食堂一楼,10.43,3.0,2025-11-25 11:46:00,1
S000173,2025-11-26,consumption,校园超市,15.02,3.0,2025-11-26 07:53:00,2
S000174,2025-09-02,consumption,食堂三楼,26.72,1.0,2025-09-02 18:13:00,1
S000174,2025-09-09,access,宿舍楼,0.0,1.0,2025-09-09 15:49:00,1
S000174,2025-09-16,consumption,食堂一楼,35.57,2.0,2025-09-16 16:11:00,1
S000174,2025-09-22,consumption,浴室,0.98,2.0,2025-09-22 16:35:00,0
S000174,2025-10-29,consumption,开水房,4.17,3.0,2025-10-29 17:02:00,2
S000174,2025-11-12,consumption,食堂一楼,24.76,3.0,2025-11-12 16:40:00,2
S000174,2025-11-16,consumption,食堂一楼,22.38,3.0,2025-11-16 23:50:00,6
S000174,2025-11-20,consumption,食堂二楼,12.5,2.0,2025-11-20 18:27:00,3
S000174,2025-11-28,consumption,快递点,3.5,1.0,2025-11-28 16:01:00,4
S000174,2025-11-29,consumption,快递点,3.62,2.0,2025-11-29 11:40:00,5
S000175,2025-10-06,consumption,快递点,3.92,3.0,2025-10-06 19:41:00,0
S000175,2025-10-07,access,图书馆,0.0,1.0,2025-10-07 21:46:00,1
S000175,2025-10-13,consumption,食堂二楼,18.73,3.0,2025-10-13 07:58:00,0
S000175,2025-10-18,consumption,食堂二楼,9.365,1.0,2025-10-18 18:13:00,5
S000175,2025-10-25,access,图书馆,0.0,1.0,2025-10-25 08:08:00,5
S000175,2025-11-17,access,宿舍楼,0.0,1.0,2025-11-17 18:32:00,0
S000175,2025-11-18,access,图书馆,0.0,1.0,2025-11-18 12:15:00,1
S000175,2025-11-21,access,图书馆,0.0,1.0,2025-11-21 11:01:00,4
S000175,2025-11-22,consumption,开水房,3.19,2.0,2025-11-22 16:08:00,5
S000175,2025-11-25,access,图书馆,0.0,1.0,2025-11-25 17:55:00,1
S000176,2025-09-11,consumption,校园超市,9.18,2.0,2025-09-11 11:46:00,3
S000176,2025-09-17,consumption,浴室,2.97,1.0,2025-09-17 13:32:00,2
S000176,2025-09-26,consumption,食堂二楼,2.19,3.0,2025-09-26 13:19:00,4
S000176,2025-10-07,consumption,开水房,1.41,2.0,2025-10-07 08:23:00,1
S000176,2025-10-09,consumption,食堂二楼,31.07,2.0,2025-10-09 11:16:00,3
S000176,2025-10-19,consumption,食堂二楼,16.62,2.0,2025-10-19 06:04:00,6
S000176,2025-10-21,consumption,校园超市,5.14,2.0,2025-10-21 19:32:00,1
S000176,2025-11-01,consumption,校园超市,45.76,2.0,2025-11-01 08:48:00,5
S000176,2025-11-02,consumption,食堂二楼,27.06,1.0,2025-11-02 10:13:00,6
S000176,2025-11-18,access,图书馆,0.0,1.0,2025-11-18 21:50:00,1
S000177,2025-09-20,access,图书馆,0.0,1.0,2025-09-20 08:55:00,5
S000177,2025-10-10,consumption,浴室,0.82,1.0,2025-10-10 09:24:00,4
S000177,2025-10-17,consumption,开水房,0.63,3.0,2025-10-17 10:16:00,4
S000177,2025-10-19,consumption,校园超市,24.65,2.0,2025-10-19 18:35:00,6
S000177,2025-10-24,access,宿舍楼,0.0,1.0,2025-10-24 18:31:00,4
S000177,2025-10-25,access,图书馆,0.0,1.0,2025-10-25 15:02:00,5
S000177,2025-11-04,access,宿舍楼,0.0,1.0,2025-11-04 21:25:00,1
S000177,2025-11-12,consumption,快递点,2.46,2.0,2025-11-12 17:32:00,2
S000177,2025-11-17,consumption,食堂三楼,40.1,1.0,2025-11-17 21:12:00,0
S000177,2025-11-30,consumption,开水房,2.16,1.0,2025-11-30 18:59:00,6
S000178,2025-09-15,access,宿舍楼,0.0,1.0,2025-09-15 18:45:00,0
S000178,2025-09-22,access,图书馆,0.0,1.0,2025-09-22 09:04:00,0
S000178,2025-09-25,access,图书馆,0.0,1.0,2025-09-25 21:27:00,3
S000178,2025-09-27,access,宿舍楼,0.0,1.0,2025-09-27 15:00:00,5
S000178,2025-10-03,consumption,浴室,4.85,3.0,2025-10-03 18:37:00,4
S000178,2025-10-10,access,图书馆,0.0,1.0,2025-10-10 09:40:00,4
S000178,2025-11-13,access,宿舍楼,0.0,1.0,2025-11-13 10:17:00,3
S000178,2025-11-15,access,图书馆,0.0,1.0,2025-11-15 16:58:00,5
S000178,2025-11-17,consumption,开水房,1.16,1.0,2025-11-17 11:00:00,0
S000178,2025-11-29,consumption,校园超市,3.855,3.0,2025-11-29 15:46:00,5
S000179,2025-09-04,consumption,校园超市,3.855,2.0,2025-09-04 09:00:00,3
S000179,2025-09-08,consumption,食堂一楼,31.78,3.0,2025-09-08 07:06:00,0
S000179,2025-09-26,consumption,食堂二楼,12.94,1.0,2025-09-26 14:57:00,4
S000179,2025-09-28,consumption,食堂一楼,17.07,2.0,2025-09-28 22:48:00,6
S000179,2025-10-05,access,宿舍楼,0.0,1.0,2025-10-05 16:38:00,6
S000179,2025-10-08,consumption,食堂一楼,17.95,2.0,2025-10-08 08:21:00,2
S000179,2025-10-23,consumption,浴室,0.99,3.0,2025-10-23 11:05:00,3
S000179,2025-10-25,consumption,开水房,4.51,2.0,2025-10-25 13:23:00,5
S000179,2025-10-26,consumption,食堂三楼,40.74,1.0,2025-10-26 10:12:00,6
S000179,2025-11-02,consumption,食堂一楼,9.77,2.0,2025-11-02 12:11:00,6
S000180,2025-09-13,consumption,快递点,3.64,3.0,2025-09-13 10:01:00,5
S000180,2025-09-17,consumption,食堂一楼,26.93,2.0,2025-09-17 23:55:00,2
S000180,2025-09-25,consumption,开水房,4.81,2.0,2025-09-25 06:40:00,3
S000180,2025-10-08,consumption,开水房,1.14,3.0,2025-10-08 22:02:00,2
S000180,2025-10-17,access,宿舍楼,2.7750000000000004,1.0,2025-10-17 20:14:00,4
S000180,2025-10-28,consumption,开水房,4.41,3.0,2025-10-28 19:42:00,1
S000180,2025-10-31,access,图书馆,0.0,1.0,2025-10-31 19:24:00,4
S000180,2025-11-17,consumption,浴室,1.76,3.0,2025-11-17 13:23:00,0
S000180,2025-11-17,consumption,开水房,3.26,1.0,2025-11-17 17:27:00,0
S000180,2025-11-25,consumption,浴室,3.26,2.0,2025-11-25 16:51:00,1
S000181,2025-10-03,consumption,开水房,1.05,1.0,2025-10-03 23:40:00,4
S000181,2025-10-04,consumption,食堂一楼,12.14,1.0,2025-10-04 08:21:00,5
S000181,2025-10-12,access,宿舍楼,0.0,1.0,2025-10-12 13:46:00,6
S000181,2025-10-14,consumption,开水房,3.84,3.0,2025-10-14 18:41:00,1
S000181,2025-10-26,access,图书馆,0.0,1.0,2025-10-26 10:59:00,6
S000181,2025-10-30,consumption,校园超市,10.98,1.0,2025-10-30 21:42:00,3
S000181,2025-11-02,consumption,开水房,2.0,1.0,2025-11-02 08:41:00,6
S000181,2025-11-09,consumption,食堂二楼,18.07,1.0,2025-11-09 08:06:00,6
S000181,2025-11-15,access,图书馆,0.0,1.0,2025-11-15 17:23:00,5
S000181,2025-11-22,access,宿舍楼,0.0,1.0,2025-11-22 13:14:00,5
S000182,2025-09-07,access,图书馆,0.0,1.0,2025-09-07 21:31:00,6
S000182,2025-09-08,consumption,食堂二楼,15.46,2.0,2025-09-08 19:20:00,0
S000182,2025-09-17,access,宿舍楼,0.0,1.5,2025-09-17 06:19:00,2
S000182,2025-09-27,access,图书馆,2.425,1.0,2025-09-27 19:47:00,5
S000182,2025-09-28,consumption,开水房,4.85,1.0,2025-09-28 16:09:00,6
S000182,2025-10-11,consumption,开水房,1.06,3.0,2025-10-11 21:40:00,5
S000182,2025-10-17,access,图书馆,0.0,1.0,2025-10-17 16:42:00,4
S000182,2025-10-29,consumption,快递点,4.74,1.0,2025-10-29 21:43:00,2
S000182,2025-10-29,consumption,食堂三楼,15.06,1.0,2025-10-29 07:38:00,2
S000182,2025-11-17,consumption,食堂一楼,12.48,2.0,2025-11-17 06:34:00,0
S000183,2025-09-10,consumption,食堂三楼,41.55,2.0,2025-09-10 12:44:00,2
S000183,2025-09-26,access,图书馆,0.0,1.0,2025-09-26 13:46:00,4
S000183,2025-10-21,consumption,快递点,3.47,1.0,2025-10-21 06:35:00,1
S000183,2025-10-21,consumption,开水房,2.63,2.0,2025-10-21 18:25:00,1
S000183,2025-10-31,consumption,食堂一楼,31.4,1.0,2025-10-31 22:41:00,4
S000183,2025-11-01,consumption,食堂二楼,3.855,1.0,2025-11-01 12:51:00,5
S000183,2025-11-10,consumption,食堂二楼,48.22,2.0,2025-11-10 07:54:00,0
S000183,2025-11-13,consumption,快递点,4.95,1.0,2025-11-13 18:27:00,3
S000183,2025-11-26,access,图书馆,0.0,1.0,2025-11-26 09:22:00,2
S000183,2025-11-30,consumption,开水房,1.24,1.0,2025-11-30 20:44:00,6
S000184,2025-09-05,consumption,校园超市,10.11,2.0,2025-09-05 15:44:00,4
S000184,2025-09-13,access,图书馆,0.0,1.0,2025-09-13 14:30:00,5
S000184,2025-09-16,consumption,开水房,4.59,1.0,2025-09-16 06:37:00,1
S000184,2025-10-12,consumption,快递点,4.08,1.0,2025-10-12 18:52:00,6
S000184,2025-10-14,consumption,食堂二楼,26.91,3.0,2025-10-14 18:15:00,1
S000184,2025-10-30,access,宿舍楼,0.0,1.0,2025-10-30 14:40:00,3
S000184,2025-11-13,access,宿舍楼,0.0,1.0,2025-11-13 14:44:00,3
S000184,2025-11-16,access,宿舍楼,0.0,1.0,2025-11-16 08:49:00,6
S000184,2025-11-22,access,宿舍楼,0.0,1.0,2025-11-22 10:06:00,5
S000184,2025-11-23,consumption,食堂一楼,34.82,1.0,2025-11-23 09:05:00,6
S000185,2025-09-18,consumption,开水房,1.91,2.0,2025-09-18 23:32:00,3
S000185,2025-09-21,consumption,食堂三楼,3.855,1.0,2025-09-21 08:07:00,6
S000185,2025-09-27,access,图书馆,0.0,1.0,2025-09-27 10:55:00,5
S000185,2025-09-27,consumption,开水房,4.19,1.0,2025-09-27 07:12:00,5
S000185,2025-10-09,consumption,浴室,4.57,2.0,2025-10-09 23:28:00,3
S000185,2025-10-11,consumption,食堂二楼,26.08,3.0,2025-10-11 12:41:00,5
S000185,2025-11-04,consumption,浴室,1.27,3.0,2025-11-04 06:15:00,1
S000185,2025-11-06,access,图书馆,0.0,1.0,2025-11-06 20:48:00,3
S000185,2025-11-16,consumption,食堂一楼,18.4,3.0,2025-11-16 20:51:00,6
S000185,2025-11-29,consumption,浴室,4.18,3.0,2025-11-29 21:04:00,5
S000186,2025-09-04,access,图书馆,0.0,1.0,2025-09-04 09:17:00,3
S000186,2025-09-12,consumption,食堂三楼,17.93,2.0,2025-09-12 10:55:00,4
S000186,2025-09-16,consumption,开水房,2.97,1.0,2025-09-16 16:40:00,1
S000186,2025-09-19,consumption,快递点,1.47,1.0,2025-09-19 23:13:00,4
S000186,2025-09-19,consumption,食堂一楼,24.11,1.5,2025-09-19 14:40:00,4
S000186,2025-09-21,consumption,食堂二楼,59.47,2.0,2025-09-21 19:24:00,6
S000186,2025-10-29,consumption,食堂三楼,17.26,3.0,2025-10-29 19:44:00,2
S000186,2025-11-10,consumption,校园超市,50.37,3.0,2025-11-10 11:25:00,0
S000186,2025-11-15,consumption,食堂二楼,23.38,3.0,2025-11-15 19:04:00,5
S000186,2025-11-29,consumption,开水房,2.17,3.0,2025-11-29 22:38:00,5
S000187,2025-09-07,consumption,快递点,2.25,2.0,2025-09-07 23:35:00,6
S000187,2025-09-14,access,图书馆,0.0,1.0,2025-09-14 10:33:00,6
S000187,2025-09-17,consumption,开水房,2.81,1.0,2025-09-17 10:09:00,2
S000187,2025-09-29,consumption,食堂一楼,60.72,2.0,2025-09-29 13:24:00,0
S000187,2025-10-02,consumption,校园超市,12.81,3.0,2025-10-02 20:11:00,3
S000187,2025-10-10,consumption,快递点,2.7,3.0,2025-10-10 17:44:00,4
S000187,2025-10-19,consumption,食堂三楼,1.35,1.0,2025-10-19 17:45:00,6
S000187,2025-10-27,access,宿舍楼,0.0,1.0,2025-10-27 22:18:00,0
S000187,2025-11-13,access,宿舍楼,0.0,1.0,2025-11-13 09:57:00,3
S000187,2025-11-16,access,宿舍楼,0.0,1.0,2025-11-16 21:37:00,6
S000188,2025-09-02,consumption,快递点,3.86,3.0,2025-09-02 19:44:00,1
S000188,2025-09-12,access,宿舍楼,0.0,1.0,2025-09-12 16:54:00,4
S000188,2025-09-12,consumption,食堂一楼,33.66,3.0,2025-09-12 13:05:00,4
S000188,2025-09-22,consumption,食堂一楼,39.9,3.0,2025-09-22 15:35:00,0
S000188,2025-10-06,access,图书馆,0.0,1.0,2025-10-06 12:40:00,0
S000188,2025-11-03,access,图书馆,0.0,1.0,2025-11-03 14:43:00,0
S000188,2025-11-05,access,图书馆,0.0,1.0,2025-11-05 15:31:00,2
S000188,2025-11-05,consumption,开水房,4.5,3.0,2025-11-05 09:25:00,2
S000188,2025-11-07,consumption,食堂一楼,33.48,3.0,2025-11-07 20:10:00,4
S000188,2025-11-08,access,图书馆,0.0,1.0,2025-11-08 19:42:00,5
S000189,2025-09-02,consumption,校园超市,18.92,1.0,2025-09-02 08:33:00,1
S000189,2025-10-10,access,图书馆,0.0,1.0,2025-10-10 15:57:00,4
S000189,2025-10-15,access,图书馆,0.0,1.0,2025-10-15 14:22:00,2
S000189,2025-10-17,access,宿舍楼,0.0,1.0,2025-10-17 07:27:00,4
S000189,2025-11-01,consumption,食堂二楼,17.05,1.0,2025-11-01 18:13:00,5
S000189,2025-11-03,consumption,食堂三楼,11.19,1.0,2025-11-03 16:58:00,0
S000189,2025-11-18,consumption,食堂三楼,5.595,2.0,2025-11-18 09:00:00,1
S000189,2025-11-19,access,图书馆,0.0,1.0,2025-11-19 13:00:00,2
S000189,2025-11-26,access,图书馆,0.0,1.0,2025-11-26 10:04:00,2
S000189,2025-11-26,consumption,浴室,4.33,1.0,2025-11-26 15:19:00,2
S000190,2025-09-18,consumption,校园超市,6.9,1.0,2025-09-18 17:56:00,3
S000190,2025-09-26,access,宿舍楼,0.0,1.0,2025-09-26 09:26:00,4
S000190,2025-10-05,consumption,校园超市,23.15,3.0,2025-10-05 20:10:00,6
S000190,2025-10-18,consumption,校园超市,33.0,1.0,2025-10-18 23:51:00,5
S000190,2025-10-21,consumption,食堂三楼,33.29,1.0,2025-10-21 11:42:00,1
S000190,2025-10-22,consumption,开水房,4.29,2.0,2025-10-22 10:07:00,2
S000190,2025-11-02,consumption,快递点,3.45,1.0,2025-11-02 21:25:00,6
S000190,2025-11-02,consumption,快递点,3.57,1.0,2025-11-02 16:48:00,6
S000190,2025-11-05,access,宿舍楼,0.0,1.0,2025-11-05 09:58:00,2
S000190,2025-11-30,consumption,食堂二楼,29.67,2.0,2025-11-30 07:08:00,6
S000191,2025-09-14,access,图书馆,0.0,1.0,2025-09-14 10:22:00,6
S000191,2025-09-14,access,图书馆,23.845,1.0,2025-09-14 11:54:00,6
S000191,2025-10-02,consumption,校园超市,47.69,2.0,2025-10-02 21:45:00,3
S000191,2025-10-07,consumption,快递点,39.275,3.0,2025-10-07 10:46:00,1
S000191,2025-10-22,consumption,食堂二楼,30.86,1.0,2025-10-22 19:01:00,2
S000191,2025-11-04,consumption,开水房,1.56,3.0,2025-11-04 16:27:00,1
S000191,2025-11-05,consumption,食堂三楼,32.46,1.0,2025-11-05 14:44:00,2
S000191,2025-11-15,consumption,食堂二楼,37.22,1.0,2025-11-15 09:08:00,5
S000191,2025-11-16,access,宿舍楼,0.0,1.0,2025-11-16 21:18:00,6
S000191,2025-11-18,consumption,快递点,0.73,2.0,2025-11-18 22:19:00,1
S000192,2025-09-07,consumption,食堂三楼,27.22,1.0,2025-09-07 15:30:00,6
S000192,2025-09-15,consumption,食堂三楼,30.41,2.0,2025-09-15 19:15:00,0
S000192,2025-09-15,consumption,食堂一楼,28.1,3.0,2025-09-15 23:49:00,0
S000192,2025-09-17,consumption,开水房,4.15,3.0,2025-09-17 22:38:00,2
S000192,2025-10-03,access,宿舍楼,0.0,1.0,2025-10-03 16:19:00,4
S000192,2025-10-06,access,图书馆,0.0,1.0,2025-10-06 14:11:00,0
S000192,2025-10-11,access,图书馆,0.0,1.0,2025-10-11 08:00:00,5
S000192,2025-10-18,consumption,食堂三楼,12.96,1.0,2025-10-18 18:05:00,5
S000192,2025-11-01,consumption,校园超市,5.32,3.0,2025-11-01 07:19:00,5
S000192,2025-11-29,consumption,食堂二楼,23.69,1.0,2025-11-29 16:27:00,5
S000193,2025-09-14,consumption,开水房,3.21,1.0,2025-09-14 12:12:00,6
S000193,2025-09-17,consumption,浴室,13.629999999999999,1.5,2025-09-17 12:47:00,2
S000193,2025-09-20,consumption,食堂二楼,24.05,2.0,2025-09-20 23:45:00,5
S000193,2025-10-03,access,宿舍楼,0.0,1.0,2025-10-03 17:28:00,4
S000193,2025-10-14,consumption,校园超市,46.64,1.0,2025-10-14 23:46:00,1
S000193,2025-10-21,consumption,浴室,4.42,1.0,2025-10-21 11:28:00,1
S000193,2025-10-24,consumption,浴室,4.06,1.0,2025-10-24 14:44:00,4
S000193,2025-11-05,consumption,快递点,2.26,3.0,2025-11-05 14:13:00,2
S000193,2025-11-20,access,宿舍楼,0.0,1.0,2025-11-20 08:30:00,3
S000193,2025-11-30,consumption,食堂一楼,14.29,1.0,2025-11-30 23:39:00,6
S000194,2025-09-01,consumption,开水房,3.22,2.0,2025-09-01 16:05:00,0
S000194,2025-09-07,consumption,食堂二楼,24.9,1.0,2025-09-07 23:07:00,6
S000194,2025-09-19,access,宿舍楼,0.0,1.0,2025-09-19 10:17:00,4
S000194,2025-09-24,consumption,浴室,1.48,3.0,2025-09-24 06:56:00,2
S000194,2025-09-29,consumption,食堂三楼,34.49,3.0,2025-09-29 09:10:00,0
S000194,2025-09-29,consumption,食堂二楼,24.88,2.0,2025-09-29 07:40:00,0
S000194,2025-10-16,consumption,食堂三楼,18.95,1.0,2025-10-16 14:01:00,3
S000194,2025-11-05,consumption,开水房,3.74,2.0,2025-11-05 15:54:00,2
S000194,2025-11-18,consumption,食堂一楼,39.22,3.0,2025-11-18 06:52:00,1
S000194,2025-11-30,access,宿舍楼,0.0,1.0,2025-11-30 10:26:00,6
S000195,2025-09-03,consumption,食堂二楼,19.74,2.0,2025-09-03 12:04:00,2
S000195,2025-09-19,consumption,食堂二楼,21.02,2.0,2025-09-19 18:06:00,4
S000195,2025-10-20,consumption,快递点,0.56,3.0,2025-10-20 07:08:00,0
S000195,2025-10-27,consumption,食堂三楼,25.74,2.0,2025-10-27 18:09:00,0
S000195,2025-10-28,consumption,开水房,2.45,1.0,2025-10-28 21:05:00,1
S000195,2025-11-02,access,图书馆,0.0,1.0,2025-11-02 18:18:00,6
S000195,2025-11-03,consumption,食堂二楼,19.47,1.0,2025-11-03 12:36:00,0
S000195,2025-11-07,consumption,快递点,4.14,3.0,2025-11-07 09:24:00,4
S000195,2025-11-08,consumption,快递点,4.0,3.0,2025-11-08 09:46:00,5
S000195,2025-11-28,consumption,开水房,1.66,3.0,2025-11-28 23:13:00,4
S000196,2025-09-22,access,图书馆,0.0,1.0,2025-09-22 09:18:00,0
S000196,2025-09-29,consumption,校园超市,9.82,2.0,2025-09-29 10:22:00,0
S000196,2025-10-02,access,宿舍楼,0.0,1.0,2025-10-02 10:40:00,3
S000196,2025-10-05,consumption,食堂一楼,45.96,1.0,2025-10-05 07:06:00,6
S000196,2025-10-13,consumption,食堂二楼,19.31,1.0,2025-10-13 23:44:00,0
S000196,2025-10-14,access,图书馆,0.0,1.0,2025-10-14 11:08:00,1
S000196,2025-11-01,access,宿舍楼,0.0,1.0,2025-11-01 11:19:00,5
S000196,2025-11-09,consumption,浴室,4.49,2.0,2025-11-09 10:00:00,6
S000196,2025-11-16,consumption,食堂一楼,27.41,1.0,2025-11-16 23:47:00,6
S000196,2025-11-23,consumption,开水房,2.23,3.0,2025-11-23 09:31:00,6
S000197,2025-09-01,access,图书馆,0.0,1.0,2025-09-01 20:41:00,0
S000197,2025-09-09,consumption,校园超市,45.85,3.0,2025-09-09 14:09:00,1
S000197,2025-09-11,access,图书馆,0.0,1.0,2025-09-11 10:27:00,3
S000197,2025-09-12,consumption,食堂二楼,11.67,1.0,2025-09-12 18:22:00,4
S000197,2025-09-19,consumption,校园超市,23.51,2.0,2025-09-19 21:52:00,4
S000197,2025-10-11,consumption,校园超市,24.87,3.0,2025-10-11 19:38:00,5
S000197,2025-10-16,consumption,食堂三楼,22.34,1.0,2025-10-16 17:59:00,3
S000197,2025-11-03,consumption,食堂三楼,50.58,3.0,2025-11-03 08:50:00,0
S000197,2025-11-07,consumption,食堂二楼,19.69,3.0,2025-11-07 19:09:00,4
S000197,2025-11-25,consumption,浴室,19.69,2.0,2025-11-25 09:17:00,1
S000198,2025-09-04,consumption,校园超市,3.855,2.0,2025-09-04 07:44:00,3
S000198,2025-09-11,consumption,校园超市,40.92,3.0,2025-09-11 13:44:00,3
S000198,2025-09-12,consumption,食堂一楼,25.56,1.0,2025-09-12 06:23:00,4
S000198,2025-09-14,consumption,食堂一楼,3.855,2.0,2025-09-14 11:01:00,6
S000198,2025-09-19,access,宿舍楼,0.0,1.0,2025-09-19 13:13:00,4
S000198,2025-09-29,consumption,食堂二楼,18.94,1.0,2025-09-29 10:24:00,0
S000198,2025-10-15,consumption,快递点,4.4,1.0,2025-10-15 15:29:00,2
S000198,2025-11-10,consumption,浴室,2.72,3.0,2025-11-10 13:24:00,0
S000198,2025-11-11,consumption,食堂二楼,41.79,1.0,2025-11-11 07:58:00,1
S000198,2025-11-21,consumption,快递点,4.75,1.0,2025-11-21 18:26:00,4
S000199,2025-09-02,consumption,校园超市,64.25,3.0,2025-09-02 20:35:00,1
S000199,2025-09-15,consumption,开水房,0.64,1.0,2025-09-15 22:10:00,0
S000199,2025-09-19,consumption,食堂一楼,20.46,1.0,2025-09-19 08:00:00,4
S000199,2025-09-21,consumption,食堂一楼,54.04,3.0,2025-09-21 18:08:00,6
S000199,2025-09-24,consumption,食堂二楼,19.63,3.0,2025-09-24 22:44:00,2
S000199,2025-09-28,consumption,食堂一楼,18.89,1.0,2025-09-28 18:11:00,6
S000199,2025-10-04,access,宿舍楼,0.0,1.0,2025-10-04 13:27:00,5
S000199,2025-10-09,consumption,开水房,2.02,3.0,2025-10-09 06:18:00,3
S000199,2025-11-11,consumption,食堂一楼,19.88,3.0,2025-11-11 20:30:00,1
S000199,2025-11-12,access,宿舍楼,0.0,3.0,2025-11-12 10:48:00,2
S000200,2025-09-07,consumption,食堂三楼,16.71,1.0,2025-09-07 17:48:00,6
S000200,2025-09-10,consumption,快递点,4.31,1.0,2025-09-10 13:18:00,2
S000200,2025-09-13,consumption,开水房,2.77,3.0,2025-09-13 10:01:00,5
S000200,2025-09-21,consumption,食堂一楼,15.5,1.0,2025-09-21 06:48:00,6
S000200,2025-10-05,consumption,浴室,3.04,3.0,2025-10-05 21:02:00,6
S000200,2025-10-07,access,图书馆,0.0,1.0,2025-10-07 13:48:00,1
S000200,2025-10-10,consumption,食堂二楼,14.85,3.0,2025-10-10 07:15:00,4
S000200,2025-10-11,consumption,校园超市,16.03,2.0,2025-10-11 11:03:00,5
S000200,2025-10-18,consumption,食堂二楼,12.53,2.0,2025-10-18 09:06:00,5
S000200,2025-10-21,access,图书馆,0.0,1.0,2025-10-21 19:43:00,1
S000201,2025-09-17,consumption,食堂三楼,27.58,1.0,2025-09-17 19:02:00,2
S000201,2025-09-21,consumption,校园超市,19.54,1.0,2025-09-21 08:45:00,6
S000201,2025-09-21,access,宿舍楼,0.0,1.0,2025-09-21 20:50:00,6
S000201,2025-09-30,access,图书馆,0.0,1.0,2025-09-30 20:45:00,1
S000201,2025-10-10,consumption,快递点,4.02,1.0,2025-10-10 21:06:00,4
S000201,2025-10-29,consumption,食堂三楼,40.13,1.0,2025-10-29 08:17:00,2
S000201,2025-11-12,consumption,校园超市,9.04,1.0,2025-11-12 06:09:00,2
S000201,2025-11-13,consumption,食堂一楼,22.04,1.0,2025-11-13 11:45:00,3
S000201,2025-11-15,access,宿舍楼,0.0,1.0,2025-11-15 07:18:00,5
S000201,2025-11-27,consumption,食堂二楼,53.26,3.0,2025-11-27 08:09:00,3
S000202,2025-09-10,consumption,快递点,3.855,1.0,2025-09-10 17:29:00,2
S000202,2025-09-14,consumption,食堂二楼,13.99,3.0,2025-09-14 18:54:00,6
S000202,2025-09-14,access,宿舍楼,0.0,1.0,2025-09-14 19:12:00,6
S000202,2025-09-18,access,宿舍楼,0.0,1.0,2025-09-18 07:23:00,3
S000202,2025-10-07,consumption,快递点,3.29,3.0,2025-10-07 10:28:00,1
S000202,2025-10-17,consumption,浴室,4.78,2.0,2025-10-17 08:43:00,4
S000202,2025-10-23,consumption,食堂三楼,34.38,3.0,2025-10-23 07:39:00,3
S000202,2025-10-29,consumption,校园超市,19.31,2.0,2025-10-29 20:41:00,2
S000202,2025-10-30,consumption,快递点,10.455,1.0,2025-10-30 11:46:00,3
S000202,2025-11-22,consumption,快递点,1.6,3.0,2025-11-22 06:09:00,5
S000203,2025-09-03,access,宿舍楼,0.0,1.0,2025-09-03 14:16:00,2
S000203,2025-09-05,consumption,校园超市,22.95,1.0,2025-09-05 12:20:00,4
S000203,2025-09-11,consumption,开水房,2.53,2.0,2025-09-11 22:13:00,3
S000203,2025-09-12,access,宿舍楼,0.0,1.0,2025-09-12 16:48:00,4
S000203,2025-10-22,consumption,食堂三楼,29.7,2.0,2025-10-22 21:13:00,2
S000203,2025-10-26,access,图书馆,0.0,1.0,2025-10-26 08:13:00,6
S000203,2025-11-12,consumption,浴室,3.98,1.0,2025-11-12 17:50:00,2
S000203,2025-11-21,consumption,食堂二楼,31.38,1.0,2025-11-21 14:25:00,4
S000203,2025-11-25,access,图书馆,0.0,1.0,2025-11-25 21:03:00,1
S000203,2025-11-29,access,图书馆,0.0,1.0,2025-11-29 12:29:00,5
S000204,2025-09-17,consumption,开水房,4.86,1.0,2025-09-17 07:13:00,2
S000204,2025-09-20,access,图书馆,0.0,1.0,2025-09-20 15:55:00,5
S000204,2025-09-25,consumption,浴室,3.98,3.0,2025-09-25 18:13:00,3
S000204,2025-10-09,consumption,食堂三楼,28.35,2.0,2025-10-09 21:30:00,3
S000204,2025-10-11,consumption,开水房,2.33,3.0,2025-10-11 06:28:00,5
S000204,2025-10-15,consumption,食堂二楼,18.81,3.0,2025-10-15 06:23:00,2
S000204,2025-10-17,consumption,食堂三楼,17.97,3.0,2025-10-17 09:44:00,4
S000204,2025-11-08,consumption,食堂二楼,3.855,3.0,2025-11-08 19:22:00,5
S000204,2025-11-25,consumption,食堂二楼,17.83,2.0,2025-11-25 16:00:00,1
S000204,2025-11-28,consumption,快递点,0.54,3.0,2025-11-28 12:04:00,4
S000205,2025-09-14,consumption,食堂一楼,49.91,3.0,2025-09-14 19:06:00,6
S000205,2025-09-23,consumption,食堂二楼,44.46,3.0,2025-09-23 19:24:00,1
S000205,2025-10-07,access,宿舍楼,0.0,1.0,2025-10-07 15:44:00,1
S000205,2025-10-13,consumption,食堂二楼,17.84,2.0,2025-10-13 19:23:00,0
S000205,2025-10-16,access,宿舍楼,0.0,1.0,2025-10-16 22:48:00,3
S000205,2025-10-24,consumption,快递点,2.55,2.0,2025-10-24 09:12:00,4
S000205,2025-11-03,consumption,校园超市,12.88,2.0,2025-11-03 19:22:00,0
S000205,2025-11-03,access,图书馆,0.0,2.5,2025-11-03 18:28:00,0
S000205,2025-11-04,consumption,食堂一楼,18.44,3.0,2025-11-04 15:54:00,1
S000205,2025-11-19,access,图书馆,0.0,1.0,2025-11-19 09:51:00,2
S000206,2025-09-04,consumption,食堂三楼,18.61,3.0,2025-09-04 16:21:00,3
S000206,2025-09-22,access,宿舍楼,0.0,1.0,2025-09-22 13:35:00,0
S000206,2025-09-29,consumption,食堂三楼,16.18,3.0,2025-09-29 14:19:00,0
S000206,2025-10-21,consumption,开水房,2.27,1.0,2025-10-21 19:08:00,1
S000206,2025-10-24,consumption,食堂一楼,31.05,2.0,2025-10-24 07:00:00,4
S000206,2025-10-26,consumption,开水房,4.11,3.0,2025-10-26 09:40:00,6
S000206,2025-10-31,access,宿舍楼,0.0,1.0,2025-10-31 20:26:00,4
S000206,2025-11-13,access,宿舍楼,0.0,1.0,2025-11-13 23:10:00,3
S000206,2025-11-21,consumption,开水房,1.28,2.0,2025-11-21 22:10:00,4
S000206,2025-11-22,access,宿舍楼,0.0,1.0,2025-11-22 06:23:00,5
S000207,2025-09-07,consumption,食堂二楼,11.5,3.0,2025-09-07 06:40:00,6
S000207,2025-09-17,access,宿舍楼,0.0,1.0,2025-09-17 11:15:00,2
S000207,2025-09-24,consumption,校园超市,3.855,2.0,2025-09-24 12:25:00,2
S000207,2025-10-02,access,宿舍楼,0.0,1.0,2025-10-02 14:42:00,3
S000207,2025-10-12,consumption,食堂一楼,33.67,1.0,2025-10-12 19:00:00,6
S000207,2025-11-14,access,图书馆,0.0,1.0,2025-11-14 15:59:00,4
S000207,2025-11-16,consumption,食堂二楼,53.18,1.0,2025-11-16 14:57:00,6
S000207,2025-11-20,access,图书馆,0.0,1.0,2025-11-20 08:39:00,3
S000207,2025-11-23,access,宿舍楼,0.0,1.0,2025-11-23 12:34:00,6
S000207,2025-11-30,consumption,食堂一楼,27.15,3.0,2025-11-30 18:01:00,6
S000208,2025-09-04,consumption,浴室,2.8,1.0,2025-09-04 12:55:00,3
S000208,2025-09-13,consumption,食堂一楼,18.06,2.0,2025-09-13 08:31:00,5
S000208,2025-09-21,consumption,食堂一楼,20.21,1.0,2025-09-21 07:07:00,6
S000208,2025-09-21,consumption,食堂三楼,28.3,1.0,2025-09-21 12:38:00,6
S000208,2025-09-26,access,宿舍楼,0.0,1.0,2025-09-26 23:41:00,4
S000208,2025-09-29,consumption,开水房,4.73,2.0,2025-09-29 14:30:00,0
S000208,2025-10-08,consumption,快递点,2.73,3.0,2025-10-08 18:59:00,2
S000208,2025-10-14,access,宿舍楼,0.0,1.0,2025-10-14 23:00:00,1
S000208,2025-10-17,consumption,食堂二楼,29.0,1.0,2025-10-17 16:08:00,4
S000208,2025-11-20,consumption,开水房,2.39,2.0,2025-11-20 20:51:00,3
S000209,2025-09-02,consumption,食堂一楼,3.855,3.0,2025-09-02 16:13:00,1
S000209,2025-09-05,access,宿舍楼,0.0,1.0,2025-09-05 19:18:00,4
S000209,2025-09-14,consumption,快递点,3.14,1.0,2025-09-14 12:46:00,6
S000209,2025-09-15,consumption,食堂三楼,22.46,2.0,2025-09-15 11:22:00,0
S000209,2025-09-25,consumption,食堂二楼,34.1,3.0,2025-09-25 14:25:00,3
S000209,2025-10-02,consumption,开水房,2.17,2.0,2025-10-02 16:07:00,3
S000209,2025-10-11,consumption,浴室,2.22,1.0,2025-10-11 17:23:00,5
S000209,2025-11-02,consumption,校园超市,3.855,2.0,2025-11-02 14:52:00,6
S000209,2025-11-17,access,宿舍楼,0.0,1.0,2025-11-17 18:01:00,0
S000209,2025-11-20,access,宿舍楼,0.0,1.0,2025-11-20 11:56:00,3
S000210,2025-09-03,consumption,食堂一楼,18.94,2.0,2025-09-03 15:17:00,2
S000210,2025-09-07,access,宿舍楼,0.0,1.0,2025-09-07 07:17:00,6
S000210,2025-10-20,consumption,食堂二楼,17.02,3.0,2025-10-20 12:06:00,0
S000210,2025-10-20,consumption,食堂一楼,60.18,2.0,2025-10-20 06:41:00,0
S000210,2025-10-22,consumption,浴室,4.63,1.0,2025-10-22 16:41:00,2
S000210,2025-10-24,consumption,校园超市,19.56,1.0,2025-10-24 16:37:00,4
S000210,2025-10-30,consumption,食堂三楼,12.31,1.0,2025-10-30 23:04:00,3
S000210,2025-11-11,consumption,浴室,4.76,1.0,2025-11-11 08:36:00,1
S000210,2025-11-13,access,宿舍楼,0.0,1.0,2025-11-13 15:08:00,3
S000210,2025-11-22,consumption,快递点,2.46,2.0,2025-11-22 12:12:00,5
S000211,2025-09-07,access,图书馆,0.0,1.0,2025-09-07 12:21:00,6
S000211,2025-09-12,consumption,快递点,2.16,3.0,2025-09-12 06:59:00,4
S000211,2025-09-14,consumption,食堂一楼,24.33,1.0,2025-09-14 10:06:00,6
S000211,2025-09-18,consumption,食堂一楼,44.44,1.0,2025-09-18 16:55:00,3
S000211,2025-10-11,access,宿舍楼,0.0,1.0,2025-10-11 08:35:00,5
S000211,2025-10-11,consumption,食堂一楼,27.44,2.0,2025-10-11 15:44:00,5
S000211,2025-10-12,access,宿舍楼,0.0,1.5,2025-10-12 13:10:00,6
S000211,2025-10-29,consumption,开水房,4.85,1.0,2025-10-29 17:39:00,2
S000211,2025-11-28,access,宿舍楼,0.0,1.0,2025-11-28 07:07:00,4
S000211,2025-11-28,consumption,快递点,2.21,3.0,2025-11-28 11:59:00,4
S000212,2025-09-02,consumption,校园超市,46.31,2.0,2025-09-02 12:31:00,1
S000212,2025-09-12,consumption,食堂三楼,18.81,3.0,2025-09-12 08:22:00,4
S000212,2025-09-14,consumption,快递点,3.16,3.0,2025-09-14 22:54:00,6
S000212,2025-09-16,consumption,食堂二楼,3.855,3.0,2025-09-16 21:42:00,1
S000212,2025-09-19,access,宿舍楼,0.0,1.0,2025-09-19 20:42:00,4
S000212,2025-09-20,access,图书馆,0.0,1.0,2025-09-20 10:14:00,5
S000212,2025-09-27,consumption,食堂一楼,19.21,2.0,2025-09-27 07:13:00,5
S000212,2025-10-11,access,宿舍楼,0.0,1.0,2025-10-11 20:41:00,5
S000212,2025-11-02,access,宿舍楼,0.0,1.0,2025-11-02 21:14:00,6
S000212,2025-11-11,access,图书馆,0.0,1.0,2025-11-11 18:41:00,1
S000213,2025-09-13,consumption,校园超市,15.07,3.0,2025-09-13 19:12:00,5
S000213,2025-09-14,access,图书馆,0.0,1.0,2025-09-14 08:57:00,6
S000213,2025-10-08,consumption,食堂二楼,32.96,3.0,2025-10-08 14:33:00,2
S000213,2025-10-10,access,图书馆,0.0,1.0,2025-10-10 10:29:00,4
S000213,2025-10-16,consumption,浴室,0.88,2.0,2025-10-16 12:09:00,3
S000213,2025-10-17,consumption,校园超市,34.66,3.0,2025-10-17 22:12:00,4
S000213,2025-10-21,consumption,浴室,2.0,2.0,2025-10-21 14:23:00,1
S000213,2025-10-22,consumption,食堂三楼,61.77,2.0,2025-10-22 11:43:00,2
S000213,2025-10-29,consumption,食堂一楼,32.85,2.0,2025-10-29 22:28:00,2
S000213,2025-11-17,consumption,校园超市,48.76,1.0,2025-11-17 07:41:00,0
S000214,2025-09-05,consumption,食堂二楼,36.97,1.0,2025-09-05 23:06:00,4
S000214,2025-09-13,consumption,快递点,18.485,2.0,2025-09-13 21:13:00,5
S000214,2025-09-22,access,宿舍楼,0.0,1.0,2025-09-22 15:45:00,0
S000214,2025-10-02,access,图书馆,0.0,1.0,2025-10-02 09:03:00,3
S000214,2025-10-06,consumption,浴室,3.65,2.0,2025-10-06 18:25:00,0
S000214,2025-10-11,consumption,食堂二楼,41.82,1.0,2025-10-11 16:57:00,5
S000214,2025-10-13,consumption,食堂三楼,48.96,1.0,2025-10-13 11:43:00,0
S000214,2025-10-29,consumption,食堂一楼,44.02,3.0,2025-10-29 21:27:00,2
S000214,2025-11-16,consumption,食堂一楼,31.62,1.0,2025-11-16 11:32:00,6
S000214,2025-11-29,consumption,开水房,1.87,3.0,2025-11-29 13:10:00,5
S000215,2025-09-02,consumption,校园超市,33.75,3.0,2025-09-02 06:31:00,1
S000215,2025-09-19,consumption,食堂一楼,44.85,1.0,2025-09-19 19:23:00,4
S000215,2025-09-27,access,图书馆,0.0,1.0,2025-09-27 14:40:00,5
S000215,2025-09-30,consumption,食堂二楼,26.4,1.0,2025-09-30 09:06:00,1
S000215,2025-10-02,consumption,食堂一楼,22.57,1.0,2025-10-02 15:53:00,3
S000215,2025-10-09,access,宿舍楼,0.0,1.0,2025-10-09 20:31:00,3
S000215,2025-10-15,access,宿舍楼,0.0,1.0,2025-10-15 21:16:00,2
S000215,2025-10-17,consumption,快递点,2.09,3.0,2025-10-17 16:57:00,4
S000215,2025-11-06,access,宿舍楼,0.0,1.0,2025-11-06 09:17:00,3
S000215,2025-11-27,consumption,开水房,0.59,2.0,2025-11-27 13:42:00,3
S000216,2025-09-14,access,宿舍楼,0.0,1.0,2025-09-14 22:11:00,6
S000216,2025-09-20,consumption,食堂三楼,20.15,3.0,2025-09-20 23:42:00,5
S000216,2025-09-21,consumption,食堂三楼,24.89,1.0,2025-09-21 15:00:00,6
S000216,2025-10-04,access,宿舍楼,0.0,1.0,2025-10-04 16:25:00,5
S000216,2025-10-29,consumption,快递点,4.07,2.0,2025-10-29 09:00:00,2
S000216,2025-10-29,consumption,食堂三楼,46.49,3.0,2025-10-29 09:03:00,2
S000216,2025-11-02,consumption,校园超市,23.4,2.0,2025-11-02 06:03:00,6
S000216,2025-11-03,access,图书馆,0.0,1.0,2025-11-03 15:43:00,0
S000216,2025-11-14,consumption,食堂三楼,29.5,3.0,2025-11-14 09:27:00,4
S000216,2025-11-15,consumption,食堂三楼,16.31,2.0,2025-11-15 12:02:00,5
S000217,2025-09-12,access,图书馆,0.0,1.0,2025-09-12 19:12:00,4
S000217,2025-09-26,consumption,校园超市,3.855,3.0,2025-09-26 12:19:00,4
S000217,2025-10-03,consumption,食堂三楼,25.11,3.0,2025-10-03 23:09:00,4
S000217,2025-10-09,consumption,食堂二楼,33.88,3.0,2025-10-09 19:43:00,3
S000217,2025-10-10,consumption,浴室,4.67,2.0,2025-10-10 23:11:00,4
S000217,2025-10-12,access,图书馆,0.0,1.0,2025-10-12 18:49:00,6
S000217,2025-10-19,access,宿舍楼,0.0,1.0,2025-10-19 09:08:00,6
S000217,2025-10-26,consumption,食堂一楼,12.43,2.0,2025-10-26 13:02:00,6
S000217,2025-10-31,access,图书馆,0.0,1.0,2025-10-31 20:43:00,4
S000217,2025-11-21,consumption,校园超市,36.49,1.0,2025-11-21 14:58:00,4
S000218,2025-09-07,consumption,食堂三楼,53.99,3.0,2025-09-07 09:21:00,6
S000218,2025-10-02,consumption,食堂三楼,27.79,1.0,2025-10-02 23:57:00,3
S000218,2025-10-13,access,图书馆,0.0,1.0,2025-10-13 19:37:00,0
S000218,2025-10-16,consumption,校园超市,23.93,2.0,2025-10-16 20:01:00,3
S000218,2025-10-21,consumption,开水房,0.53,3.0,2025-10-21 20:53:00,1
S000218,2025-11-07,consumption,食堂三楼,21.03,3.0,2025-11-07 17:29:00,4
S000218,2025-11-11,consumption,快递点,2.39,1.0,2025-11-11 15:50:00,1
S000218,2025-11-12,access,图书馆,0.0,1.0,2025-11-12 20:54:00,2
S000218,2025-11-16,consumption,食堂三楼,23.39,3.0,2025-11-16 21:44:00,6
S000218,2025-11-26,consumption,开水房,0.74,1.0,2025-11-26 22:09:00,2
S000219,2025-09-01,access,图书馆,0.0,1.0,2025-09-01 09:04:00,0
S000219,2025-09-01,consumption,食堂一楼,33.25,3.0,2025-09-01 09:15:00,0
S000219,2025-09-08,access,宿舍楼,16.625,1.0,2025-09-08 18:30:00,0
S000219,2025-09-19,access,图书馆,0.0,1.0,2025-09-19 10:32:00,4
S000219,2025-09-24,access,宿舍楼,0.0,1.0,2025-09-24 20:54:00,2
S000219,2025-09-27,consumption,食堂一楼,26.93,3.0,2025-09-27 20:25:00,5
S000219,2025-11-11,access,宿舍楼,0.0,1.0,2025-11-11 10:14:00,1
S000219,2025-11-24,consumption,校园超市,14.05,1.0,2025-11-24 06:11:00,0
S000219,2025-11-26,consumption,食堂二楼,28.21,2.0,2025-11-26 15:46:00,2
S000219,2025-11-29,consumption,校园超市,23.46,2.0,2025-11-29 15:18:00,5
S000220,2025-09-02,access,宿舍楼,0.0,1.0,2025-09-02 22:54:00,1
S000220,2025-09-18,consumption,快递点,3.46,2.0,2025-09-18 08:58:00,3
S000220,2025-10-16,access,宿舍楼,0.0,1.0,2025-10-16 20:17:00,3
S000220,2025-10-20,consumption,食堂一楼,41.96,2.0,2025-10-20 19:52:00,0
S000220,2025-10-20,consumption,食堂三楼,26.22,1.0,2025-10-20 20:02:00,0
S000220,2025-10-25,consumption,食堂三楼,14.68,2.0,2025-10-25 09:36:00,5
S000220,2025-11-04,consumption,开水房,2.86,3.0,2025-11-04 08:11:00,1
S000220,2025-11-22,consumption,校园超市,11.47,3.0,2025-11-22 11:36:00,5
S000220,2025-11-23,consumption,开水房,3.74,2.0,2025-11-23 20:45:00,6
S000220,2025-11-25,consumption,浴室,2.72,3.0,2025-11-25 14:25:00,1
S000221,2025-09-06,consumption,开水房,1.22,1.0,2025-09-06 09:31:00,5
S000221,2025-09-09,consumption,食堂三楼,44.59,1.0,2025-09-09 07:54:00,1
S000221,2025-09-10,consumption,食堂三楼,11.45,3.0,2025-09-10 06:59:00,2
S000221,2025-09-23,access,宿舍楼,6.984999999999999,1.0,2025-09-23 19:59:00,1
S000221,2025-09-23,consumption,开水房,2.52,1.0,2025-09-23 23:12:00,1
S000221,2025-09-26,consumption,校园超市,12.84,3.0,2025-09-26 15:14:00,4
S000221,2025-09-26,access,宿舍楼,0.0,1.0,2025-09-26 22:51:00,4
S000221,2025-10-12,consumption,浴室,2.07,3.0,2025-10-12 18:04:00,6
S000221,2025-11-26,consumption,快递点,1.54,3.0,2025-11-26 13:06:00,2
S000221,2025-11-30,access,宿舍楼,0.0,1.0,2025-11-30 10:44:00,6
S000222,2025-09-05,access,图书馆,0.0,1.0,2025-09-05 13:49:00,4
S000222,2025-09-10,consumption,食堂二楼,11.89,3.0,2025-09-10 22:19:00,2
S000222,2025-09-25,consumption,食堂一楼,5.945,3.0,2025-09-25 09:13:00,3
S000222,2025-09-25,access,宿舍楼,0.0,1.0,2025-09-25 22:22:00,3
S000222,2025-10-03,consumption,食堂三楼,62.84,1.0,2025-10-03 11:18:00,4
S000222,2025-10-16,consumption,浴室,4.34,1.0,2025-10-16 20:27:00,3
S000222,2025-10-23,consumption,快递点,0.82,1.0,2025-10-23 22:31:00,3
S000222,2025-11-06,consumption,食堂一楼,23.74,2.0,2025-11-06 13:03:00,3
S000222,2025-11-16,consumption,食堂一楼,18.59,1.0,2025-11-16 15:59:00,6
S000222,2025-11-20,consumption,食堂一楼,53.67,3.0,2025-11-20 08:08:00,3
S000223,2025-09-10,access,图书馆,0.0,1.0,2025-09-10 13:04:00,2
S000223,2025-09-26,consumption,快递点,0.77,1.0,2025-09-26 23:52:00,4
S000223,2025-09-30,consumption,食堂一楼,19.09,1.0,2025-09-30 12:34:00,1
S000223,2025-10-04,consumption,食堂一楼,8.17,2.0,2025-10-04 19:16:00,5
S000223,2025-10-05,access,图书馆,4.085,1.0,2025-10-05 08:31:00,6
S000223,2025-10-13,access,图书馆,0.0,1.0,2025-10-13 11:31:00,0
S000223,2025-10-22,consumption,浴室,3.64,1.0,2025-10-22 21:59:00,2
S000223,2025-10-24,consumption,浴室,4.68,3.0,2025-10-24 21:08:00,4
S000223,2025-11-04,consumption,食堂三楼,30.57,2.0,2025-11-04 21:19:00,1
S000223,2025-11-17,access,图书馆,0.0,1.0,2025-11-17 16:30:00,0
S000224,2025-09-06,access,图书馆,0.0,1.0,2025-09-06 21:46:00,5
S000224,2025-09-07,consumption,校园超市,0.0,3.0,2025-09-07 10:27:00,6
S000224,2025-10-02,access,图书馆,0.0,2.0,2025-10-02 08:08:00,3
S000224,2025-10-14,consumption,食堂一楼,27.71,1.0,2025-10-14 13:05:00,1
S000224,2025-10-21,consumption,食堂一楼,37.95,3.0,2025-10-21 08:04:00,1
S000224,2025-10-27,consumption,食堂一楼,12.93,2.0,2025-10-27 17:38:00,0
S000224,2025-11-15,consumption,校园超市,12.79,3.0,2025-11-15 23:36:00,5
S000224,2025-11-18,access,宿舍楼,0.0,1.0,2025-11-18 17:12:00,1
S000224,2025-11-23,access,宿舍楼,0.0,1.0,2025-11-23 10:38:00,6
S000224,2025-11-29,consumption,食堂二楼,34.96,1.0,2025-11-29 20:07:00,5
S000225,2025-09-05,consumption,浴室,2.23,1.0,2025-09-05 07:17:00,4
S000225,2025-09-27,access,图书馆,3.085,1.0,2025-09-27 12:47:00,5
S000225,2025-10-01,consumption,开水房,3.94,1.0,2025-10-01 06:31:00,2
S000225,2025-10-03,access,图书馆,0.0,1.0,2025-10-03 15:45:00,4
S000225,2025-10-05,consumption,浴室,2.77,1.0,2025-10-05 17:57:00,6
S000225,2025-10-09,access,宿舍楼,0.0,1.0,2025-10-09 13:33:00,3
S000225,2025-10-16,access,图书馆,0.0,1.0,2025-10-16 15:45:00,3
S000225,2025-10-23,access,宿舍楼,0.0,1.0,2025-10-23 14:05:00,3
S000225,2025-11-10,consumption,食堂三楼,33.96,3.0,2025-11-10 10:02:00,0
S000225,2025-11-18,consumption,食堂一楼,23.35,2.0,2025-11-18 18:28:00,1
S000226,2025-09-02,consumption,开水房,4.78,1.0,2025-09-02 13:49:00,1
S000226,2025-09-04,access,宿舍楼,0.0,1.0,2025-09-04 14:51:00,3
S000226,2025-09-06,consumption,校园超市,3.855,1.0,2025-09-06 19:34:00,5
S000226,2025-09-07,consumption,食堂一楼,14.37,3.0,2025-09-07 17:59:00,6
S000226,2025-10-25,access,图书馆,0.0,1.0,2025-10-25 20:06:00,5
S000226,2025-10-25,consumption,浴室,3.96,2.0,2025-10-25 11:24:00,5
S000226,2025-10-30,access,图书馆,0.0,1.0,2025-10-30 10:58:00,3
S000226,2025-11-09,consumption,浴室,2.28,1.5,2025-11-09 14:23:00,6
S000226,2025-11-10,consumption,开水房,4.7,2.0,2025-11-10 23:29:00,0
S000226,2025-11-15,consumption,食堂一楼,11.44,2.0,2025-11-15 19:55:00,5
S000227,2025-09-05,consumption,浴室,4.37,3.0,2025-09-05 16:02:00,4
S000227,2025-09-23,consumption,浴室,3.45,1.0,2025-09-23 09:41:00,1
S000227,2025-10-03,consumption,快递点,4.36,2.0,2025-10-03 23:45:00,4
S000227,2025-10-05,consumption,快递点,3.44,1.5,2025-10-05 06:07:00,6
S000227,2025-10-06,consumption,校园超市,16.56,1.0,2025-10-06 13:40:00,0
S000227,2025-10-10,consumption,食堂三楼,17.36,2.0,2025-10-10 11:28:00,4
S000227,2025-10-30,consumption,食堂一楼,23.98,2.0,2025-10-30 07:22:00,3
S000227,2025-11-01,consumption,浴室,1.48,1.0,2025-11-01 08:17:00,5
S000227,2025-11-10,access,图书馆,0.0,1.0,2025-11-10 19:16:00,0
S000227,2025-11-18,consumption,食堂一楼,27.71,2.0,2025-11-18 11:16:00,1
S000228,2025-09-06,consumption,食堂三楼,29.25,1.0,2025-09-06 08:32:00,5
S000228,2025-09-20,access,图书馆,0.0,1.0,2025-09-20 09:38:00,5
S000228,2025-09-28,access,宿舍楼,0.0,1.0,2025-09-28 12:24:00,6
S000228,2025-09-29,consumption,浴室,3.34,2.0,2025-09-29 19:34:00,0
S000228,2025-10-07,consumption,食堂三楼,50.5,3.0,2025-10-07 17:21:00,1
S000228,2025-10-23,access,宿舍楼,0.0,1.0,2025-10-23 21:18:00,3
S000228,2025-10-27,consumption,食堂一楼,13.12,1.0,2025-10-27 12:20:00,0
S000228,2025-11-13,consumption,快递点,3.56,1.0,2025-11-13 19:56:00,3
S000228,2025-11-14,consumption,开水房,1.18,3.0,2025-11-14 08:04:00,4
S000228,2025-11-19,consumption,食堂三楼,23.55,1.0,2025-11-19 15:59:00,2
S000229,2025-09-11,consumption,浴室,4.92,3.0,2025-09-11 21:40:00,3
S000229,2025-09-16,access,图书馆,0.0,1.0,2025-09-16 17:30:00,1
S000229,2025-09-30,consumption,校园超市,33.59,1.0,2025-09-30 10:59:00,1
S000229,2025-10-01,consumption,校园超市,16.795,2.0,2025-10-01 08:22:00,2
S000229,2025-10-04,access,宿舍楼,0.0,1.0,2025-10-04 16:07:00,5
S000229,2025-10-17,consumption,食堂三楼,30.83,3.0,2025-10-17 09:44:00,4
S000229,2025-11-08,consumption,校园超市,58.17,3.0,2025-11-08 10:38:00,5
S000229,2025-11-11,consumption,食堂三楼,30.69,3.0,2025-11-11 21:38:00,1
S000229,2025-11-13,consumption,食堂二楼,29.12,2.0,2025-11-13 13:51:00,3
S000229,2025-11-24,consumption,校园超市,49.1,2.0,2025-11-24 14:12:00,0
S000230,2025-09-01,consumption,食堂三楼,34.97,3.0,2025-09-01 20:24:00,0
S000230,2025-09-05,access,图书馆,0.0,1.0,2025-09-05 19:10:00,4
S000230,2025-09-10,consumption,快递点,2.88,2.0,2025-09-10 19:22:00,2
S000230,2025-09-16,consumption,快递点,3.0,2.0,2025-09-16 09:08:00,1
S000230,2025-09-17,consumption,浴室,2.0,2.0,2025-09-17 09:21:00,2
S000230,2025-09-24,access,图书馆,1.0,1.0,2025-09-24 10:57:00,2
S000230,2025-09-26,access,宿舍楼,0.0,1.0,2025-09-26 06:10:00,4
S000230,2025-10-14,consumption,浴室,0.0,3.0,2025-10-14 07:04:00,1
S000230,2025-10-16,access,宿舍楼,0.0,1.0,2025-10-16 20:47:00,3
S000230,2025-10-26,consumption,校园超市,23.51,3.0,2025-10-26 10:46:00,6
S000231,2025-09-14,access,宿舍楼,0.0,1.0,2025-09-14 10:06:00,6
S000231,2025-09-27,consumption,食堂三楼,50.4,3.0,2025-09-27 16:06:00,5
S000231,2025-09-27,consumption,浴室,3.9,1.0,2025-09-27 07:57:00,5
S000231,2025-10-09,consumption,食堂一楼,23.46,3.0,2025-10-09 22:57:00,3
S000231,2025-10-11,access,图书馆,0.0,2.5,2025-10-11 08:52:00,5
S000231,2025-10-12,consumption,浴室,3.75,2.0,2025-10-12 09:14:00,6
S000231,2025-10-15,consumption,食堂一楼,17.49,2.0,2025-10-15 14:31:00,2
S000231,2025-10-27,consumption,食堂二楼,60.37,2.0,2025-10-27 14:38:00,0
S000231,2025-11-07,consumption,快递点,4.68,2.0,2025-11-07 16:24:00,4
S000231,2025-11-09,consumption,食堂二楼,24.04,2.0,2025-11-09 21:53:00,6
S000232,2025-09-04,consumption,食堂三楼,12.0,3.0,2025-09-04 19:46:00,3
S000232,2025-09-10,consumption,浴室,2.01,2.0,2025-09-10 22:43:00,2
S000232,2025-09-10,access,宿舍楼,0.0,1.0,2025-09-10 07:27:00,2
S000232,2025-09-13,access,宿舍楼,0.0,1.0,2025-09-13 12:53:00,5
S000232,2025-09-18,consumption,快递点,4.74,3.0,2025-09-18 12:16:00,3
S000232,2025-10-26,consumption,食堂一楼,26.16,1.0,2025-10-26 14:46:00,6
S000232,2025-10-27,consumption,快递点,2.54,1.5,2025-10-27 09:28:00,0
S000232,2025-10-31,consumption,快递点,1.34,2.0,2025-10-31 15:08:00,4
S000232,2025-11-11,consumption,开水房,0.66,3.0,2025-11-11 06:15:00,1
S000232,2025-11-25,consumption,食堂三楼,17.45,1.0,2025-11-25 13:46:00,1
S000233,2025-09-26,consumption,食堂一楼,37.35,3.0,2025-09-26 12:00:00,4
S000233,2025-10-07,consumption,校园超市,4.43,2.0,2025-10-07 13:42:00,1
S000233,2025-10-08,consumption,校园超市,11.92,3.0,2025-10-08 18:38:00,2
S000233,2025-10-15,consumption,开水房,4.79,2.0,2025-10-15 13:56:00,2
S000233,2025-10-16,consumption,食堂三楼,19.63,1.0,2025-10-16 13:07:00,3
S000233,2025-10-23,consumption,食堂一楼,11.11,2.0,2025-10-23 14:32:00,3
S000233,2025-10-24,consumption,浴室,2.21,3.0,2025-10-24 13:40:00,4
S000233,2025-10-25,consumption,校园超市,2.73,2.0,2025-10-25 09:22:00,5
S000233,2025-10-26,consumption,浴室,3.25,3.0,2025-10-26 11:02:00,6
S000233,2025-11-29,consumption,食堂二楼,7.3,2.0,2025-11-29 21:38:00,5
S000234,2025-09-07,consumption,食堂三楼,15.13,3.0,2025-09-07 12:10:00,6
S000234,2025-09-15,access,宿舍楼,0.0,1.0,2025-09-15 10:38:00,0
S000234,2025-09-28,access,宿舍楼,0.0,1.0,2025-09-28 07:35:00,6
S000234,2025-09-29,consumption,快递点,0.71,2.0,2025-09-29 19:14:00,0
S000234,2025-10-12,consumption,食堂三楼,35.88,2.0,2025-10-12 18:51:00,6
S000234,2025-10-27,consumption,食堂三楼,36.34,1.0,2025-10-27 14:31:00,0
S000234,2025-11-08,consumption,开水房,1.53,1.5,2025-11-08 17:21:00,5
S000234,2025-11-09,consumption,开水房,0.6,2.0,2025-11-09 08:49:00,6
S000234,2025-11-13,access,图书馆,0.0,1.0,2025-11-13 20:40:00,3
S000234,2025-11-30,consumption,食堂三楼,30.35,3.0,2025-11-30 08:41:00,6
S000235,2025-09-03,access,图书馆,0.0,1.0,2025-09-03 16:25:00,2
S000235,2025-09-03,consumption,校园超市,7.95,1.0,2025-09-03 09:16:00,2
S000235,2025-09-16,access,宿舍楼,0.0,1.0,2025-09-16 18:08:00,1
S000235,2025-10-05,access,图书馆,0.0,1.0,2025-10-05 09:32:00,6
S000235,2025-10-23,consumption,开水房,1.62,1.0,2025-10-23 07:54:00,3
S000235,2025-11-02,consumption,食堂三楼,23.95,2.0,2025-11-02 06:14:00,6
S000235,2025-11-09,consumption,食堂二楼,24.49,1.0,2025-11-09 18:12:00,6
S000235,2025-11-17,access,宿舍楼,0.0,1.0,2025-11-17 19:32:00,0
S000235,2025-11-20,access,图书馆,0.0,1.0,2025-11-20 08:17:00,3
S000235,2025-11-30,access,宿舍楼,0.0,1.0,2025-11-30 06:00:00,6
S000236,2025-09-19,access,图书馆,0.0,1.0,2025-09-19 09:35:00,4
S000236,2025-09-19,consumption,快递点,2.63,2.0,2025-09-19 13:03:00,4
S000236,2025-09-22,consumption,校园超市,20.52,3.0,2025-09-22 13:05:00,0
S000236,2025-09-29,access,宿舍楼,0.0,1.0,2025-09-29 21:18:00,0
S000236,2025-10-18,consumption,食堂一楼,21.97,3.0,2025-10-18 15:21:00,5
S000236,2025-10-21,access,图书馆,0.0,1.0,2025-10-21 15:14:00,1
S000236,2025-11-03,consumption,食堂三楼,27.23,3.0,2025-11-03 16:53:00,0
S000236,2025-11-13,access,宿舍楼,0.0,1.0,2025-11-13 13:28:00,3
S000236,2025-11-23,consumption,校园超市,66.87,2.0,2025-11-23 19:05:00,6
S000236,2025-11-29,consumption,食堂二楼,38.04,2.0,2025-11-29 06:31:00,5
S000237,2025-09-16,consumption,校园超市,3.855,1.0,2025-09-16 07:56:00,1
S000237,2025-09-20,consumption,开水房,3.04,2.0,2025-09-20 06:17:00,5
S000237,2025-10-08,access,宿舍楼,0.0,1.0,2025-10-08 22:20:00,2
S000237,2025-10-25,consumption,开水房,4.11,2.0,2025-10-25 10:47:00,5
S000237,2025-11-10,consumption,食堂一楼,14.87,2.0,2025-11-10 09:27:00,0
S000237,2025-11-11,access,图书馆,7.435,1.0,2025-11-11 09:27:00,1
S000237,2025-11-18,access,图书馆,0.0,1.0,2025-11-18 10:18:00,1
S000237,2025-11-23,consumption,校园超市,3.92,3.0,2025-11-23 21:32:00,6
S000237,2025-11-28,consumption,浴室,4.08,3.0,2025-11-28 21:20:00,4
S000237,2025-11-29,consumption,食堂二楼,21.68,1.0,2025-11-29 11:33:00,5
S000238,2025-09-13,consumption,校园超市,12.72,3.0,2025-09-13 11:04:00,5
S000238,2025-09-18,consumption,开水房,4.23,1.0,2025-09-18 16:26:00,3
S000238,2025-09-23,consumption,食堂一楼,60.27,1.0,2025-09-23 15:44:00,1
S000238,2025-09-25,consumption,食堂一楼,33.8,3.0,2025-09-25 20:21:00,3
S000238,2025-09-25,consumption,快递点,4.6,2.0,2025-09-25 15:23:00,3
S000238,2025-10-15,consumption,食堂二楼,32.66,2.0,2025-10-15 06:59:00,2
S000238,2025-11-06,consumption,快递点,3.26,3.0,2025-11-06 17:33:00,3
S000238,2025-11-17,consumption,校园超市,16.04,1.0,2025-11-17 16:59:00,0
S000238,2025-11-19,access,宿舍楼,0.0,1.0,2025-11-19 23:34:00,2
S000238,2025-11-22,consumption,食堂一楼,49.39,3.0,2025-11-22 10:06:00,5
S000239,2025-09-07,consumption,快递点,2.48,3.0,2025-09-07 21:20:00,6
S000239,2025-09-19,consumption,校园超市,11.97,1.0,2025-09-19 16:04:00,4
S000239,2025-09-28,consumption,食堂三楼,38.95,3.0,2025-09-28 09:08:00,6
S000239,2025-09-30,access,图书馆,0.0,1.0,2025-09-30 20:39:00,1
S000239,2025-10-09,consumption,食堂一楼,34.78,1.0,2025-10-09 23:25:00,3
S000239,2025-10-19,access,宿舍楼,0.0,1.0,2025-10-19 17:19:00,6
S000239,2025-11-06,consumption,快递点,2.22,3.0,2025-11-06 14:51:00,3
S000239,2025-11-06,consumption,食堂一楼,29.87,3.0,2025-11-06 12:10:00,3
S000239,2025-11-18,consumption,校园超市,21.07,1.0,2025-11-18 11:00:00,1
S000239,2025-11-21,access,图书馆,0.0,1.0,2025-11-21 21:27:00,4
S000240,2025-09-02,consumption,食堂三楼,41.46,3.0,2025-09-02 12:00:00,1
S000240,2025-09-02,consumption,食堂一楼,47.4,2.0,2025-09-02 14:41:00,1
S000240,2025-09-04,access,宿舍楼,0.0,1.0,2025-09-04 20:31:00,3
S000240,2025-09-23,consumption,快递点,3.41,3.0,2025-09-23 09:02:00,1
S000240,2025-10-26,consumption,食堂二楼,38.38,1.0,2025-10-26 17:54:00,6
S000240,2025-10-30,access,宿舍楼,0.0,1.0,2025-10-30 19:13:00,3
S000240,2025-11-01,consumption,开水房,3.67,2.0,2025-11-01 07:36:00,5
S000240,2025-11-11,consumption,开水房,11.219999999999999,3.0,2025-11-11 09:35:00,1
S000240,2025-11-15,consumption,食堂一楼,18.77,2.0,2025-11-15 14:32:00,5
S000240,2025-11-18,consumption,食堂二楼,33.7,2.0,2025-11-18 17:11:00,1
S000241,2025-09-06,consumption,食堂二楼,17.38,3.0,2025-09-06 22:26:00,5
S000241,2025-09-17,consumption,快递点,4.31,1.0,2025-09-17 20:40:00,2
S000241,2025-09-23,consumption,快递点,4.27,1.0,2025-09-23 15:17:00,1
S000241,2025-09-25,consumption,开水房,0.58,3.0,2025-09-25 16:57:00,3
S000241,2025-10-18,consumption,开水房,1.19,3.0,2025-10-18 11:55:00,5
S000241,2025-11-04,consumption,食堂三楼,3.855,1.0,2025-11-04 11:28:00,1
S000241,2025-11-11,consumption,食堂三楼,58.44,2.0,2025-11-11 08:36:00,1
S000241,2025-11-25,consumption,快递点,3.5,1.0,2025-11-25 08:12:00,1
S000241,2025-11-30,consumption,食堂一楼,27.08,3.0,2025-11-30 14:54:00,6
S000241,2025-11-30,consumption,浴室,3.75,2.0,2025-11-30 22:00:00,6
S000242,2025-09-07,consumption,食堂三楼,20.9,1.0,2025-09-07 14:08:00,6
S000242,2025-09-12,consumption,浴室,2.14,3.0,2025-09-12 22:28:00,4
S000242,2025-09-26,consumption,食堂三楼,31.86,2.0,2025-09-26 20:16:00,4
S000242,2025-10-11,consumption,食堂一楼,29.47,1.0,2025-10-11 06:13:00,5
S000242,2025-10-30,consumption,食堂一楼,27.08,1.0,2025-10-30 08:11:00,3
S000242,2025-11-08,consumption,开水房,2.45,3.0,2025-11-08 15:13:00,5
S000242,2025-11-12,consumption,食堂二楼,30.33,1.0,2025-11-12 14:56:00,2
S000242,2025-11-20,consumption,食堂二楼,20.673333333333332,1.0,2025-11-20 18:09:00,3
S000242,2025-11-21,consumption,食堂一楼,11.016666666666666,3.0,2025-11-21 13:19:00,4
S000242,2025-11-27,consumption,快递点,1.36,3.0,2025-11-27 10:19:00,3
S000243,2025-09-18,consumption,食堂三楼,3.855,2.0,2025-09-18 18:42:00,3
S000243,2025-09-21,consumption,食堂二楼,51.055,1.0,2025-09-21 20:51:00,6
S000243,2025-10-02,consumption,食堂三楼,30.51,3.0,2025-10-02 16:30:00,3
S000243,2025-10-04,consumption,食堂一楼,24.24,3.0,2025-10-04 11:30:00,5
S000243,2025-10-14,consumption,浴室,2.98,3.0,2025-10-14 14:05:00,1
S000243,2025-10-16,access,图书馆,0.0,1.0,2025-10-16 10:26:00,3
S000243,2025-10-31,consumption,开水房,4.56,1.0,2025-10-31 17:19:00,4
S000243,2025-11-05,access,宿舍楼,0.0,1.0,2025-11-05 12:29:00,2
S000243,2025-11-15,access,宿舍楼,0.0,1.0,2025-11-15 09:40:00,5
S000243,2025-11-18,consumption,浴室,3.63,3.0,2025-11-18 18:30:00,1
S000244,2025-09-04,consumption,食堂二楼,33.34,2.0,2025-09-04 22:12:00,3
S000244,2025-09-07,access,宿舍楼,0.0,1.0,2025-09-07 10:51:00,6
S000244,2025-09-19,consumption,食堂二楼,21.57,2.0,2025-09-19 15:05:00,4
S000244,2025-09-21,consumption,校园超市,27.64,3.0,2025-09-21 18:44:00,6
S000244,2025-09-24,consumption,食堂二楼,10.65,2.5,2025-09-24 08:46:00,2
S000244,2025-10-02,consumption,浴室,4.31,2.0,2025-10-02 06:30:00,3
S000244,2025-10-15,consumption,食堂二楼,14.71,2.0,2025-10-15 06:42:00,2
S000244,2025-10-24,consumption,食堂三楼,26.05,3.0,2025-10-24 18:37:00,4
S000244,2025-11-12,access,图书馆,0.0,1.0,2025-11-12 18:21:00,2
S000244,2025-11-26,consumption,食堂一楼,25.0,1.0,2025-11-26 22:06:00,2
S000245,2025-09-10,consumption,开水房,3.83,3.0,2025-09-10 06:14:00,2
S000245,2025-09-20,consumption,校园超市,7.53,3.0,2025-09-20 21:02:00,5
S000245,2025-09-28,access,宿舍楼,0.0,1.0,2025-09-28 20:45:00,6
S000245,2025-09-30,consumption,食堂二楼,19.27,1.0,2025-09-30 12:19:00,1
S000245,2025-10-02,access,图书馆,0.0,1.0,2025-10-02 14:08:00,3
S000245,2025-10-11,access,图书馆,0.0,1.0,2025-10-11 14:49:00,5
S000245,2025-10-12,access,宿舍楼,0.0,1.0,2025-10-12 18:34:00,6
S000245,2025-10-26,consumption,校园超市,3.855,3.0,2025-10-26 11:27:00,6
S000245,2025-11-04,access,宿舍楼,0.0,1.0,2025-11-04 08:41:00,1
S000245,2025-11-17,consumption,食堂二楼,33.91,2.0,2025-11-17 17:21:00,0
S000246,2025-09-13,consumption,校园超市,6.22,1.0,2025-09-13 11:20:00,5
S000246,2025-09-15,access,宿舍楼,0.0,1.0,2025-09-15 23:48:00,0
S000246,2025-09-17,consumption,校园超市,24.04,3.0,2025-09-17 20:00:00,2
S000246,2025-10-04,access,宿舍楼,0.0,1.0,2025-10-04 11:10:00,5
S000246,2025-10-04,access,图书馆,0.0,1.0,2025-10-04 17:51:00,5
S000246,2025-10-14,access,宿舍楼,0.0,1.0,2025-10-14 12:32:00,1
S000246,2025-10-20,access,图书馆,0.0,1.0,2025-10-20 10:00:00,0
S000246,2025-10-21,consumption,快递点,0.98,1.0,2025-10-21 17:43:00,1
S000246,2025-10-28,consumption,快递点,2.63,2.0,2025-10-28 23:23:00,1
S000246,2025-11-02,consumption,开水房,2.31,1.0,2025-11-02 15:27:00,6
S000247,2025-09-07,access,宿舍楼,0.0,1.0,2025-09-07 14:27:00,6
S000247,2025-09-19,consumption,校园超市,19.48,2.0,2025-09-19 17:29:00,4
S000247,2025-10-08,consumption,食堂一楼,56.94,2.0,2025-10-08 16:19:00,2
S000247,2025-10-14,consumption,快递点,4.19,3.0,2025-10-14 14:11:00,1
S000247,2025-10-21,consumption,食堂一楼,42.07,3.0,2025-10-21 09:08:00,1
S000247,2025-10-29,consumption,食堂三楼,22.5,2.0,2025-10-29 07:09:00,2
S000247,2025-10-30,consumption,食堂一楼,41.41,2.0,2025-10-30 20:23:00,3
S000247,2025-11-18,access,宿舍楼,30.455,1.0,2025-11-18 19:03:00,1
S000247,2025-11-21,consumption,食堂一楼,19.5,2.0,2025-11-21 07:34:00,4
S000247,2025-11-28,consumption,快递点,4.57,3.0,2025-11-28 22:36:00,4
S000248,2025-09-01,consumption,食堂一楼,38.16,2.0,2025-09-01 10:17:00,0
S000248,2025-09-11,consumption,开水房,3.87,1.5,2025-09-11 18:01:00,3
S000248,2025-09-24,access,宿舍楼,0.0,1.0,2025-09-24 08:53:00,2
S000248,2025-09-29,consumption,食堂三楼,33.99,1.0,2025-09-29 08:39:00,0
S000248,2025-10-05,consumption,快递点,4.89,2.0,2025-10-05 09:14:00,6
S000248,2025-10-09,consumption,浴室,4.34,1.0,2025-10-09 07:23:00,3
S000248,2025-10-26,access,图书馆,0.0,1.0,2025-10-26 17:16:00,6
S000248,2025-11-04,consumption,浴室,2.29,1.5,2025-11-04 15:17:00,1
S000248,2025-11-13,consumption,快递点,4.71,2.0,2025-11-13 11:17:00,3
S000248,2025-11-17,access,图书馆,0.0,1.0,2025-11-17 14:32:00,0
S000249,2025-09-03,access,宿舍楼,0.0,1.0,2025-09-03 23:47:00,2
S000249,2025-09-05,consumption,浴室,4.85,3.0,2025-09-05 21:35:00,4
S000249,2025-10-07,access,宿舍楼,0.0,1.0,2025-10-07 19:40:00,1
S000249,2025-10-11,consumption,校园超市,60.59,1.0,2025-10-11 10:39:00,5
S000249,2025-10-14,consumption,食堂三楼,51.33,2.0,2025-10-14 10:29:00,1
S000249,2025-10-15,consumption,开水房,4.93,2.0,2025-10-15 15:18:00,2
S000249,2025-11-02,access,宿舍楼,0.0,1.0,2025-11-02 23:08:00,6
S000249,2025-11-03,consumption,开水房,1.27,2.0,2025-11-03 14:25:00,0
S000249,2025-11-14,consumption,食堂三楼,17.94,3.0,2025-11-14 19:26:00,4
S000249,2025-11-16,consumption,校园超市,5.69,2.0,2025-11-16 23:00:00,6
S000250,2025-09-13,consumption,开水房,2.38,2.0,2025-09-13 19:12:00,5
S000250,2025-09-15,consumption,食堂二楼,29.9,1.0,2025-09-15 18:35:00,0
S000250,2025-10-07,consumption,快递点,2.0,2.0,2025-10-07 11:43:00,1
S000250,2025-10-17,consumption,开水房,4.48,3.0,2025-10-17 16:32:00,4
S000250,2025-10-19,consumption,快递点,1.06,2.0,2025-10-19 12:13:00,6
S000250,2025-10-23,consumption,食堂二楼,31.41,2.0,2025-10-23 14:20:00,3
S000250,2025-10-30,consumption,校园超市,12.93,1.0,2025-10-30 11:25:00,3
S000250,2025-11-08,consumption,食堂二楼,27.95,2.0,2025-11-08 21:48:00,5
S000250,2025-11-16,consumption,校园超市,19.68,1.0,2025-11-16 16:39:00,6
S000250,2025-11-21,consumption,食堂二楼,17.53,1.0,2025-11-21 22:05:00,4
S000251,2025-09-05,consumption,校园超市,51.33,3.0,2025-09-05 21:55:00,4
S000251,2025-09-09,access,图书馆,0.0,1.0,2025-09-09 17:29:00,1
S000251,2025-09-25,access,图书馆,0.0,1.0,2025-09-25 15:23:00,3
S000251,2025-10-01,consumption,开水房,4.65,2.0,2025-10-01 10:18:00,2
S000251,2025-10-02,consumption,开水房,2.62,1.0,2025-10-02 17:01:00,3
S000251,2025-10-20,consumption,校园超市,31.03,2.0,2025-10-20 23:07:00,0
S000251,2025-10-29,consumption,浴室,2.5,1.0,2025-10-29 11:29:00,2
S000251,2025-10-30,access,图书馆,0.0,1.0,2025-10-30 08:47:00,3
S000251,2025-11-04,consumption,快递点,3.22,2.0,2025-11-04 11:15:00,1
S000251,2025-11-16,access,宿舍楼,0.0,1.0,2025-11-16 23:32:00,6
S000252,2025-09-08,consumption,校园超市,14.93,3.0,2025-09-08 07:23:00,0
S000252,2025-09-16,consumption,快递点,1.68,3.0,2025-09-16 09:46:00,1
S000252,2025-09-22,consumption,开水房,2.03,2.0,2025-09-22 21:13:00,0
S000252,2025-09-29,access,宿舍楼,0.0,1.0,2025-09-29 15:19:00,0
S000252,2025-10-02,access,宿舍楼,0.0,1.0,2025-10-02 15:44:00,3
S000252,2025-10-04,consumption,开水房,3.62,2.0,2025-10-04 21:48:00,5
S000252,2025-10-06,consumption,快递点,1.81,3.0,2025-10-06 15:01:00,0
S000252,2025-10-22,access,宿舍楼,0.0,1.0,2025-10-22 19:50:00,2
S000252,2025-10-27,consumption,校园超市,37.24,3.0,2025-10-27 14:36:00,0
S000252,2025-11-17,consumption,浴室,3.72,2.0,2025-11-17 21:52:00,0
S000253,2025-09-21,consumption,食堂三楼,5.9,2.0,2025-09-21 20:43:00,6
S000253,2025-09-22,access,图书馆,0.0,1.0,2025-09-22 17:54:00,0
S000253,2025-09-22,access,宿舍楼,0.0,1.0,2025-09-22 11:30:00,0
S000253,2025-09-27,consumption,食堂三楼,12.84,3.0,2025-09-27 09:41:00,5
S000253,2025-10-08,consumption,快递点,3.63,1.0,2025-10-08 15:54:00,2
S000253,2025-10-09,consumption,食堂一楼,10.28,2.0,2025-10-09 17:46:00,3
S000253,2025-10-19,consumption,食堂一楼,14.02,2.0,2025-10-19 13:19:00,6
S000253,2025-10-20,consumption,食堂二楼,43.57,1.0,2025-10-20 12:37:00,0
S000253,2025-11-04,consumption,食堂三楼,21.785,2.0,2025-11-04 21:41:00,1
S000253,2025-11-05,access,宿舍楼,0.0,1.0,2025-11-05 21:39:00,2
S000254,2025-09-05,consumption,食堂一楼,19.42,2.0,2025-09-05 22:04:00,4
S000254,2025-09-08,consumption,浴室,1.62,2.0,2025-09-08 11:44:00,0
S000254,2025-09-13,consumption,快递点,0.73,3.0,2025-09-13 08:12:00,5
S000254,2025-09-25,access,图书馆,25.785000000000004,1.0,2025-09-25 10:33:00,3
S000254,2025-09-26,consumption,校园超市,50.84,3.0,2025-09-26 06:53:00,4
S000254,2025-10-05,consumption,浴室,4.31,3.0,2025-10-05 08:51:00,6
S000254,2025-10-09,consumption,食堂二楼,29.17,1.0,2025-10-09 21:29:00,3
S000254,2025-10-29,consumption,浴室,1.7,2.0,2025-10-29 08:47:00,2
S000254,2025-11-07,access,图书馆,0.0,1.0,2025-11-07 13:42:00,4
S000254,2025-11-23,access,图书馆,0.0,1.0,2025-11-23 19:45:00,6
S000255,2025-10-10,consumption,食堂一楼,19.17,1.0,2025-10-10 21:00:00,4
S000255,2025-10-11,access,宿舍楼,0.0,1.0,2025-10-11 21:10:00,5
S000255,2025-10-23,consumption,校园超市,21.36,3.0,2025-10-23 11:21:00,3
S000255,2025-10-26,access,图书馆,0.0,1.0,2025-10-26 19:56:00,6
S000255,2025-10-27,access,图书馆,0.0,1.0,2025-10-27 17:51:00,0
S000255,2025-11-01,consumption,食堂一楼,23.96,2.0,2025-11-01 12:06:00,5
S000255,2025-11-04,consumption,食堂三楼,12.92,3.0,2025-11-04 15:16:00,1
S000255,2025-11-08,consumption,食堂三楼,40.37,3.0,2025-11-08 23:32:00,5
S000255,2025-11-09,consumption,浴室,2.69,3.0,2025-11-09 06:37:00,6
S000255,2025-11-21,consumption,校园超市,29.42,1.0,2025-11-21 14:48:00,4
S000256,2025-09-14,access,图书馆,0.0,1.0,2025-09-14 12:32:00,6
S000256,2025-09-19,consumption,开水房,2.09,3.0,2025-09-19 16:28:00,4
S000256,2025-09-21,consumption,浴室,4.92,3.0,2025-09-21 19:49:00,6
S000256,2025-09-23,consumption,校园超市,5.78,3.0,2025-09-23 15:06:00,1
S000256,2025-10-05,consumption,食堂三楼,19.81,2.0,2025-10-05 15:23:00,6
S000256,2025-10-10,consumption,浴室,2.62,3.0,2025-10-10 15:59:00,4
S000256,2025-10-10,consumption,校园超市,66.73,2.0,2025-10-10 06:48:00,4
S000256,2025-10-21,access,图书馆,0.0,1.0,2025-10-21 17:42:00,1
S000256,2025-10-27,consumption,开水房,2.92,1.0,2025-10-27 12:49:00,0
S000256,2025-11-18,consumption,开水房,1.2,1.0,2025-11-18 12:49:00,1
S000257,2025-09-10,consumption,快递点,3.8,1.0,2025-09-10 10:37:00,2
S000257,2025-09-13,consumption,食堂三楼,20.89,2.0,2025-09-13 23:23:00,5
S000257,2025-09-21,consumption,校园超市,15.19,3.0,2025-09-21 21:02:00,6
S000257,2025-10-06,consumption,开水房,1.41,3.0,2025-10-06 14:18:00,0
S000257,2025-10-18,consumption,校园超市,15.2,2.0,2025-10-18 16:35:00,5
S000257,2025-10-22,consumption,校园超市,39.65,2.0,2025-10-22 10:29:00,2
S000257,2025-10-27,access,图书馆,0.0,1.0,2025-10-27 09:15:00,0
S000257,2025-10-27,access,图书馆,0.0,1.0,2025-10-27 15:08:00,0
S000257,2025-11-11,access,图书馆,0.0,1.0,2025-11-11 17:32:00,1
S000257,2025-11-24,consumption,开水房,2.69,1.0,2025-11-24 18:03:00,0
S000258,2025-09-03,consumption,开水房,2.35,2.0,2025-09-03 21:51:00,2
S000258,2025-09-03,consumption,食堂一楼,30.42,3.0,2025-09-03 16:50:00,2
S000258,2025-09-07,access,图书馆,0.0,1.0,2025-09-07 16:23:00,6
S000258,2025-10-08,consumption,食堂二楼,3.855,1.0,2025-10-08 16:54:00,2
S000258,2025-10-09,consumption,浴室,0.9,1.5,2025-10-09 16:36:00,3
S000258,2025-10-12,consumption,校园超市,27.26,2.0,2025-10-12 16:12:00,6
S000258,2025-10-17,access,宿舍楼,0.0,1.0,2025-10-17 12:11:00,4
S000258,2025-11-08,consumption,浴室,2.0,1.0,2025-11-08 08:36:00,5
S000258,2025-11-09,access,宿舍楼,0.0,1.0,2025-11-09 23:33:00,6
S000258,2025-11-26,access,宿舍楼,0.0,1.0,2025-11-26 14:38:00,2
S000259,2025-09-02,consumption,校园超市,17.17,1.0,2025-09-02 14:54:00,1
S000259,2025-09-03,consumption,食堂三楼,21.55,1.0,2025-09-03 18:01:00,2
S000259,2025-09-12,access,图书馆,0.0,1.0,2025-09-12 16:10:00,4
S000259,2025-09-19,consumption,食堂二楼,23.67,1.0,2025-09-19 06:34:00,4
S000259,2025-09-29,consumption,快递点,1.97,2.0,2025-09-29 12:49:00,0
S000259,2025-10-06,consumption,开水房,1.18,2.0,2025-10-06 08:11:00,0
S000259,2025-10-30,consumption,食堂二楼,41.06,1.0,2025-10-30 19:52:00,3
S000259,2025-11-05,access,图书馆,0.0,1.0,2025-11-05 17:59:00,2
S000259,2025-11-13,access,图书馆,0.0,1.0,2025-11-13 11:49:00,3
S000259,2025-11-22,consumption,校园超市,24.31,3.0,2025-11-22 19:56:00,5
S000260,2025-09-27,consumption,校园超市,18.83,2.0,2025-09-27 18:12:00,5
S000260,2025-09-27,access,图书馆,0.0,1.0,2025-09-27 09:11:00,5
S000260,2025-09-27,consumption,校园超市,21.39,3.0,2025-09-27 17:47:00,5
S000260,2025-09-30,consumption,食堂二楼,35.3,2.0,2025-09-30 11:27:00,1
S000260,2025-10-05,consumption,食堂二楼,25.18,2.0,2025-10-05 06:08:00,6
S000260,2025-10-11,consumption,食堂二楼,9.03,1.0,2025-10-11 22:23:00,5
S000260,2025-10-27,consumption,校园超市,36.09,1.0,2025-10-27 20:55:00,0
S000260,2025-11-04,access,图书馆,0.0,1.5,2025-11-04 10:48:00,1
S000260,2025-11-09,consumption,食堂一楼,24.08,2.0,2025-11-09 16:59:00,6
S000260,2025-11-17,access,图书馆,0.0,1.0,2025-11-17 20:08:00,0
S000261,2025-09-05,consumption,快递点,1.44,3.0,2025-09-05 15:23:00,4
S000261,2025-09-17,consumption,食堂二楼,40.41,3.0,2025-09-17 21:48:00,2
S000261,2025-09-19,access,图书馆,0.0,1.0,2025-09-19 17:00:00,4
S000261,2025-10-17,access,图书馆,0.0,1.0,2025-10-17 14:54:00,4
S000261,2025-10-19,access,宿舍楼,14.585,1.0,2025-10-19 09:22:00,6
S000261,2025-10-31,consumption,食堂三楼,29.17,3.0,2025-10-31 16:02:00,4
S000261,2025-11-01,consumption,食堂一楼,14.585,2.0,2025-11-01 06:00:00,5
S000261,2025-11-06,access,图书馆,0.0,1.0,2025-11-06 13:56:00,3
S000261,2025-11-19,consumption,食堂二楼,5.77,2.0,2025-11-19 11:11:00,2
S000261,2025-11-23,consumption,开水房,0.88,3.0,2025-11-23 18:56:00,6
S000262,2025-09-04,consumption,校园超市,17.96,1.0,2025-09-04 10:58:00,3
S000262,2025-09-09,consumption,校园超市,8.98,2.0,2025-09-09 19:54:00,1
S000262,2025-09-15,access,图书馆,0.0,1.0,2025-09-15 15:13:00,0
S000262,2025-09-21,consumption,食堂三楼,14.59,1.0,2025-09-21 08:26:00,6
S000262,2025-10-10,consumption,食堂三楼,3.855,2.0,2025-10-10 16:01:00,4
S000262,2025-10-23,consumption,校园超市,48.74,3.0,2025-10-23 22:10:00,3
S000262,2025-10-31,consumption,食堂三楼,14.49,1.0,2025-10-31 16:42:00,4
S000262,2025-11-08,consumption,快递点,3.21,3.0,2025-11-08 06:19:00,5
S000262,2025-11-09,consumption,浴室,3.51,1.0,2025-11-09 21:31:00,6
S000262,2025-11-13,consumption,食堂二楼,17.96,3.0,2025-11-13 10:51:00,3
S000263,2025-09-19,consumption,食堂一楼,63.88,3.0,2025-09-19 09:45:00,4
S000263,2025-09-28,consumption,食堂三楼,27.35,3.0,2025-09-28 20:07:00,6
S000263,2025-10-06,consumption,浴室,4.66,2.0,2025-10-06 11:16:00,0
S000263,2025-10-20,consumption,快递点,1.39,1.0,2025-10-20 06:09:00,0
S000263,2025-10-22,consumption,浴室,0.97,1.0,2025-10-22 14:11:00,2
S000263,2025-10-25,consumption,食堂二楼,22.3,3.0,2025-10-25 07:47:00,5
S000263,2025-11-13,access,宿舍楼,0.0,1.0,2025-11-13 10:20:00,3
S000263,2025-11-13,consumption,快递点,2.05,3.0,2025-11-13 18:28:00,3
S000263,2025-11-21,consumption,快递点,1.57,2.0,2025-11-21 16:00:00,4
S000263,2025-11-24,consumption,开水房,4.88,3.0,2025-11-24 22:33:00,0
S000264,2025-09-03,consumption,开水房,2.09,3.0,2025-09-03 10:36:00,2
S000264,2025-09-24,consumption,浴室,1.38,3.0,2025-09-24 13:49:00,2
S000264,2025-09-30,access,图书馆,16.405,1.0,2025-09-30 09:35:00,1
S000264,2025-10-08,consumption,食堂三楼,31.43,2.0,2025-10-08 20:27:00,2
S000264,2025-10-14,access,宿舍楼,0.0,1.0,2025-10-14 23:29:00,1
S000264,2025-10-17,consumption,食堂一楼,37.9,2.0,2025-10-17 10:06:00,4
S000264,2025-11-07,consumption,快递点,2.9,3.0,2025-11-07 13:44:00,4
S000264,2025-11-07,consumption,食堂二楼,26.45,1.0,2025-11-07 11:40:00,4
S000264,2025-11-10,access,图书馆,0.0,1.0,2025-11-10 21:32:00,0
S000264,2025-11-24,consumption,快递点,2.04,1.0,2025-11-24 14:04:00,0
S000265,2025-09-18,access,宿舍楼,0.0,1.0,2025-09-18 06:04:00,3
S000265,2025-09-19,consumption,食堂二楼,3.855,1.0,2025-09-19 18:50:00,4
S000265,2025-09-20,consumption,浴室,2.41,1.0,2025-09-20 14:03:00,5
S000265,2025-09-21,consumption,校园超市,19.18,3.0,2025-09-21 12:15:00,6
S000265,2025-10-03,access,宿舍楼,23.155,1.0,2025-10-03 12:59:00,4
S000265,2025-10-15,consumption,食堂三楼,27.13,1.0,2025-10-15 18:07:00,2
S000265,2025-10-22,consumption,浴室,4.87,2.0,2025-10-22 20:20:00,2
S000265,2025-11-14,access,图书馆,0.0,1.0,2025-11-14 11:28:00,4
S000265,2025-11-18,consumption,食堂一楼,29.44,1.0,2025-11-18 19:08:00,1
S000265,2025-11-21,access,图书馆,0.0,1.0,2025-11-21 21:59:00,4
S000266,2025-09-10,access,宿舍楼,0.0,1.0,2025-09-10 14:02:00,2
S000266,2025-09-14,access,宿舍楼,0.0,1.0,2025-09-14 14:57:00,6
S000266,2025-09-19,consumption,快递点,1.97,3.0,2025-09-19 09:33:00,4
S000266,2025-10-03,consumption,食堂三楼,33.76,2.0,2025-10-03 14:22:00,4
S000266,2025-10-08,consumption,食堂一楼,44.41,1.0,2025-10-08 17:15:00,2
S000266,2025-10-10,consumption,快递点,3.33,2.0,2025-10-10 13:42:00,4
S000266,2025-10-19,access,宿舍楼,0.0,1.0,2025-10-19 09:40:00,6
S000266,2025-10-27,consumption,食堂一楼,41.48,3.0,2025-10-27 20:09:00,0
S000266,2025-10-30,consumption,食堂二楼,42.64,3.0,2025-10-30 21:48:00,3
S000266,2025-11-25,consumption,开水房,4.83,2.0,2025-11-25 07:40:00,1
S000267,2025-09-11,consumption,开水房,4.13,1.0,2025-09-11 21:14:00,3
S000267,2025-09-13,consumption,快递点,1.57,3.0,2025-09-13 19:52:00,5
S000267,2025-10-21,access,图书馆,0.0,1.0,2025-10-21 13:41:00,1
S000267,2025-10-23,access,宿舍楼,0.0,1.0,2025-10-23 14:22:00,3
S000267,2025-10-27,access,图书馆,0.0,1.0,2025-10-27 14:52:00,0
S000267,2025-11-12,consumption,开水房,4.76,1.0,2025-11-12 15:58:00,2
S000267,2025-11-15,consumption,食堂三楼,13.85,1.0,2025-11-15 21:35:00,5
S000267,2025-11-17,access,宿舍楼,0.0,1.0,2025-11-17 22:55:00,0
S000267,2025-11-20,access,宿舍楼,0.0,1.0,2025-11-20 06:13:00,3
S000267,2025-11-25,consumption,浴室,0.99,3.0,2025-11-25 09:36:00,1
S000268,2025-09-07,consumption,开水房,4.96,2.0,2025-09-07 11:13:00,6
S000268,2025-09-12,consumption,浴室,2.92,1.0,2025-09-12 16:53:00,4
S000268,2025-10-10,consumption,开水房,0.91,2.0,2025-10-10 16:39:00,4
S000268,2025-10-12,consumption,食堂二楼,13.83,3.0,2025-10-12 15:58:00,6
S000268,2025-10-14,access,宿舍楼,0.0,1.0,2025-10-14 11:10:00,1
S000268,2025-10-15,access,图书馆,0.0,1.0,2025-10-15 21:31:00,2
S000268,2025-11-03,consumption,快递点,2.22,2.0,2025-11-03 21:22:00,0
S000268,2025-11-04,access,宿舍楼,0.0,1.0,2025-11-04 23:34:00,1
S000268,2025-11-11,access,宿舍楼,0.0,1.0,2025-11-11 18:48:00,1
S000268,2025-11-27,consumption,食堂二楼,55.52,2.0,2025-11-27 20:50:00,3
S000269,2025-09-06,consumption,食堂二楼,23.76,3.0,2025-09-06 14:01:00,5
S000269,2025-09-23,consumption,开水房,0.84,1.0,2025-09-23 08:45:00,1
S000269,2025-10-02,access,宿舍楼,8.83,1.0,2025-10-02 20:26:00,3
S000269,2025-10-08,consumption,食堂一楼,16.82,2.0,2025-10-08 13:28:00,2
S000269,2025-10-14,consumption,校园超市,25.59,1.0,2025-10-14 18:06:00,1
S000269,2025-10-22,consumption,校园超市,15.254999999999999,3.0,2025-10-22 14:45:00,2
S000269,2025-11-03,consumption,开水房,4.92,1.0,2025-11-03 13:28:00,0
S000269,2025-11-11,consumption,浴室,1.37,1.0,2025-11-11 22:37:00,1
S000269,2025-11-16,access,宿舍楼,0.0,1.0,2025-11-16 14:09:00,6
S000269,2025-11-22,access,图书馆,0.0,1.0,2025-11-22 08:18:00,5
S000270,2025-10-11,consumption,快递点,3.22,3.0,2025-10-11 17:45:00,5
S000270,2025-10-16,consumption,开水房,1.11,3.0,2025-10-16 13:50:00,3
S000270,2025-10-17,access,宿舍楼,0.555,1.0,2025-10-17 19:23:00,4
S000270,2025-10-17,access,图书馆,0.0,1.0,2025-10-17 13:34:00,4
S000270,2025-11-08,consumption,食堂一楼,28.81,3.0,2025-11-08 21:34:00,5
S000270,2025-11-11,consumption,食堂三楼,54.97,2.0,2025-11-11 10:04:00,1
S000270,2025-11-13,access,宿舍楼,0.0,1.0,2025-11-13 20:31:00,3
S000270,2025-11-15,consumption,食堂二楼,30.29,1.0,2025-11-15 23:28:00,5
S000270,2025-11-27,consumption,开水房,1.74,2.0,2025-11-27 06:45:00,3
S000270,2025-11-29,consumption,浴室,4.19,1.0,2025-11-29 20:17:00,5
S000271,2025-09-04,consumption,校园超市,28.87,3.0,2025-09-04 09:21:00,3
S000271,2025-09-07,access,宿舍楼,0.0,1.0,2025-09-07 09:49:00,6
S000271,2025-09-10,consumption,浴室,2.36,1.0,2025-09-10 12:15:00,2
S000271,2025-09-12,consumption,校园超市,22.9,3.0,2025-09-12 18:51:00,4
S000271,2025-10-23,consumption,校园超市,43.44,2.3333333333333335,2025-10-23 16:11:00,3
S000271,2025-11-09,access,宿舍楼,0.0,1.6666666666666667,2025-11-09 06:39:00,6
S000271,2025-11-12,access,宿舍楼,0.0,1.0,2025-11-12 10:49:00,2
S000271,2025-11-16,consumption,开水房,3.94,1.0,2025-11-16 18:13:00,6
S000271,2025-11-16,access,图书馆,3.79,1.0,2025-11-16 21:11:00,6
S000271,2025-11-24,consumption,浴室,3.64,2.0,2025-11-24 16:14:00,0
S000272,2025-09-02,consumption,校园超市,15.83,1.0,2025-09-02 06:51:00,1
S000272,2025-09-08,consumption,食堂一楼,34.83,1.0,2025-09-08 06:33:00,0
S000272,2025-09-13,consumption,食堂二楼,44.47,3.0,2025-09-13 19:56:00,5
S000272,2025-09-13,consumption,食堂一楼,33.07,3.0,2025-09-13 07:35:00,5
S000272,2025-09-30,consumption,开水房,23.175,2.0,2025-09-30 20:48:00,1
S000272,2025-10-03,consumption,食堂二楼,13.28,2.0,2025-10-03 18:12:00,4
S000272,2025-10-27,access,图书馆,0.0,1.0,2025-10-27 16:09:00,0
S000272,2025-11-12,consumption,快递点,0.81,1.0,2025-11-12 12:40:00,2
S000272,2025-11-19,consumption,浴室,1.48,2.0,2025-11-19 09:55:00,2
S000272,2025-11-27,access,宿舍楼,1.48,1.0,2025-11-27 11:57:00,3
S000273,2025-09-09,consumption,食堂三楼,26.12,1.0,2025-09-09 13:52:00,1
S000273,2025-09-12,consumption,食堂三楼,24.72,3.0,2025-09-12 23:33:00,4
S000273,2025-09-24,consumption,食堂二楼,22.76,2.0,2025-09-24 21:12:00,2
S000273,2025-10-10,access,图书馆,0.0,1.0,2025-10-10 13:43:00,4
S000273,2025-10-20,access,图书馆,0.0,1.0,2025-10-20 18:35:00,0
S000273,2025-10-21,access,图书馆,0.0,1.0,2025-10-21 12:20:00,1
S000273,2025-10-27,consumption,食堂一楼,48.81,3.0,2025-10-27 09:51:00,0
S000273,2025-11-01,access,图书馆,0.0,1.0,2025-11-01 21:33:00,5
S000273,2025-11-02,consumption,校园超市,17.49,1.0,2025-11-02 17:03:00,6
S000273,2025-11-17,consumption,浴室,4.64,2.0,2025-11-17 23:53:00,0
S000274,2025-09-07,consumption,食堂一楼,54.45,2.0,2025-09-07 18:12:00,6
S000274,2025-09-18,consumption,食堂二楼,14.18,2.0,2025-09-18 19:25:00,3
S000274,2025-09-29,access,图书馆,0.0,2.0,2025-09-29 19:13:00,0
S000274,2025-10-12,consumption,浴室,2.25,2.0,2025-10-12 15:49:00,6
S000274,2025-10-16,access,图书馆,0.0,1.0,2025-10-16 21:52:00,3
S000274,2025-10-26,consumption,校园超市,6.35,1.0,2025-10-26 21:06:00,6
S000274,2025-11-15,access,图书馆,0.0,1.0,2025-11-15 18:20:00,5
S000274,2025-11-27,consumption,浴室,4.24,1.0,2025-11-27 08:19:00,3
S000274,2025-11-27,access,图书馆,0.0,1.0,2025-11-27 16:23:00,3
S000274,2025-11-27,consumption,食堂二楼,16.06,1.0,2025-11-27 20:11:00,3
S000275,2025-09-02,consumption,校园超市,6.97,2.0,2025-09-02 14:53:00,1
S000275,2025-09-02,consumption,校园超市,3.855,1.0,2025-09-02 20:08:00,1
S000275,2025-09-25,access,宿舍楼,0.0,1.0,2025-09-25 14:38:00,3
S000275,2025-10-13,access,宿舍楼,0.0,1.0,2025-10-13 13:23:00,0
S000275,2025-10-22,consumption,食堂二楼,8.36,3.0,2025-10-22 13:39:00,2
S000275,2025-11-03,consumption,开水房,3.26,1.0,2025-11-03 18:13:00,0
S000275,2025-11-23,access,宿舍楼,0.0,1.0,2025-11-23 19:44:00,6
S000275,2025-11-24,consumption,食堂一楼,40.65,3.0,2025-11-24 09:07:00,0
S000275,2025-11-25,consumption,校园超市,12.05,3.0,2025-11-25 15:13:00,1
S000275,2025-11-28,consumption,食堂三楼,14.94,1.0,2025-11-28 13:42:00,4
S000276,2025-09-15,consumption,快递点,2.25,1.0,2025-09-15 08:15:00,0
S000276,2025-09-21,access,宿舍楼,0.0,1.0,2025-09-21 08:11:00,6
S000276,2025-09-26,access,宿舍楼,0.0,1.0,2025-09-26 12:08:00,4
S000276,2025-10-03,access,宿舍楼,0.0,1.0,2025-10-03 20:12:00,4
S000276,2025-10-11,consumption,食堂一楼,3.855,1.0,2025-10-11 16:55:00,5
S000276,2025-10-26,consumption,校园超市,11.58,3.0,2025-10-26 10:28:00,6
S000276,2025-11-06,access,宿舍楼,0.0,1.0,2025-11-06 21:06:00,3
S000276,2025-11-08,consumption,开水房,1.65,3.0,2025-11-08 18:18:00,5
S000276,2025-11-08,consumption,快递点,3.07,1.0,2025-11-08 09:25:00,5
S000276,2025-11-16,access,图书馆,0.0,1.0,2025-11-16 20:13:00,6
S000277,2025-09-09,consumption,开水房,1.37,3.0,2025-09-09 20:01:00,1
S000277,2025-09-09,consumption,浴室,2.985,3.0,2025-09-09 11:46:00,1
S000277,2025-09-10,consumption,快递点,4.6,3.0,2025-09-10 18:18:00,2
S000277,2025-09-29,access,图书馆,0.0,1.0,2025-09-29 17:34:00,0
S000277,2025-10-12,consumption,食堂二楼,7.03,1.0,2025-10-12 13:00:00,6
S000277,2025-10-19,consumption,食堂一楼,3.855,2.0,2025-10-19 09:54:00,6
S000277,2025-10-27,consumption,食堂二楼,20.85,3.0,2025-10-27 22:18:00,0
S000277,2025-11-11,consumption,浴室,4.84,1.0,2025-11-11 09:43:00,1
S000277,2025-11-22,consumption,校园超市,44.05,1.0,2025-11-22 15:32:00,5
S000277,2025-11-27,consumption,校园超市,6.61,3.0,2025-11-27 13:43:00,3
S000278,2025-09-06,consumption,开水房,4.46,1.0,2025-09-06 18:08:00,5
S000278,2025-09-20,consumption,食堂三楼,40.91,1.0,2025-09-20 10:18:00,5
S000278,2025-09-21,consumption,食堂一楼,3.855,2.0,2025-09-21 15:09:00,6
S000278,2025-10-02,consumption,食堂二楼,37.59,3.0,2025-10-02 12:55:00,3
S000278,2025-10-12,consumption,食堂二楼,33.03,3.0,2025-10-12 22:13:00,6
S000278,2025-10-28,consumption,校园超市,31.54,3.0,2025-10-28 17:21:00,1
S000278,2025-11-02,consumption,食堂三楼,46.165,3.0,2025-11-02 20:30:00,6
S000278,2025-11-20,consumption,校园超市,60.79,2.0,2025-11-20 19:29:00,3
S000278,2025-11-21,access,宿舍楼,0.0,1.0,2025-11-21 14:56:00,4
S000278,2025-11-24,access,宿舍楼,0.0,1.0,2025-11-24 20:35:00,0
S000279,2025-09-07,consumption,食堂一楼,3.855,2.0,2025-09-07 17:12:00,6
S000279,2025-09-13,access,图书馆,0.0,2.5,2025-09-13 08:00:00,5
S000279,2025-09-26,consumption,浴室,4.5,3.0,2025-09-26 18:59:00,4
S000279,2025-10-02,access,图书馆,0.0,2.5,2025-10-02 20:59:00,3
S000279,2025-10-22,consumption,快递点,1.39,2.0,2025-10-22 16:29:00,2
S000279,2025-10-23,consumption,食堂三楼,35.85,1.0,2025-10-23 18:09:00,3
S000279,2025-10-31,consumption,开水房,2.54,3.0,2025-10-31 19:03:00,4
S000279,2025-11-02,consumption,快递点,3.26,3.0,2025-11-02 07:43:00,6
S000279,2025-11-06,consumption,校园超市,25.15,3.0,2025-11-06 12:24:00,3
S000279,2025-11-12,consumption,食堂三楼,25.84,3.0,2025-11-12 10:41:00,2
S000280,2025-09-06,consumption,校园超市,18.57,2.0,2025-09-06 18:30:00,5
S000280,2025-09-20,access,宿舍楼,0.0,1.0,2025-09-20 08:23:00,5
S000280,2025-09-20,consumption,食堂一楼,21.32,3.0,2025-09-20 19:10:00,5
S000280,2025-09-22,access,宿舍楼,0.0,1.0,2025-09-22 20:37:00,0
S000280,2025-10-02,access,图书馆,0.0,1.0,2025-10-02 15:06:00,3
S000280,2025-10-14,access,宿舍楼,0.0,2.0,2025-10-14 08:11:00,1
S000280,2025-11-11,consumption,校园超市,5.18,3.0,2025-11-11 14:44:00,1
S000280,2025-11-13,consumption,食堂一楼,14.96,2.0,2025-11-13 17:56:00,3
S000280,2025-11-19,access,宿舍楼,0.0,1.0,2025-11-19 21:21:00,2
S000280,2025-11-30,consumption,食堂三楼,16.83,1.0,2025-11-30 23:10:00,6
S000281,2025-09-03,consumption,食堂二楼,38.83,1.0,2025-09-03 18:24:00,2
S000281,2025-09-17,access,图书馆,0.0,1.0,2025-09-17 19:36:00,2
S000281,2025-09-18,consumption,开水房,2.27,1.0,2025-09-18 09:59:00,3
S000281,2025-09-22,consumption,食堂二楼,26.84,3.0,2025-09-22 15:16:00,0
S000281,2025-10-28,access,宿舍楼,0.0,1.0,2025-10-28 07:17:00,1
S000281,2025-11-05,consumption,浴室,4.57,1.0,2025-11-05 21:20:00,2
S000281,2025-11-15,consumption,食堂二楼,14.13,2.0,2025-11-15 14:12:00,5
S000281,2025-11-17,access,宿舍楼,0.0,1.0,2025-11-17 06:39:00,0
S000281,2025-11-24,consumption,食堂一楼,49.21,2.0,2025-11-24 23:02:00,0
S000281,2025-11-25,consumption,开水房,1.94,2.0,2025-11-25 08:22:00,1
S000282,2025-09-05,consumption,食堂三楼,11.19,3.0,2025-09-05 18:21:00,4
S000282,2025-09-12,access,图书馆,0.0,1.0,2025-09-12 19:00:00,4
S000282,2025-09-17,access,图书馆,0.0,1.0,2025-09-17 11:04:00,2
S000282,2025-09-23,consumption,食堂二楼,15.01,3.0,2025-09-23 13:49:00,1
S000282,2025-09-25,consumption,食堂三楼,39.27,1.0,2025-09-25 20:58:00,3
S000282,2025-10-14,consumption,食堂三楼,14.96,3.0,2025-10-14 14:35:00,1
S000282,2025-10-14,access,图书馆,0.0,1.0,2025-10-14 10:37:00,1
S000282,2025-10-17,access,宿舍楼,1.5366666666666668,1.0,2025-10-17 19:45:00,4
S000282,2025-11-20,access,宿舍楼,3.0733333333333337,1.0,2025-11-20 16:50:00,3
S000282,2025-11-25,consumption,开水房,4.61,3.0,2025-11-25 09:01:00,1
S000283,2025-09-10,consumption,快递点,1.95,1.0,2025-09-10 11:25:00,2
S000283,2025-09-11,consumption,开水房,4.78,1.0,2025-09-11 19:50:00,3
S000283,2025-09-11,consumption,食堂二楼,12.59,2.0,2025-09-11 10:56:00,3
S000283,2025-10-12,consumption,食堂二楼,15.12,2.0,2025-10-12 12:45:00,6
S000283,2025-11-03,consumption,食堂二楼,25.86,2.0,2025-11-03 15:46:00,0
S000283,2025-11-09,consumption,食堂二楼,18.16,3.0,2025-11-09 09:44:00,6
S000283,2025-11-21,access,宿舍楼,0.0,1.0,2025-11-21 19:32:00,4
S000283,2025-11-25,consumption,食堂一楼,21.93,1.0,2025-11-25 10:12:00,1
S000283,2025-11-26,consumption,快递点,0.78,1.0,2025-11-26 22:00:00,2
S000283,2025-11-27,consumption,食堂一楼,0.78,3.0,2025-11-27 08:24:00,3
S000284,2025-09-08,consumption,快递点,2.44,3.0,2025-09-08 20:00:00,0
S000284,2025-09-21,consumption,食堂一楼,11.06,2.0,2025-09-21 17:57:00,6
S000284,2025-09-25,consumption,食堂二楼,24.29,1.0,2025-09-25 17:26:00,3
S000284,2025-10-01,consumption,开水房,4.51,3.0,2025-10-01 14:18:00,2
S000284,2025-10-04,access,宿舍楼,0.0,1.0,2025-10-04 20:22:00,5
S000284,2025-10-30,access,宿舍楼,0.0,1.0,2025-10-30 18:29:00,3
S000284,2025-10-30,consumption,食堂二楼,32.34,3.0,2025-10-30 18:26:00,3
S000284,2025-11-01,consumption,食堂三楼,29.14,2.0,2025-11-01 16:34:00,5
S000284,2025-11-21,consumption,校园超市,25.94,2.0,2025-11-21 17:47:00,4
S000284,2025-11-26,consumption,浴室,3.97,2.0,2025-11-26 08:36:00,2
S000285,2025-09-04,access,宿舍楼,0.0,1.0,2025-09-04 18:55:00,3
S000285,2025-09-08,consumption,食堂一楼,26.08,1.0,2025-09-08 16:45:00,0
S000285,2025-09-28,consumption,校园超市,59.82,2.0,2025-09-28 10:17:00,6
S000285,2025-09-28,consumption,食堂一楼,25.14,2.0,2025-09-28 11:21:00,6
S000285,2025-10-14,consumption,校园超市,22.2,2.0,2025-10-14 11:19:00,1
S000285,2025-10-26,access,图书馆,0.0,1.0,2025-10-26 15:42:00,6
S000285,2025-11-01,consumption,食堂二楼,32.19,1.0,2025-11-01 22:31:00,5
S000285,2025-11-10,consumption,食堂二楼,19.79,2.0,2025-11-10 21:27:00,0
S000285,2025-11-20,consumption,食堂三楼,27.44,1.0,2025-11-20 19:50:00,3
S000285,2025-11-24,access,图书馆,0.0,1.0,2025-11-24 17:11:00,0
S000286,2025-09-13,consumption,食堂二楼,13.17,3.0,2025-09-13 16:05:00,5
S000286,2025-10-02,consumption,校园超市,3.855,1.0,2025-10-02 16:32:00,3
S000286,2025-10-07,consumption,食堂三楼,25.04,3.0,2025-10-07 10:23:00,1
S000286,2025-10-11,consumption,校园超市,11.82,2.0,2025-10-11 23:21:00,5
S000286,2025-10-18,consumption,食堂二楼,17.27,2.0,2025-10-18 13:58:00,5
S000286,2025-11-07,consumption,浴室,4.55,3.0,2025-11-07 14:04:00,4
S000286,2025-11-12,access,图书馆,0.0,1.0,2025-11-12 08:28:00,2
S000286,2025-11-13,access,图书馆,4.056666666666667,1.0,2025-11-13 10:20:00,3
S000286,2025-11-20,consumption,浴室,8.113333333333333,1.0,2025-11-20 10:33:00,3
S000286,2025-11-20,consumption,食堂二楼,12.17,3.0,2025-11-20 13:52:00,3
S000287,2025-09-08,consumption,食堂二楼,17.13,3.0,2025-09-08 06:20:00,0
S000287,2025-09-08,access,图书馆,0.0,1.0,2025-09-08 16:51:00,0
S000287,2025-09-19,consumption,校园超市,15.86,1.0,2025-09-19 11:38:00,4
S000287,2025-10-04,consumption,食堂三楼,38.38,1.0,2025-10-04 06:41:00,5
S000287,2025-10-05,access,宿舍楼,0.0,1.0,2025-10-05 16:38:00,6
S000287,2025-10-16,access,宿舍楼,0.0,1.0,2025-10-16 23:09:00,3
S000287,2025-10-28,consumption,食堂二楼,17.35,2.0,2025-10-28 10:23:00,1
S000287,2025-11-04,consumption,快递点,2.19,3.0,2025-11-04 06:19:00,1
S000287,2025-11-08,consumption,快递点,3.41,3.0,2025-11-08 09:18:00,5
S000287,2025-11-22,access,图书馆,0.0,3.0,2025-11-22 13:29:00,5
S000288,2025-09-03,consumption,快递点,1.97,2.0,2025-09-03 17:09:00,2
S000288,2025-09-11,consumption,快递点,0.81,1.5,2025-09-11 23:03:00,3
S000288,2025-09-17,consumption,食堂一楼,17.52,1.0,2025-09-17 10:06:00,2
S000288,2025-10-06,consumption,浴室,2.54,1.0,2025-10-06 10:20:00,0
S000288,2025-10-11,access,宿舍楼,0.0,1.0,2025-10-11 23:01:00,5
S000288,2025-10-12,consumption,浴室,0.68,3.0,2025-10-12 07:46:00,6
S000288,2025-10-27,access,图书馆,0.0,1.0,2025-10-27 12:29:00,0
S000288,2025-11-06,consumption,开水房,1.56,2.0,2025-11-06 17:21:00,3
S000288,2025-11-18,access,图书馆,0.0,1.0,2025-11-18 18:18:00,1
S000288,2025-11-20,consumption,食堂三楼,45.78,1.0,2025-11-20 11:20:00,3
S000289,2025-09-06,consumption,食堂一楼,16.16,1.0,2025-09-06 13:37:00,5
S000289,2025-09-07,consumption,开水房,1.51,1.0,2025-09-07 07:14:00,6
S000289,2025-09-12,access,宿舍楼,0.0,1.0,2025-09-12 11:07:00,4
S000289,2025-09-22,consumption,食堂二楼,3.855,3.0,2025-09-22 06:58:00,0
S000289,2025-09-30,access,图书馆,0.0,1.0,2025-09-30 16:20:00,1
S000289,2025-10-04,consumption,食堂一楼,28.2,3.0,2025-10-04 23:01:00,5
S000289,2025-10-08,consumption,开水房,3.72,2.0,2025-10-08 23:04:00,2
S000289,2025-10-12,consumption,开水房,3.52,1.0,2025-10-12 22:48:00,6
S000289,2025-11-02,consumption,开水房,0.86,2.0,2025-11-02 22:57:00,6
S000289,2025-11-07,consumption,快递点,2.28,1.0,2025-11-07 23:52:00,4
S000290,2025-09-04,consumption,食堂二楼,22.36,1.0,2025-09-04 16:13:00,3
S000290,2025-09-14,access,图书馆,0.0,1.0,2025-09-14 11:48:00,6
S000290,2025-09-26,consumption,食堂三楼,28.64,2.0,2025-09-26 09:41:00,4
S000290,2025-10-07,consumption,校园超市,33.35,3.0,2025-10-07 22:49:00,1
S000290,2025-10-18,consumption,食堂二楼,13.55,1.0,2025-10-18 14:21:00,5
S000290,2025-10-22,consumption,食堂一楼,30.17,1.0,2025-10-22 18:51:00,2
S000290,2025-11-12,access,宿舍楼,0.0,1.0,2025-11-12 12:56:00,2
S000290,2025-11-15,access,宿舍楼,0.0,1.0,2025-11-15 20:03:00,5
S000290,2025-11-20,access,宿舍楼,0.0,1.0,2025-11-20 14:35:00,3
S000290,2025-11-22,consumption,浴室,0.0,2.0,2025-11-22 12:32:00,5
S000291,2025-09-02,access,图书馆,0.0,1.0,2025-09-02 12:28:00,1
S000291,2025-09-14,access,图书馆,0.0,1.0,2025-09-14 17:03:00,6
S000291,2025-09-16,consumption,食堂三楼,11.395,2.0,2025-09-16 12:07:00,1
S000291,2025-10-06,consumption,食堂一楼,22.79,2.0,2025-10-06 07:57:00,0
S000291,2025-10-18,consumption,食堂二楼,25.08,1.5,2025-10-18 17:04:00,5
S000291,2025-10-19,access,图书馆,0.0,1.0,2025-10-19 09:03:00,6
S000291,2025-10-21,consumption,食堂二楼,22.99,2.0,2025-10-21 21:35:00,1
S000291,2025-11-03,access,宿舍楼,0.0,1.0,2025-11-03 16:29:00,0
S000291,2025-11-16,consumption,开水房,4.36,1.0,2025-11-16 08:39:00,6
S000291,2025-11-21,access,图书馆,0.0,1.0,2025-11-21 15:11:00,4
S000292,2025-09-02,consumption,开水房,1.56,3.0,2025-09-02 23:17:00,1
S000292,2025-09-09,consumption,校园超市,2.1100000000000003,1.0,2025-09-09 07:31:00,1
S000292,2025-10-05,consumption,浴室,2.66,3.0,2025-10-05 10:13:00,6
S000292,2025-10-05,consumption,食堂三楼,18.56,2.6666666666666665,2025-10-05 13:44:00,6
S000292,2025-10-06,access,宿舍楼,0.0,2.3333333333333335,2025-10-06 12:51:00,0
S000292,2025-10-17,consumption,食堂三楼,12.37,2.0,2025-10-17 21:34:00,4
S000292,2025-10-26,access,宿舍楼,0.0,1.0,2025-10-26 11:00:00,6
S000292,2025-10-26,consumption,开水房,2.7,1.0,2025-10-26 07:18:00,6
S000292,2025-10-28,access,图书馆,0.0,1.0,2025-10-28 21:36:00,1
S000292,2025-11-13,access,图书馆,0.0,1.0,2025-11-13 20:56:00,3
S000293,2025-09-18,consumption,食堂三楼,3.855,3.0,2025-09-18 20:28:00,3
S000293,2025-09-19,consumption,开水房,2.06,1.0,2025-09-19 18:23:00,4
S000293,2025-09-21,consumption,食堂三楼,23.47,3.0,2025-09-21 23:34:00,6
S000293,2025-09-27,access,宿舍楼,0.0,1.0,2025-09-27 08:52:00,5
S000293,2025-10-17,access,图书馆,0.0,1.0,2025-10-17 17:16:00,4
S000293,2025-10-30,access,宿舍楼,0.0,1.0,2025-10-30 10:52:00,3
S000293,2025-11-04,access,图书馆,0.0,1.0,2025-11-04 17:21:00,1
S000293,2025-11-09,access,图书馆,0.0,1.0,2025-11-09 08:21:00,6
S000293,2025-11-09,consumption,开水房,1.22,3.0,2025-11-09 10:52:00,6
S000293,2025-11-26,access,宿舍楼,0.0,1.0,2025-11-26 23:26:00,2
S000294,2025-09-01,access,图书馆,0.0,1.0,2025-09-01 15:09:00,0
S000294,2025-09-04,consumption,食堂二楼,55.38,1.0,2025-09-04 08:04:00,3
S000294,2025-09-10,consumption,食堂三楼,18.6,1.0,2025-09-10 18:19:00,2
S000294,2025-09-27,consumption,食堂一楼,32.61,1.0,2025-09-27 06:01:00,5
S000294,2025-10-18,consumption,校园超市,10.56,3.0,2025-10-18 18:14:00,5
S000294,2025-10-24,access,图书馆,0.0,1.0,2025-10-24 16:06:00,4
S000294,2025-11-13,consumption,浴室,3.49,1.0,2025-11-13 13:43:00,3
S000294,2025-11-13,consumption,校园超市,3.855,3.0,2025-11-13 09:14:00,3
S000294,2025-11-21,consumption,食堂二楼,56.76,3.0,2025-11-21 12:45:00,4
S000294,2025-11-30,access,宿舍楼,56.76,1.0,2025-11-30 09:20:00,6
S000295,2025-09-04,consumption,校园超市,17.07,2.0,2025-09-04 23:49:00,3
S000295,2025-09-05,consumption,浴室,4.0,2.0,2025-09-05 12:39:00,4
S000295,2025-09-13,consumption,浴室,3.29,2.0,2025-09-13 21:01:00,5
S000295,2025-10-03,consumption,食堂一楼,20.3,2.0,2025-10-03 17:42:00,4
S000295,2025-10-09,consumption,浴室,4.64,3.0,2025-10-09 07:43:00,3
S000295,2025-10-19,consumption,校园超市,12.61,1.0,2025-10-19 21:16:00,6
S000295,2025-10-19,access,图书馆,0.0,1.0,2025-10-19 17:30:00,6
S000295,2025-10-22,consumption,浴室,1.85,2.0,2025-10-22 17:13:00,2
S000295,2025-11-02,access,宿舍楼,0.0,1.0,2025-11-02 16:22:00,6
S000295,2025-11-09,consumption,食堂二楼,14.77,3.0,2025-11-09 09:29:00,6
S000296,2025-09-10,consumption,校园超市,10.85,1.0,2025-09-10 06:24:00,2
S000296,2025-09-18,consumption,浴室,3.03,2.0,2025-09-18 21:23:00,3
S000296,2025-09-24,consumption,快递点,3.57,2.0,2025-09-24 13:45:00,2
S000296,2025-10-08,consumption,校园超市,20.64,1.0,2025-10-08 10:53:00,2
S000296,2025-10-23,consumption,开水房,1.08,3.0,2025-10-23 06:59:00,3
S000296,2025-10-27,access,图书馆,0.0,1.0,2025-10-27 09:10:00,0
S000296,2025-11-04,consumption,浴室,1.32,2.0,2025-11-04 18:51:00,1
S000296,2025-11-06,consumption,校园超市,7.54,2.0,2025-11-06 11:02:00,3
S000296,2025-11-08,consumption,食堂一楼,17.73,2.0,2025-11-08 09:44:00,5
S000296,2025-11-23,access,宿舍楼,0.0,2.0,2025-11-23 07:19:00,6
S000297,2025-09-21,consumption,食堂二楼,11.27,3.0,2025-09-21 12:28:00,6
S000297,2025-10-04,access,宿舍楼,0.0,1.0,2025-10-04 21:25:00,5
S000297,2025-11-01,consumption,快递点,3.45,3.0,2025-11-01 19:07:00,5
S000297,2025-11-04,access,图书馆,0.0,1.0,2025-11-04 09:01:00,1
S000297,2025-11-09,consumption,校园超市,24.22,1.0,2025-11-09 14:27:00,6
S000297,2025-11-11,access,图书馆,0.0,1.0,2025-11-11 09:05:00,1
S000297,2025-11-11,consumption,食堂二楼,28.95,1.0,2025-11-11 15:08:00,1
S000297,2025-11-24,access,宿舍楼,0.0,2.0,2025-11-24 23:16:00,0
S000297,2025-11-29,consumption,开水房,2.86,3.0,2025-11-29 17:40:00,5
S000297,2025-11-29,consumption,食堂三楼,37.22,1.0,2025-11-29 22:50:00,5
S000298,2025-09-02,consumption,开水房,1.7,3.0,2025-09-02 06:19:00,1
S000298,2025-09-09,consumption,食堂一楼,45.32,3.0,2025-09-09 11:15:00,1
S000298,2025-09-17,access,图书馆,0.0,1.0,2025-09-17 21:48:00,2
S000298,2025-09-18,consumption,食堂二楼,9.05,2.0,2025-09-18 12:12:00,3
S000298,2025-09-25,consumption,食堂三楼,13.4,2.0,2025-09-25 20:38:00,3
S000298,2025-09-29,access,图书馆,7.92,1.0,2025-09-29 15:39:00,0
S000298,2025-10-04,consumption,快递点,2.44,2.0,2025-10-04 18:01:00,5
S000298,2025-10-20,consumption,开水房,1.22,1.0,2025-10-20 10:42:00,0
S000298,2025-11-20,access,宿舍楼,0.0,1.0,2025-11-20 13:52:00,3
S000298,2025-11-24,consumption,校园超市,27.09,1.0,2025-11-24 09:11:00,0
S000299,2025-09-09,consumption,开水房,4.51,1.0,2025-09-09 07:23:00,1
S000299,2025-09-12,consumption,食堂三楼,17.24,3.0,2025-09-12 22:39:00,4
S000299,2025-10-06,consumption,校园超市,3.855,3.0,2025-10-06 16:19:00,0
S000299,2025-10-10,consumption,食堂三楼,32.43,3.0,2025-10-10 19:17:00,4
S000299,2025-10-20,access,图书馆,0.0,1.0,2025-10-20 15:21:00,0
S000299,2025-11-05,access,图书馆,0.0,1.0,2025-11-05 11:38:00,2
S000299,2025-11-05,consumption,食堂三楼,23.86,1.0,2025-11-05 12:22:00,2
S000299,2025-11-06,consumption,快递点,0.84,3.0,2025-11-06 06:26:00,3
S000299,2025-11-08,consumption,食堂三楼,30.25,2.0,2025-11-08 22:31:00,5
S000299,2025-11-20,consumption,开水房,1.71,2.0,2025-11-20 15:38:00,3
S000300,2025-09-16,access,宿舍楼,0.0,1.0,2025-09-16 13:13:00,1
S000300,2025-09-19,consumption,食堂一楼,32.12,2.0,2025-09-19 09:24:00,4
S000300,2025-10-03,access,宿舍楼,0.0,1.0,2025-10-03 23:37:00,4
S000300,2025-10-04,consumption,开水房,3.47,3.0,2025-10-04 10:51:00,5
S000300,2025-10-12,consumption,校园超市,21.34,3.0,2025-10-12 22:11:00,6
S000300,2025-11-01,access,宿舍楼,0.0,1.0,2025-11-01 23:21:00,5
S000300,2025-11-10,access,图书馆,0.0,1.0,2025-11-10 09:12:00,0
S000300,2025-11-16,access,宿舍楼,0.0,1.0,2025-11-16 11:56:00,6
S000300,2025-11-22,access,宿舍楼,0.0,1.0,2025-11-22 13:25:00,5
S000300,2025-11-28,consumption,开水房,3.59,3.0,2025-11-28 23:35:00,4
S000301,2025-09-09,consumption,浴室,2.91,1.0,2025-09-09 09:59:00,1
S000301,2025-09-15,consumption,浴室,3.74,2.0,2025-09-15 19:15:00,0
S000301,2025-09-30,consumption,浴室,3.07,2.0,2025-09-30 23:22:00,1
S000301,2025-10-01,consumption,浴室,3.13,1.0,2025-10-01 11:51:00,2
S000301,2025-10-06,consumption,校园超市,9.62,1.0,2025-10-06 14:03:00,0
S000301,2025-10-17,access,图书馆,0.0,1.0,2025-10-17 08:54:00,4
S000301,2025-10-20,consumption,浴室,0.58,1.0,2025-10-20 08:36:00,0
S000301,2025-10-25,consumption,校园超市,6.34,3.0,2025-10-25 09:30:00,5
S000301,2025-10-26,consumption,食堂一楼,12.1,1.0,2025-10-26 11:07:00,6
S000301,2025-11-27,consumption,食堂一楼,23.21,1.0,2025-11-27 07:00:00,3
S000302,2025-09-01,consumption,食堂三楼,45.52,2.0,2025-09-01 18:28:00,0
S000302,2025-09-13,consumption,校园超市,9.75,1.0,2025-09-13 13:29:00,5
S000302,2025-09-19,access,宿舍楼,0.0,1.0,2025-09-19 11:50:00,4
S000302,2025-09-20,access,宿舍楼,0.0,1.0,2025-09-20 18:01:00,5
S000302,2025-09-28,consumption,快递点,0.87,3.0,2025-09-28 20:28:00,6
S000302,2025-10-26,access,宿舍楼,0.0,1.0,2025-10-26 16:01:00,6
S000302,2025-11-03,consumption,校园超市,48.09,2.0,2025-11-03 12:23:00,0
S000302,2025-11-09,access,图书馆,0.0,1.0,2025-11-09 18:31:00,6
S000302,2025-11-18,access,宿舍楼,0.0,1.0,2025-11-18 21:07:00,1
S000302,2025-11-18,consumption,食堂二楼,16.98,1.0,2025-11-18 14:06:00,1
S000303,2025-09-09,consumption,快递点,0.6,3.0,2025-09-09 17:23:00,1
S000303,2025-09-22,consumption,浴室,3.4,3.0,2025-09-22 22:51:00,0
S000303,2025-09-26,access,宿舍楼,0.0,1.0,2025-09-26 17:03:00,4
S000303,2025-09-30,consumption,食堂二楼,44.99,1.0,2025-09-30 23:03:00,1
S000303,2025-10-02,access,图书馆,0.0,1.0,2025-10-02 14:38:00,3
S000303,2025-10-17,access,宿舍楼,0.0,1.0,2025-10-17 21:10:00,4
S000303,2025-10-19,consumption,校园超市,8.38,3.0,2025-10-19 20:58:00,6
S000303,2025-10-22,consumption,食堂三楼,33.27,2.0,2025-10-22 18:17:00,2
S000303,2025-10-25,consumption,食堂三楼,20.94,2.0,2025-10-25 13:17:00,5
S000303,2025-10-31,access,图书馆,0.0,1.0,2025-10-31 18:44:00,4
S000304,2025-09-03,consumption,食堂一楼,29.86,2.0,2025-09-03 10:10:00,2
S000304,2025-09-19,access,宿舍楼,0.0,1.0,2025-09-19 11:14:00,4
S000304,2025-09-23,consumption,快递点,2.58,2.0,2025-09-23 11:09:00,1
S000304,2025-09-26,consumption,食堂一楼,3.855,1.0,2025-09-26 09:17:00,4
S000304,2025-10-03,consumption,食堂三楼,26.33,2.0,2025-10-03 10:18:00,4
S000304,2025-10-12,access,宿舍楼,0.0,1.0,2025-10-12 22:52:00,6
S000304,2025-10-23,consumption,浴室,0.8,1.0,2025-10-23 07:36:00,3
S000304,2025-10-31,access,图书馆,0.0,1.0,2025-10-31 11:01:00,4
S000304,2025-11-08,access,图书馆,0.0,1.0,2025-11-08 20:00:00,5
S000304,2025-11-23,access,图书馆,0.0,1.0,2025-11-23 12:35:00,6
S000305,2025-09-01,consumption,浴室,4.09,3.0,2025-09-01 18:35:00,0
S000305,2025-09-07,consumption,快递点,1.1,3.0,2025-09-07 17:36:00,6
S000305,2025-10-02,consumption,浴室,3.9,2.0,2025-10-02 18:08:00,3
S000305,2025-10-06,consumption,校园超市,23.42,1.0,2025-10-06 09:45:00,0
S000305,2025-10-23,consumption,快递点,2.75,1.0,2025-10-23 12:04:00,3
S000305,2025-10-23,consumption,食堂三楼,21.02,2.0,2025-10-23 06:20:00,3
S000305,2025-11-02,consumption,食堂一楼,26.23,1.0,2025-11-02 19:49:00,6
S000305,2025-11-09,access,宿舍楼,0.0,1.0,2025-11-09 22:22:00,6
S000305,2025-11-16,access,宿舍楼,0.0,1.0,2025-11-16 09:38:00,6
S000305,2025-11-17,consumption,快递点,3.87,2.0,2025-11-17 22:59:00,0
S000306,2025-09-08,consumption,食堂二楼,31.63,3.0,2025-09-08 22:23:00,0
S000306,2025-09-27,consumption,校园超市,43.18,1.0,2025-09-27 13:09:00,5
S000306,2025-10-09,consumption,食堂二楼,22.73,1.0,2025-10-09 13:57:00,3
S000306,2025-10-15,consumption,校园超市,10.71,3.0,2025-10-15 19:04:00,2
S000306,2025-10-27,consumption,校园超市,35.39,2.0,2025-10-27 20:23:00,0
S000306,2025-11-01,consumption,食堂三楼,12.61,1.0,2025-11-01 15:59:00,5
S000306,2025-11-04,consumption,食堂一楼,9.8,1.0,2025-11-04 23:17:00,1
S000306,2025-11-16,consumption,快递点,2.81,2.0,2025-11-16 07:59:00,6
S000306,2025-11-21,access,宿舍楼,0.0,1.0,2025-11-21 10:41:00,4
S000306,2025-11-21,access,宿舍楼,0.0,1.0,2025-11-21 17:03:00,4
S000307,2025-09-04,consumption,食堂三楼,14.13,3.0,2025-09-04 20:22:00,3
S000307,2025-09-06,consumption,食堂一楼,3.855,1.0,2025-09-06 12:26:00,5
S000307,2025-09-16,access,宿舍楼,0.0,1.0,2025-09-16 19:48:00,1
S000307,2025-09-20,access,宿舍楼,0.0,1.0,2025-09-20 16:42:00,5
S000307,2025-09-26,consumption,校园超市,27.41,2.0,2025-09-26 18:14:00,4
S000307,2025-10-27,access,宿舍楼,0.0,2.5,2025-10-27 10:09:00,0
S000307,2025-11-05,consumption,快递点,2.11,3.0,2025-11-05 22:04:00,2
S000307,2025-11-12,consumption,快递点,4.22,1.0,2025-11-12 19:35:00,2
S000307,2025-11-12,consumption,食堂二楼,24.46,1.0,2025-11-12 08:10:00,2
S000307,2025-11-19,consumption,食堂三楼,8.36,1.0,2025-11-19 22:37:00,2
S000308,2025-09-03,consumption,食堂三楼,38.84,2.0,2025-09-03 22:19:00,2
S000308,2025-09-05,consumption,校园超市,39.28,1.0,2025-09-05 13:29:00,4
S000308,2025-09-19,consumption,快递点,4.03,1.0,2025-09-19 20:57:00,4
S000308,2025-09-22,access,宿舍楼,0.0,1.0,2025-09-22 09:05:00,0
S000308,2025-10-09,access,宿舍楼,0.0,1.0,2025-10-09 09:52:00,3
S000308,2025-10-13,consumption,食堂三楼,23.35,3.0,2025-10-13 10:42:00,0
S000308,2025-10-31,access,宿舍楼,0.0,1.0,2025-10-31 23:35:00,4
S000308,2025-11-03,access,宿舍楼,0.0,1.0,2025-11-03 07:37:00,0
S000308,2025-11-25,consumption,食堂三楼,25.56,3.0,2025-11-25 17:54:00,1
S000308,2025-11-27,access,宿舍楼,0.0,1.0,2025-11-27 13:14:00,3
S000309,2025-09-04,consumption,食堂三楼,28.04,1.0,2025-09-04 15:15:00,3
S000309,2025-09-11,access,图书馆,0.0,1.0,2025-09-11 10:34:00,3
S000309,2025-09-20,access,宿舍楼,0.0,1.0,2025-09-20 19:47:00,5
S000309,2025-09-21,consumption,开水房,0.8,2.0,2025-09-21 07:27:00,6
S000309,2025-09-21,consumption,浴室,2.2,1.0,2025-09-21 09:05:00,6
S000309,2025-09-28,consumption,快递点,1.56,1.0,2025-09-28 11:21:00,6
S000309,2025-10-22,consumption,食堂三楼,21.22,2.0,2025-10-22 08:15:00,2
S000309,2025-10-22,access,图书馆,25.015,1.0,2025-10-22 14:30:00,2
S000309,2025-10-25,consumption,食堂一楼,28.81,3.0,2025-10-25 10:03:00,5
S000309,2025-11-02,access,宿舍楼,0.0,1.0,2025-11-02 18:37:00,6
S000310,2025-09-01,consumption,食堂一楼,17.57,1.0,2025-09-01 15:53:00,0
S000310,2025-09-09,consumption,快递点,1.67,3.0,2025-09-09 22:06:00,1
S000310,2025-09-21,consumption,快递点,2.54,3.0,2025-09-21 15:18:00,6
S000310,2025-09-22,access,宿舍楼,0.0,1.0,2025-09-22 09:02:00,0
S000310,2025-09-25,access,宿舍楼,0.0,1.0,2025-09-25 21:06:00,3
S000310,2025-10-05,consumption,浴室,4.27,1.0,2025-10-05 15:08:00,6
S000310,2025-10-17,consumption,快递点,3.65,3.0,2025-10-17 08:02:00,4
S000310,2025-11-03,consumption,开水房,1.78,2.0,2025-11-03 16:42:00,0
S000310,2025-11-14,consumption,食堂一楼,0.89,3.0,2025-11-14 06:52:00,4
S000310,2025-11-23,access,宿舍楼,0.0,1.0,2025-11-23 19:51:00,6
S000311,2025-09-10,consumption,食堂三楼,16.81,3.0,2025-09-10 16:37:00,2
S000311,2025-09-16,consumption,校园超市,17.46,1.0,2025-09-16 10:46:00,1
S000311,2025-09-21,consumption,食堂三楼,15.65,1.0,2025-09-21 07:02:00,6
S000311,2025-10-01,access,宿舍楼,0.0,1.0,2025-10-01 16:13:00,2
S000311,2025-10-01,consumption,开水房,1.2,1.0,2025-10-01 07:37:00,2
S000311,2025-10-01,access,宿舍楼,0.0,1.0,2025-10-01 19:07:00,2
S000311,2025-10-03,consumption,快递点,2.74,3.0,2025-10-03 18:50:00,4
S000311,2025-11-22,consumption,开水房,16.795,3.0,2025-11-22 15:59:00,5
S000311,2025-11-30,consumption,校园超市,30.85,3.0,2025-11-30 07:23:00,6
S000311,2025-11-30,access,宿舍楼,0.0,1.0,2025-11-30 10:52:00,6
S000312,2025-09-14,consumption,快递点,4.86,1.0,2025-09-14 12:09:00,6
S000312,2025-09-22,access,宿舍楼,0.0,1.0,2025-09-22 08:31:00,0
S000312,2025-10-12,access,宿舍楼,0.0,1.0,2025-10-12 16:58:00,6
S000312,2025-10-13,consumption,食堂二楼,24.88,1.0,2025-10-13 22:38:00,0
S000312,2025-10-13,consumption,快递点,3.81,3.0,2025-10-13 14:33:00,0
S000312,2025-10-14,access,宿舍楼,0.0,1.0,2025-10-14 16:00:00,1
S000312,2025-10-21,access,图书馆,0.0,1.0,2025-10-21 14:49:00,1
S000312,2025-10-24,consumption,食堂一楼,0.0,3.0,2025-10-24 17:45:00,4
S000312,2025-11-03,access,图书馆,0.0,1.0,2025-11-03 19:11:00,0
S000312,2025-11-12,access,图书馆,0.0,1.0,2025-11-12 08:55:00,2
S000313,2025-09-06,consumption,开水房,3.16,2.0,2025-09-06 23:48:00,5
S000313,2025-09-07,access,宿舍楼,0.0,1.0,2025-09-07 23:52:00,6
S000313,2025-09-30,consumption,浴室,1.64,2.0,2025-09-30 06:33:00,1
S000313,2025-09-30,consumption,快递点,2.52,2.0,2025-09-30 06:27:00,1
S000313,2025-10-24,access,图书馆,0.0,1.0,2025-10-24 13:53:00,4
S000313,2025-10-29,consumption,食堂三楼,42.22,1.0,2025-10-29 19:37:00,2
S000313,2025-11-09,access,图书馆,0.0,1.0,2025-11-09 16:55:00,6
S000313,2025-11-15,consumption,食堂三楼,31.1,2.0,2025-11-15 07:52:00,5
S000313,2025-11-20,access,图书馆,0.0,1.0,2025-11-20 15:53:00,3
S000313,2025-11-21,access,图书馆,0.0,1.0,2025-11-21 15:37:00,4
S000314,2025-09-01,access,图书馆,0.0,1.0,2025-09-01 20:49:00,0
S000314,2025-09-21,access,图书馆,0.0,1.0,2025-09-21 19:10:00,6
S000314,2025-09-26,consumption,校园超市,38.64,1.0,2025-09-26 16:41:00,4
S000314,2025-09-28,consumption,浴室,1.79,1.0,2025-09-28 13:59:00,6
S000314,2025-10-02,access,图书馆,0.0,1.0,2025-10-02 09:08:00,3
S000314,2025-10-04,consumption,食堂三楼,49.16,3.0,2025-10-04 14:26:00,5
S000314,2025-10-05,access,图书馆,0.0,1.0,2025-10-05 20:28:00,6
S000314,2025-10-17,consumption,食堂三楼,32.42,2.0,2025-10-17 23:44:00,4
S000314,2025-10-20,consumption,食堂三楼,24.23,1.0,2025-10-20 23:41:00,0
S000314,2025-11-10,consumption,食堂一楼,24.66,1.0,2025-11-10 09:54:00,0
S000315,2025-09-03,access,图书馆,0.0,1.0,2025-09-03 09:10:00,2
S000315,2025-09-12,consumption,校园超市,7.03,1.0,2025-09-12 23:16:00,4
S000315,2025-09-16,consumption,浴室,1.75,1.0,2025-09-16 17:50:00,1
S000315,2025-09-19,consumption,浴室,4.17,3.0,2025-09-19 12:30:00,4
S000315,2025-09-25,consumption,校园超市,15.73,3.0,2025-09-25 08:47:00,3
S000315,2025-09-30,access,宿舍楼,0.0,3.0,2025-09-30 23:49:00,1
S000315,2025-10-14,consumption,快递点,4.26,3.0,2025-10-14 20:32:00,1
S000315,2025-10-29,consumption,开水房,2.16,1.0,2025-10-29 07:28:00,2
S000315,2025-11-05,access,宿舍楼,0.0,1.0,2025-11-05 12:10:00,2
S000315,2025-11-20,consumption,食堂三楼,14.4,2.0,2025-11-20 19:06:00,3
S000316,2025-09-05,access,宿舍楼,0.0,1.0,2025-09-05 13:19:00,4
S000316,2025-09-14,consumption,食堂三楼,22.34,3.0,2025-09-14 10:44:00,6
S000316,2025-09-18,access,图书馆,0.0,1.0,2025-09-18 17:08:00,3
S000316,2025-09-25,consumption,食堂三楼,18.09,1.0,2025-09-25 17:41:00,3
S000316,2025-10-04,access,图书馆,0.0,1.0,2025-10-04 12:21:00,5
S000316,2025-10-10,access,宿舍楼,0.0,1.0,2025-10-10 06:01:00,4
S000316,2025-10-14,consumption,快递点,0.53,2.0,2025-10-14 20:05:00,1
S000316,2025-10-23,access,宿舍楼,0.0,1.0,2025-10-23 08:31:00,3
S000316,2025-10-31,consumption,浴室,3.77,2.0,2025-10-31 09:39:00,4
S000316,2025-11-08,access,宿舍楼,0.0,1.0,2025-11-08 07:54:00,5
S000317,2025-09-09,consumption,浴室,0.52,2.0,2025-09-09 07:30:00,1
S000317,2025-10-04,access,宿舍楼,0.72,1.0,2025-10-04 09:11:00,5
S000317,2025-10-07,consumption,开水房,0.92,1.0,2025-10-07 22:38:00,1
S000317,2025-10-09,consumption,校园超市,21.02,1.0,2025-10-09 15:58:00,3
S000317,2025-10-17,consumption,食堂一楼,23.68,2.0,2025-10-17 11:37:00,4
S000317,2025-10-24,consumption,食堂三楼,31.97,2.0,2025-10-24 07:08:00,4
S000317,2025-11-10,access,图书馆,0.0,1.0,2025-11-10 20:45:00,0
S000317,2025-11-10,access,宿舍楼,0.0,1.0,2025-11-10 23:42:00,0
S000317,2025-11-13,consumption,快递点,0.85,1.0,2025-11-13 14:19:00,3
S000317,2025-11-16,access,宿舍楼,0.0,1.0,2025-11-16 09:06:00,6
S000318,2025-09-22,consumption,浴室,3.65,1.0,2025-09-22 06:30:00,0
S000318,2025-09-25,access,图书馆,0.0,1.0,2025-09-25 17:11:00,3
S000318,2025-09-28,access,图书馆,0.0,1.0,2025-09-28 10:47:00,6
S000318,2025-10-01,consumption,食堂二楼,25.34,3.0,2025-10-01 18:12:00,2
S000318,2025-10-05,consumption,开水房,3.99,1.0,2025-10-05 21:35:00,6
S000318,2025-10-24,consumption,浴室,2.74,1.0,2025-10-24 18:37:00,4
S000318,2025-11-07,consumption,食堂二楼,9.14,2.0,2025-11-07 19:58:00,4
S000318,2025-11-11,access,图书馆,0.0,1.0,2025-11-11 09:21:00,1
S000318,2025-11-14,consumption,食堂二楼,15.34,1.0,2025-11-14 09:45:00,4
S000318,2025-11-27,consumption,校园超市,29.64,1.0,2025-11-27 22:56:00,3
S000319,2025-09-01,consumption,开水房,1.0,1.0,2025-09-01 06:26:00,0
S000319,2025-09-14,consumption,校园超市,17.9,1.0,2025-09-14 10:46:00,6
S000319,2025-09-18,access,宿舍楼,0.0,1.0,2025-09-18 09:36:00,3
S000319,2025-10-02,access,图书馆,0.0,1.0,2025-10-02 18:25:00,3
S000319,2025-10-06,consumption,食堂三楼,33.11,1.0,2025-10-06 19:29:00,0
S000319,2025-10-19,consumption,开水房,1.74,3.0,2025-10-19 12:54:00,6
S000319,2025-11-21,consumption,校园超市,7.63,2.0,2025-11-21 12:55:00,4
S000319,2025-11-22,consumption,开水房,1.62,3.0,2025-11-22 07:14:00,5
S000319,2025-11-22,access,宿舍楼,0.0,1.0,2025-11-22 16:26:00,5
S000319,2025-11-25,access,图书馆,0.0,1.0,2025-11-25 15:31:00,1
S000320,2025-09-21,consumption,快递点,0.77,2.0,2025-09-21 22:18:00,6
S000320,2025-09-21,consumption,校园超市,22.62,1.0,2025-09-21 06:49:00,6
S000320,2025-09-23,consumption,食堂一楼,45.12,2.0,2025-09-23 22:04:00,1
S000320,2025-09-26,consumption,食堂三楼,51.7,2.0,2025-09-26 18:17:00,4
S000320,2025-09-27,consumption,食堂三楼,52.74,1.0,2025-09-27 15:17:00,5
S000320,2025-10-01,consumption,校园超市,15.34,1.0,2025-10-01 23:32:00,2
S000320,2025-10-10,access,图书馆,0.0,1.0,2025-10-10 09:36:00,4
S000320,2025-10-18,consumption,开水房,0.94,3.0,2025-10-18 22:51:00,5
S000320,2025-11-15,consumption,食堂三楼,22.05,3.0,2025-11-15 13:28:00,5
S000320,2025-11-22,access,图书馆,0.0,1.0,2025-11-22 12:46:00,5
S000321,2025-09-14,consumption,食堂三楼,18.05,2.0,2025-09-14 13:48:00,6
S000321,2025-09-14,consumption,食堂二楼,26.58,1.0,2025-09-14 19:55:00,6
S000321,2025-10-05,consumption,开水房,2.31,3.0,2025-10-05 17:06:00,6
S000321,2025-10-10,access,宿舍楼,0.0,1.0,2025-10-10 14:44:00,4
S000321,2025-10-14,consumption,快递点,1.59,2.0,2025-10-14 21:14:00,1
S000321,2025-10-19,consumption,食堂二楼,26.71,1.0,2025-10-19 16:02:00,6
S000321,2025-10-26,access,图书馆,0.0,1.0,2025-10-26 19:04:00,6
S000321,2025-11-07,consumption,食堂一楼,21.09,2.0,2025-11-07 23:26:00,4
S000321,2025-11-12,consumption,校园超市,14.72,1.0,2025-11-12 11:06:00,2
S000321,2025-11-25,access,图书馆,0.0,1.0,2025-11-25 18:31:00,1
S000322,2025-09-06,consumption,校园超市,20.13,3.0,2025-09-06 08:06:00,5
S000322,2025-09-27,consumption,食堂二楼,39.44,3.0,2025-09-27 09:05:00,5
S000322,2025-09-28,consumption,食堂一楼,30.52,2.0,2025-09-28 14:00:00,6
S000322,2025-10-03,access,图书馆,0.0,1.0,2025-10-03 08:30:00,4
S000322,2025-10-13,consumption,浴室,3.12,3.0,2025-10-13 14:00:00,0
S000322,2025-10-25,consumption,食堂三楼,6.84,2.0,2025-10-25 23:44:00,5
S000322,2025-11-02,access,图书馆,0.0,1.0,2025-11-02 20:26:00,6
S000322,2025-11-15,consumption,食堂三楼,0.0,3.0,2025-11-15 20:57:00,5
S000322,2025-11-27,access,宿舍楼,0.0,1.0,2025-11-27 10:14:00,3
S000322,2025-11-28,consumption,食堂二楼,11.68,3.0,2025-11-28 06:59:00,4
S000323,2025-09-01,consumption,食堂一楼,13.67,3.0,2025-09-01 11:43:00,0
S000323,2025-09-09,access,图书馆,0.0,1.0,2025-09-09 15:24:00,1
S000323,2025-09-14,consumption,开水房,4.16,2.0,2025-09-14 22:45:00,6
S000323,2025-09-16,access,图书馆,21.650000000000002,1.0,2025-09-16 13:40:00,1
S000323,2025-09-22,consumption,食堂一楼,39.14,3.0,2025-09-22 06:42:00,0
S000323,2025-09-23,consumption,食堂二楼,12.39,1.0,2025-09-23 10:18:00,1
S000323,2025-10-06,consumption,快递点,1.21,3.0,2025-10-06 07:46:00,0
S000323,2025-10-09,access,宿舍楼,0.0,1.0,2025-10-09 10:44:00,3
S000323,2025-10-24,consumption,快递点,1.21,1.0,2025-10-24 10:26:00,4
S000323,2025-10-29,consumption,校园超市,16.78,1.0,2025-10-29 10:02:00,2
S000324,2025-09-07,consumption,浴室,2.95,1.0,2025-09-07 13:34:00,6
S000324,2025-09-15,consumption,校园超市,30.97,3.0,2025-09-15 10:03:00,0
S000324,2025-10-04,consumption,开水房,4.09,1.0,2025-10-04 12:25:00,5
S000324,2025-10-08,consumption,浴室,2.59,1.0,2025-10-08 09:50:00,2
S000324,2025-11-06,consumption,食堂二楼,35.86,1.0,2025-11-06 13:58:00,3
S000324,2025-11-10,consumption,浴室,2.92,2.0,2025-11-10 14:21:00,0
S000324,2025-11-11,access,宿舍楼,0.0,1.0,2025-11-11 20:10:00,1
S000324,2025-11-16,consumption,浴室,1.47,2.0,2025-11-16 19:11:00,6
S000324,2025-11-18,access,宿舍楼,0.0,1.0,2025-11-18 14:20:00,1
S000324,2025-11-28,consumption,食堂一楼,9.96,1.0,2025-11-28 23:54:00,4
S000325,2025-09-02,access,图书馆,0.0,1.0,2025-09-02 21:51:00,1
S000325,2025-09-04,consumption,食堂二楼,18.67,3.0,2025-09-04 08:05:00,3
S000325,2025-09-19,consumption,食堂一楼,6.72,3.0,2025-09-19 23:05:00,4
S000325,2025-09-27,consumption,快递点,1.49,3.0,2025-09-27 08:33:00,5
S000325,2025-10-08,consumption,食堂一楼,29.84,3.0,2025-10-08 10:38:00,2
S000325,2025-10-12,consumption,开水房,1.74,2.0,2025-10-12 06:02:00,6
S000325,2025-10-16,consumption,开水房,1.02,3.0,2025-10-16 15:48:00,3
S000325,2025-11-10,consumption,食堂二楼,18.39,1.0,2025-11-10 19:31:00,0
S000325,2025-11-20,access,图书馆,0.0,1.0,2025-11-20 19:09:00,3
S000325,2025-11-28,consumption,快递点,0.94,3.0,2025-11-28 17:03:00,4
S000326,2025-09-07,consumption,食堂三楼,26.89,1.0,2025-09-07 18:22:00,6
S000326,2025-09-10,consumption,快递点,3.93,3.0,2025-09-10 07:20:00,2
S000326,2025-10-18,consumption,食堂三楼,15.08,2.0,2025-10-18 11:50:00,5
S000326,2025-10-19,consumption,浴室,2.46,1.0,2025-10-19 07:38:00,6
S000326,2025-10-23,consumption,食堂三楼,26.04,3.0,2025-10-23 13:20:00,3
S000326,2025-10-31,consumption,食堂二楼,22.66,1.0,2025-10-31 19:38:00,4
S000326,2025-11-07,consumption,校园超市,31.93,3.0,2025-11-07 09:15:00,4
S000326,2025-11-13,consumption,食堂一楼,44.62,3.0,2025-11-13 07:40:00,3
S000326,2025-11-21,consumption,食堂三楼,24.35,3.0,2025-11-21 22:17:00,4
S000326,2025-11-25,consumption,校园超市,6.15,2.0,2025-11-25 21:33:00,1
S000327,2025-09-01,consumption,开水房,1.66,3.0,2025-09-01 11:35:00,0
S000327,2025-09-17,consumption,食堂三楼,24.2,1.0,2025-09-17 09:55:00,2
S000327,2025-09-20,consumption,食堂二楼,15.76,3.0,2025-09-20 18:39:00,5
S000327,2025-09-25,consumption,食堂一楼,36.745,2.5,2025-09-25 14:15:00,3
S000327,2025-10-09,consumption,食堂二楼,57.73,2.0,2025-10-09 10:23:00,3
S000327,2025-10-21,consumption,浴室,1.06,2.5,2025-10-21 22:47:00,1
S000327,2025-10-31,consumption,食堂二楼,15.38,3.0,2025-10-31 12:24:00,4
S000327,2025-11-07,consumption,食堂一楼,12.35,2.0,2025-11-07 14:05:00,4
S000327,2025-11-18,consumption,浴室,2.1,1.0,2025-11-18 22:11:00,1
S000327,2025-11-26,consumption,食堂二楼,22.5,3.0,2025-11-26 15:26:00,2
S000328,2025-09-11,consumption,食堂三楼,51.19,2.0,2025-09-11 14:55:00,3
S000328,2025-09-14,consumption,浴室,36.64,3.0,2025-09-14 11:53:00,6
S000328,2025-10-06,consumption,食堂二楼,22.09,2.0,2025-10-06 07:43:00,0
S000328,2025-10-08,consumption,快递点,2.89,1.0,2025-10-08 13:46:00,2
S000328,2025-10-08,consumption,食堂二楼,41.26,1.0,2025-10-08 17:12:00,2
S000328,2025-10-20,consumption,快递点,2.18,2.0,2025-10-20 07:11:00,0
S000328,2025-10-22,access,宿舍楼,0.0,1.0,2025-10-22 16:34:00,2
S000328,2025-10-30,access,宿舍楼,0.0,1.0,2025-10-30 15:40:00,3
S000328,2025-11-27,consumption,食堂二楼,10.95,3.0,2025-11-27 06:42:00,3
S000328,2025-11-28,consumption,食堂三楼,17.56,3.0,2025-11-28 07:54:00,4
S000329,2025-09-05,access,图书馆,0.0,1.0,2025-09-05 20:39:00,4
S000329,2025-09-07,consumption,食堂二楼,34.43,1.0,2025-09-07 08:40:00,6
S000329,2025-09-24,consumption,食堂一楼,18.12,1.0,2025-09-24 09:21:00,2
S000329,2025-09-29,access,图书馆,0.0,1.0,2025-09-29 09:06:00,0
S000329,2025-10-12,access,图书馆,0.0,1.0,2025-10-12 14:54:00,6
S000329,2025-11-04,consumption,食堂三楼,3.855,2.0,2025-11-04 09:29:00,1
S000329,2025-11-04,access,图书馆,0.0,1.0,2025-11-04 08:58:00,1
S000329,2025-11-07,consumption,食堂三楼,18.12,2.0,2025-11-07 09:25:00,4
S000329,2025-11-16,consumption,校园超市,3.855,3.0,2025-11-16 09:34:00,6
S000329,2025-11-26,consumption,食堂二楼,19.22,1.0,2025-11-26 18:41:00,2
S000330,2025-09-02,consumption,校园超市,25.52,2.0,2025-09-02 21:40:00,1
S000330,2025-09-10,consumption,食堂三楼,53.56,2.0,2025-09-10 16:26:00,2
S000330,2025-09-25,consumption,开水房,1.21,1.0,2025-09-25 22:09:00,3
S000330,2025-10-10,consumption,快递点,1.05,3.0,2025-10-10 15:06:00,4
S000330,2025-10-14,access,图书馆,0.0,1.0,2025-10-14 20:26:00,1
S000330,2025-10-24,consumption,食堂二楼,35.55,3.0,2025-10-24 22:59:00,4
S000330,2025-10-24,access,图书馆,0.0,1.0,2025-10-24 14:23:00,4
S000330,2025-11-09,consumption,食堂二楼,47.03,2.0,2025-11-09 22:30:00,6
S000330,2025-11-18,access,图书馆,0.0,2.5,2025-11-18 08:04:00,1
S000330,2025-11-29,consumption,开水房,1.78,3.0,2025-11-29 09:46:00,5
S000331,2025-09-03,access,图书馆,0.0,1.0,2025-09-03 21:03:00,2
S000331,2025-09-06,consumption,食堂一楼,30.88,1.0,2025-09-06 10:27:00,5
S000331,2025-09-10,consumption,食堂一楼,24.93,3.0,2025-09-10 15:08:00,2
S000331,2025-10-14,consumption,校园超市,10.99,2.0,2025-10-14 19:50:00,1
S000331,2025-10-14,consumption,快递点,2.43,1.5,2025-10-14 11:27:00,1
S000331,2025-10-29,consumption,开水房,1.46,1.0,2025-10-29 12:16:00,2
S000331,2025-11-06,consumption,开水房,0.69,2.0,2025-11-06 06:49:00,3
S000331,2025-11-06,access,宿舍楼,0.0,1.0,2025-11-06 18:25:00,3
S000331,2025-11-13,consumption,开水房,4.31,2.0,2025-11-13 23:41:00,3
S000331,2025-11-17,consumption,快递点,3.93,2.0,2025-11-17 10:43:00,0
S000332,2025-09-19,consumption,浴室,4.24,2.0,2025-09-19 07:07:00,4
S000332,2025-09-22,consumption,浴室,3.68,3.0,2025-09-22 19:49:00,0
S000332,2025-09-24,access,宿舍楼,0.0,2.5,2025-09-24 14:37:00,2
S000332,2025-09-25,consumption,食堂二楼,0.26,2.0,2025-09-25 23:47:00,3
S000332,2025-10-01,consumption,浴室,0.52,3.0,2025-10-01 20:49:00,2
S000332,2025-10-18,consumption,食堂一楼,26.27,1.0,2025-10-18 09:42:00,5
S000332,2025-10-18,consumption,开水房,0.58,1.0,2025-10-18 22:23:00,5
S000332,2025-11-07,consumption,食堂一楼,10.510000000000002,1.0,2025-11-07 13:41:00,4
S000332,2025-11-12,consumption,食堂一楼,20.44,2.0,2025-11-12 15:36:00,2
S000332,2025-11-19,consumption,校园超市,23.28,3.0,2025-11-19 15:53:00,2
S000333,2025-09-03,access,宿舍楼,0.0,1.0,2025-09-03 12:11:00,2
S000333,2025-09-19,access,宿舍楼,0.0,1.0,2025-09-19 18:36:00,4
S000333,2025-09-23,access,宿舍楼,0.0,1.0,2025-09-23 23:46:00,1
S000333,2025-09-25,consumption,快递点,4.01,1.0,2025-09-25 15:49:00,3
S000333,2025-10-24,access,图书馆,0.0,1.0,2025-10-24 18:28:00,4
S000333,2025-11-06,consumption,浴室,4.03,3.0,2025-11-06 18:40:00,3
S000333,2025-11-10,consumption,快递点,3.2,3.0,2025-11-10 20:05:00,0
S000333,2025-11-11,access,图书馆,0.0,1.0,2025-11-11 14:39:00,1
S000333,2025-11-12,consumption,食堂三楼,12.51,3.0,2025-11-12 09:18:00,2
S000333,2025-11-29,consumption,浴室,2.63,2.0,2025-11-29 09:29:00,5
S000334,2025-09-19,consumption,快递点,2.11,3.0,2025-09-19 10:27:00,4
S000334,2025-09-30,consumption,食堂二楼,15.09,2.0,2025-09-30 17:41:00,1
S000334,2025-10-02,access,图书馆,0.0,1.0,2025-10-02 18:57:00,3
S000334,2025-10-15,access,图书馆,0.0,1.0,2025-10-15 10:57:00,2
S000334,2025-10-23,consumption,快递点,1.47,3.0,2025-10-23 21:51:00,3
S000334,2025-10-25,consumption,快递点,3.59,1.0,2025-10-25 12:51:00,5
S000334,2025-11-07,consumption,食堂三楼,17.66,1.0,2025-11-07 14:53:00,4
S000334,2025-11-11,access,宿舍楼,0.0,1.0,2025-11-11 06:57:00,1
S000334,2025-11-24,consumption,快递点,2.98,3.0,2025-11-24 18:22:00,0
S000334,2025-11-28,consumption,校园超市,52.47,2.0,2025-11-28 06:35:00,4
S000335,2025-09-04,consumption,食堂一楼,32.08,2.0,2025-09-04 22:03:00,3
S000335,2025-09-06,access,图书馆,0.0,1.0,2025-09-06 15:48:00,5
S000335,2025-09-25,access,宿舍楼,0.0,1.0,2025-09-25 23:09:00,3
S000335,2025-09-26,consumption,开水房,1.37,3.0,2025-09-26 16:52:00,4
S000335,2025-09-29,consumption,开水房,4.33,2.0,2025-09-29 18:58:00,0
S000335,2025-10-01,consumption,快递点,1.9,3.0,2025-10-01 14:40:00,2
S000335,2025-10-12,consumption,校园超市,35.7,1.0,2025-10-12 22:12:00,6
S000335,2025-10-20,consumption,食堂一楼,14.53,1.0,2025-10-20 18:32:00,0
S000335,2025-11-14,access,宿舍楼,0.0,1.0,2025-11-14 10:03:00,4
S000335,2025-11-18,consumption,食堂一楼,44.38,2.0,2025-11-18 08:54:00,1
S000336,2025-09-12,access,宿舍楼,0.0,1.0,2025-09-12 21:59:00,4
S000336,2025-09-17,consumption,食堂三楼,16.8,1.0,2025-09-17 23:51:00,2
S000336,2025-09-22,consumption,校园超市,15.52,1.0,2025-09-22 20:34:00,0
S000336,2025-09-30,consumption,食堂二楼,51.97,2.0,2025-09-30 17:45:00,1
S000336,2025-10-18,consumption,食堂三楼,40.37,2.0,2025-10-18 06:57:00,5
S000336,2025-10-20,access,图书馆,0.0,1.0,2025-10-20 17:44:00,0
S000336,2025-10-28,access,宿舍楼,0.0,1.0,2025-10-28 19:42:00,1
S000336,2025-11-03,consumption,浴室,1.77,1.0,2025-11-03 07:45:00,0
S000336,2025-11-08,consumption,食堂二楼,12.05,1.0,2025-11-08 12:29:00,5
S000336,2025-11-17,consumption,快递点,1.69,2.0,2025-11-17 22:43:00,0
S000337,2025-09-07,access,图书馆,0.0,1.0,2025-09-07 21:37:00,6
S000337,2025-09-11,consumption,食堂二楼,21.64,1.0,2025-09-11 09:05:00,3
S000337,2025-09-13,consumption,食堂三楼,30.81,1.0,2025-09-13 13:28:00,5
S000337,2025-09-19,access,宿舍楼,0.0,1.0,2025-09-19 22:10:00,4
S000337,2025-09-27,consumption,快递点,0.96,2.0,2025-09-27 23:06:00,5
S000337,2025-09-28,consumption,开水房,2.95,2.0,2025-09-28 14:37:00,6
S000337,2025-10-12,consumption,快递点,2.28,3.0,2025-10-12 07:52:00,6
S000337,2025-10-25,consumption,浴室,4.91,2.0,2025-10-25 10:29:00,5
S000337,2025-11-03,consumption,食堂三楼,32.4,2.0,2025-11-03 09:12:00,0
S000337,2025-11-17,consumption,校园超市,58.12,1.0,2025-11-17 13:48:00,0
S000338,2025-09-24,consumption,快递点,1.23,1.0,2025-09-24 21:57:00,2
S000338,2025-09-30,consumption,校园超市,42.19,3.0,2025-09-30 06:31:00,1
S000338,2025-10-25,access,图书馆,0.0,1.0,2025-10-25 21:52:00,5
S000338,2025-11-01,access,宿舍楼,0.0,1.0,2025-11-01 21:15:00,5
S000338,2025-11-06,access,宿舍楼,0.0,1.0,2025-11-06 11:36:00,3
S000338,2025-11-09,consumption,快递点,2.71,3.0,2025-11-09 20:14:00,6
S000338,2025-11-09,consumption,食堂一楼,17.78,3.0,2025-11-09 11:34:00,6
S000338,2025-11-15,consumption,食堂二楼,3.855,1.0,2025-11-15 12:16:00,5
S000338,2025-11-27,access,宿舍楼,0.0,1.0,2025-11-27 06:21:00,3
S000338,2025-11-29,consumption,开水房,3.36,2.0,2025-11-29 09:29:00,5
S000339,2025-09-01,consumption,食堂二楼,25.24,1.0,2025-09-01 11:11:00,0
S000339,2025-09-05,access,图书馆,0.0,1.0,2025-09-05 17:44:00,4
S000339,2025-09-10,consumption,快递点,34.11,1.0,2025-09-10 10:20:00,2
S000339,2025-09-14,consumption,校园超市,68.22,3.0,2025-09-14 10:46:00,6
S000339,2025-09-29,consumption,食堂三楼,35.185,3.0,2025-09-29 11:05:00,0
S000339,2025-10-21,consumption,开水房,2.15,2.0,2025-10-21 23:28:00,1
S000339,2025-10-22,consumption,快递点,1.16,1.0,2025-10-22 17:48:00,2
S000339,2025-11-09,access,图书馆,0.0,1.0,2025-11-09 10:57:00,6
S000339,2025-11-12,consumption,校园超市,0.855,3.0,2025-11-12 07:35:00,2
S000339,2025-11-15,consumption,开水房,1.71,2.0,2025-11-15 23:18:00,5
S000340,2025-09-20,access,图书馆,0.0,1.0,2025-09-20 13:33:00,5
S000340,2025-09-30,consumption,浴室,2.45,3.0,2025-09-30 14:32:00,1
S000340,2025-10-08,consumption,食堂三楼,32.11,3.0,2025-10-08 16:54:00,2
S000340,2025-10-16,access,图书馆,0.0,1.0,2025-10-16 16:25:00,3
S000340,2025-10-20,consumption,快递点,3.31,2.0,2025-10-20 22:31:00,0
S000340,2025-10-28,consumption,浴室,2.56,1.0,2025-10-28 20:05:00,1
S000340,2025-10-28,consumption,食堂二楼,41.94,3.0,2025-10-28 11:01:00,1
S000340,2025-11-18,consumption,开水房,0.8,1.0,2025-11-18 15:22:00,1
S000340,2025-11-18,consumption,校园超市,15.0,1.0,2025-11-18 08:46:00,1
S000340,2025-11-20,consumption,校园超市,10.26,2.0,2025-11-20 23:31:00,3
S000341,2025-10-05,access,宿舍楼,0.0,1.0,2025-10-05 18:24:00,6
S000341,2025-10-14,access,宿舍楼,0.0,1.0,2025-10-14 14:11:00,1
S000341,2025-11-07,consumption,浴室,2.27,1.0,2025-11-07 17:52:00,4
S000341,2025-11-13,consumption,开水房,0.67,3.0,2025-11-13 23:20:00,3
S000341,2025-11-13,access,宿舍楼,0.0,1.0,2025-11-13 13:55:00,3
S000341,2025-11-18,consumption,开水房,1.61,1.0,2025-11-18 23:47:00,1
S000341,2025-11-19,consumption,校园超市,4.17,1.0,2025-11-19 07:01:00,2
S000341,2025-11-20,access,宿舍楼,0.0,1.0,2025-11-20 07:44:00,3
S000341,2025-11-26,consumption,食堂三楼,68.59,3.0,2025-11-26 11:49:00,2
S000341,2025-11-27,consumption,校园超市,68.59,3.0,2025-11-27 11:43:00,3
S000342,2025-09-01,consumption,开水房,3.3,3.0,2025-09-01 22:52:00,0
S000342,2025-09-25,consumption,浴室,4.71,2.0,2025-09-25 18:10:00,3
S000342,2025-09-29,access,图书馆,4.665,1.0,2025-09-29 16:45:00,0
S000342,2025-10-04,consumption,开水房,4.62,1.0,2025-10-04 23:48:00,5
S000342,2025-10-04,access,宿舍楼,0.0,1.0,2025-10-04 06:39:00,5
S000342,2025-10-12,access,宿舍楼,0.0,1.0,2025-10-12 14:14:00,6
S000342,2025-10-14,access,宿舍楼,0.0,1.0,2025-10-14 11:58:00,1
S000342,2025-10-14,consumption,浴室,1.27,3.0,2025-10-14 13:55:00,1
S000342,2025-10-21,consumption,食堂一楼,14.13,3.0,2025-10-21 21:33:00,1
S000342,2025-11-28,consumption,浴室,14.13,3.0,2025-11-28 17:06:00,4
S000343,2025-09-05,consumption,食堂三楼,21.96,1.0,2025-09-05 18:19:00,4
S000343,2025-09-07,consumption,快递点,3.67,3.0,2025-09-07 13:17:00,6
S000343,2025-09-12,consumption,校园超市,16.1,1.0,2025-09-12 16:52:00,4
S000343,2025-09-12,consumption,食堂三楼,22.355,2.0,2025-09-12 20:24:00,4
S000343,2025-10-12,consumption,食堂二楼,28.61,3.0,2025-10-12 11:23:00,6
S000343,2025-11-07,consumption,快递点,2.42,2.0,2025-11-07 07:01:00,4
S000343,2025-11-13,consumption,快递点,1.01,2.0,2025-11-13 21:10:00,3
S000343,2025-11-18,consumption,食堂一楼,37.72,3.0,2025-11-18 22:30:00,1
S000343,2025-11-19,access,宿舍楼,0.0,1.0,2025-11-19 21:46:00,2
S000343,2025-11-19,consumption,快递点,1.17,3.0,2025-11-19 09:18:00,2
S000344,2025-09-01,access,图书馆,0.0,1.0,2025-09-01 10:51:00,0
S000344,2025-09-21,access,宿舍楼,0.0,1.0,2025-09-21 23:51:00,6
S000344,2025-10-17,consumption,快递点,2.81,3.0,2025-10-17 17:25:00,4
S000344,2025-10-25,consumption,食堂三楼,18.33,3.0,2025-10-25 22:26:00,5
S000344,2025-10-28,consumption,食堂三楼,22.57,2.0,2025-10-28 11:08:00,1
S000344,2025-11-03,access,宿舍楼,0.0,1.0,2025-11-03 14:34:00,0
S000344,2025-11-11,consumption,开水房,4.26,2.0,2025-11-11 06:17:00,1
S000344,2025-11-18,consumption,浴室,1.08,2.0,2025-11-18 09:05:00,1
S000344,2025-11-20,consumption,浴室,2.4,2.0,2025-11-20 16:50:00,3
S000344,2025-11-28,consumption,食堂三楼,28.26,1.0,2025-11-28 10:59:00,4
S000345,2025-09-01,consumption,快递点,2.82,3.0,2025-09-01 11:58:00,0
S000345,2025-09-05,consumption,开水房,3.35,3.0,2025-09-05 11:43:00,4
S000345,2025-09-13,consumption,食堂三楼,31.36,3.0,2025-09-13 22:39:00,5
S000345,2025-10-01,consumption,快递点,4.47,1.0,2025-10-01 16:55:00,2
S000345,2025-10-10,consumption,食堂二楼,21.66,3.0,2025-10-10 13:04:00,4
S000345,2025-10-11,consumption,食堂一楼,54.8,2.0,2025-10-11 16:30:00,5
S000345,2025-10-18,consumption,食堂一楼,35.43,3.0,2025-10-18 12:51:00,5
S000345,2025-10-20,consumption,浴室,4.98,2.0,2025-10-20 10:31:00,0
S000345,2025-11-21,access,宿舍楼,0.0,1.0,2025-11-21 19:09:00,4
S000345,2025-11-28,access,图书馆,0.0,1.0,2025-11-28 14:28:00,4
S000346,2025-09-12,consumption,校园超市,51.36,2.0,2025-09-12 21:10:00,4
S000346,2025-09-12,consumption,食堂二楼,12.83,1.0,2025-09-12 17:30:00,4
S000346,2025-09-18,consumption,快递点,3.07,1.0,2025-09-18 16:09:00,3
S000346,2025-09-19,access,图书馆,0.0,1.0,2025-09-19 18:19:00,4
S000346,2025-09-23,access,图书馆,0.0,1.0,2025-09-23 19:08:00,1
S000346,2025-09-25,access,图书馆,0.0,1.0,2025-09-25 11:38:00,3
S000346,2025-09-27,access,宿舍楼,0.0,1.0,2025-09-27 17:01:00,5
S000346,2025-10-30,consumption,开水房,4.88,3.0,2025-10-30 14:30:00,3
S000346,2025-11-08,consumption,校园超市,23.22,2.0,2025-11-08 22:45:00,5
S000346,2025-11-19,consumption,校园超市,34.13,3.0,2025-11-19 06:56:00,2
S000347,2025-09-19,consumption,食堂二楼,18.83,2.0,2025-09-19 17:44:00,4
S000347,2025-09-22,access,宿舍楼,0.0,1.0,2025-09-22 16:42:00,0
S000347,2025-09-23,consumption,开水房,1.47,2.0,2025-09-23 12:59:00,1
S000347,2025-09-23,consumption,浴室,4.59,1.0,2025-09-23 19:56:00,1
S000347,2025-09-24,access,图书馆,0.0,1.0,2025-09-24 18:30:00,2
S000347,2025-10-02,access,图书馆,0.0,1.0,2025-10-02 13:35:00,3
S000347,2025-11-12,consumption,食堂二楼,29.96,1.0,2025-11-12 16:11:00,2
S000347,2025-11-14,consumption,食堂三楼,17.71,1.0,2025-11-14 23:35:00,4
S000347,2025-11-19,consumption,快递点,3.99,3.0,2025-11-19 20:24:00,2
S000347,2025-11-24,consumption,开水房,0.96,3.0,2025-11-24 23:55:00,0
S000348,2025-09-04,access,图书馆,3.855,1.0,2025-09-04 10:50:00,3
S000348,2025-09-15,consumption,校园超市,20.43,3.0,2025-09-15 20:00:00,0
S000348,2025-09-15,consumption,开水房,4.53,2.0,2025-09-15 10:37:00,0
S000348,2025-09-24,consumption,校园超市,25.71,1.0,2025-09-24 11:03:00,2
S000348,2025-10-10,consumption,食堂一楼,32.89,2.0,2025-10-10 20:47:00,4
S000348,2025-10-13,consumption,食堂三楼,45.57,3.0,2025-10-13 21:39:00,0
S000348,2025-10-13,consumption,浴室,2.61,3.0,2025-10-13 21:46:00,0
S000348,2025-10-17,consumption,快递点,3.77,1.0,2025-10-17 23:12:00,4
S000348,2025-11-03,consumption,快递点,2.27,1.0,2025-11-03 06:36:00,0
S000348,2025-11-11,access,图书馆,0.0,1.0,2025-11-11 10:09:00,1
S000349,2025-09-03,consumption,食堂三楼,27.67,1.0,2025-09-03 18:41:00,2
S000349,2025-09-04,consumption,食堂二楼,32.55,2.0,2025-09-04 14:41:00,3
S000349,2025-09-09,consumption,快递点,1.23,1.0,2025-09-09 08:01:00,1
S000349,2025-09-11,access,宿舍楼,0.0,1.0,2025-09-11 09:29:00,3
S000349,2025-09-20,consumption,食堂二楼,3.855,3.0,2025-09-20 17:42:00,5
S000349,2025-09-23,consumption,食堂一楼,57.46,2.0,2025-09-23 23:31:00,1
S000349,2025-09-24,consumption,浴室,2.27,1.0,2025-09-24 07:12:00,2
S000349,2025-09-27,consumption,开水房,3.67,2.0,2025-09-27 22:22:00,5
S000349,2025-11-04,access,宿舍楼,1.835,1.0,2025-11-04 17:43:00,1
S000349,2025-11-17,access,宿舍楼,0.0,1.0,2025-11-17 22:32:00,0
S000350,2025-09-11,consumption,浴室,2.75,3.0,2025-09-11 09:09:00,3
S000350,2025-09-27,consumption,快递点,3.59,3.0,2025-09-27 20:26:00,5
S000350,2025-10-14,consumption,浴室,3.92,1.0,2025-10-14 12:59:00,1
S000350,2025-10-19,consumption,食堂二楼,35.75,1.0,2025-10-19 07:07:00,6
S000350,2025-10-21,consumption,食堂二楼,10.17,3.0,2025-10-21 10:07:00,1
S000350,2025-10-30,access,图书馆,0.0,1.0,2025-10-30 08:07:00,3
S000350,2025-11-05,consumption,浴室,4.2,1.0,2025-11-05 19:30:00,2
S000350,2025-11-17,access,图书馆,0.0,1.0,2025-11-17 09:07:00,0
S000350,2025-11-19,access,宿舍楼,0.0,1.0,2025-11-19 10:46:00,2
S000350,2025-11-19,access,图书馆,0.0,1.0,2025-11-19 08:18:00,2
S000351,2025-09-02,consumption,校园超市,56.36,3.0,2025-09-02 15:49:00,1
S000351,2025-09-09,access,图书馆,0.0,1.0,2025-09-09 20:59:00,1
S000351,2025-09-28,access,宿舍楼,0.0,1.0,2025-09-28 10:49:00,6
S000351,2025-10-07,consumption,浴室,0.0,3.0,2025-10-07 22:08:00,1
S000351,2025-10-14,access,宿舍楼,0.0,1.0,2025-10-14 10:09:00,1
S000351,2025-10-17,access,宿舍楼,0.0,1.0,2025-10-17 18:53:00,4
S000351,2025-11-06,consumption,快递点,4.03,1.5,2025-11-06 09:05:00,3
S000351,2025-11-13,consumption,校园超市,27.25,2.0,2025-11-13 12:34:00,3
S000351,2025-11-16,consumption,食堂二楼,34.35,1.0,2025-11-16 12:44:00,6
S000351,2025-11-28,consumption,快递点,0.58,1.0,2025-11-28 13:29:00,4
S000352,2025-09-04,consumption,食堂一楼,22.1,3.0,2025-09-04 10:01:00,3
S000352,2025-09-16,consumption,食堂二楼,22.89,2.0,2025-09-16 17:35:00,1
S000352,2025-09-17,consumption,食堂三楼,18.35,3.0,2025-09-17 09:21:00,2
S000352,2025-09-19,access,图书馆,0.0,1.0,2025-09-19 14:07:00,4
S000352,2025-10-06,consumption,浴室,3.29,2.0,2025-10-06 08:27:00,0
S000352,2025-10-11,consumption,快递点,1.21,3.0,2025-10-11 06:14:00,5
S000352,2025-10-12,consumption,校园超市,7.54,2.0,2025-10-12 10:13:00,6
S000352,2025-10-17,consumption,校园超市,10.17,1.0,2025-10-17 23:31:00,4
S000352,2025-10-25,access,图书馆,0.0,1.0,2025-10-25 14:14:00,5
S000352,2025-11-29,access,宿舍楼,0.0,1.0,2025-11-29 07:15:00,5
S000353,2025-09-06,consumption,快递点,1.03,3.0,2025-09-06 09:02:00,5
S000353,2025-09-08,consumption,浴室,2.13,2.0,2025-09-08 21:36:00,0
S000353,2025-09-14,consumption,快递点,1.63,2.0,2025-09-14 06:07:00,6
S000353,2025-09-23,access,宿舍楼,0.0,1.0,2025-09-23 21:53:00,1
S000353,2025-09-27,consumption,开水房,4.07,3.0,2025-09-27 13:06:00,5
S000353,2025-10-27,consumption,快递点,4.99,2.5,2025-10-27 15:27:00,0
S000353,2025-10-28,consumption,快递点,4.74,2.0,2025-10-28 11:27:00,1
S000353,2025-11-06,consumption,食堂一楼,56.54,3.0,2025-11-06 09:51:00,3
S000353,2025-11-21,consumption,校园超市,32.16,2.0,2025-11-21 08:23:00,4
S000353,2025-11-25,consumption,食堂一楼,29.88,1.0,2025-11-25 06:55:00,1
S000354,2025-09-07,consumption,食堂二楼,30.64,2.0,2025-09-07 08:03:00,6
S000354,2025-09-14,access,图书馆,0.0,2.0,2025-09-14 15:05:00,6
S000354,2025-09-26,consumption,校园超市,7.72,2.0,2025-09-26 09:15:00,4
S000354,2025-10-07,consumption,浴室,4.79,2.0,2025-10-07 15:12:00,1
S000354,2025-10-15,consumption,浴室,3.54,2.0,2025-10-15 19:45:00,2
S000354,2025-10-22,consumption,开水房,1.38,1.0,2025-10-22 19:11:00,2
S000354,2025-10-22,consumption,快递点,4.64,2.0,2025-10-22 14:53:00,2
S000354,2025-10-25,consumption,校园超市,52.32,1.0,2025-10-25 12:07:00,5
S000354,2025-10-26,access,宿舍楼,0.0,1.0,2025-10-26 10:05:00,6
S000354,2025-11-11,consumption,食堂二楼,18.09,3.0,2025-11-11 12:38:00,1
S000355,2025-09-05,consumption,食堂三楼,22.94,2.0,2025-09-05 19:27:00,4
S000355,2025-09-09,access,图书馆,0.0,1.0,2025-09-09 15:37:00,1
S000355,2025-09-13,consumption,食堂三楼,24.71,3.0,2025-09-13 06:48:00,5
S000355,2025-10-02,consumption,开水房,0.8,1.0,2025-10-02 07:16:00,3
S000355,2025-10-16,consumption,浴室,1.58,1.0,2025-10-16 21:01:00,3
S000355,2025-11-02,consumption,食堂一楼,16.57,2.0,2025-11-02 07:01:00,6
S000355,2025-11-12,access,宿舍楼,0.0,1.0,2025-11-12 06:20:00,2
S000355,2025-11-16,access,宿舍楼,0.0,1.0,2025-11-16 22:31:00,6
S000355,2025-11-18,consumption,食堂一楼,23.09,3.0,2025-11-18 15:41:00,1
S000355,2025-11-23,consumption,食堂二楼,33.92,3.0,2025-11-23 23:04:00,6
S000356,2025-09-12,consumption,快递点,1.21,3.0,2025-09-12 06:40:00,4
S000356,2025-09-27,access,宿舍楼,0.0,1.0,2025-09-27 09:39:00,5
S000356,2025-09-28,consumption,浴室,2.57,3.0,2025-09-28 11:06:00,6
S000356,2025-10-04,consumption,校园超市,35.8,3.0,2025-10-04 10:01:00,5
S000356,2025-10-05,consumption,快递点,1.28,2.0,2025-10-05 19:11:00,6
S000356,2025-10-08,consumption,校园超市,9.87,1.0,2025-10-08 10:13:00,2
S000356,2025-10-27,consumption,快递点,2.37,3.0,2025-10-27 23:47:00,0
S000356,2025-10-28,access,图书馆,0.0,1.0,2025-10-28 19:52:00,1
S000356,2025-11-02,consumption,食堂一楼,19.71,2.0,2025-11-02 21:36:00,6
S000356,2025-11-21,consumption,食堂一楼,30.26,1.0,2025-11-21 20:37:00,4
S000357,2025-09-02,consumption,食堂一楼,27.45,1.0,2025-09-02 14:34:00,1
S000357,2025-09-03,access,宿舍楼,0.0,1.0,2025-09-03 22:01:00,2
S000357,2025-09-06,consumption,食堂三楼,39.11,2.0,2025-09-06 08:53:00,5
S000357,2025-09-10,access,宿舍楼,0.0,1.0,2025-09-10 14:19:00,2
S000357,2025-09-24,access,宿舍楼,0.0,1.0,2025-09-24 08:19:00,2
S000357,2025-09-30,consumption,校园超市,14.59,3.0,2025-09-30 17:28:00,1
S000357,2025-10-18,consumption,快递点,3.27,3.0,2025-10-18 22:56:00,5
S000357,2025-11-08,consumption,快递点,1.04,2.0,2025-11-08 22:32:00,5
S000357,2025-11-14,consumption,食堂二楼,58.18,1.0,2025-11-14 08:28:00,4
S000357,2025-11-24,consumption,食堂一楼,20.36,3.0,2025-11-24 08:15:00,0
S000358,2025-09-16,consumption,快递点,0.9,3.0,2025-09-16 19:07:00,1
S000358,2025-10-08,consumption,浴室,4.67,3.0,2025-10-08 15:53:00,2
S000358,2025-10-16,consumption,校园超市,4.91,3.0,2025-10-16 13:11:00,3
S000358,2025-10-19,consumption,快递点,4.69,3.0,2025-10-19 18:11:00,6
S000358,2025-11-02,consumption,快递点,3.61,3.0,2025-11-02 13:21:00,6
S000358,2025-11-03,consumption,浴室,1.72,1.0,2025-11-03 19:35:00,0
S000358,2025-11-04,consumption,开水房,3.88,3.0,2025-11-04 21:42:00,1
S000358,2025-11-16,consumption,快递点,3.42,1.0,2025-11-16 11:32:00,6
S000358,2025-11-18,consumption,浴室,1.62,2.0,2025-11-18 19:01:00,1
S000358,2025-11-21,consumption,食堂一楼,12.07,3.0,2025-11-21 17:14:00,4
S000359,2025-09-02,consumption,食堂三楼,46.12,1.0,2025-09-02 18:09:00,1
S000359,2025-09-03,consumption,食堂一楼,18.5,1.0,2025-09-03 15:04:00,2
S000359,2025-09-21,access,宿舍楼,0.0,1.0,2025-09-21 13:52:00,6
S000359,2025-09-28,access,图书馆,0.0,1.0,2025-09-28 17:57:00,6
S000359,2025-09-29,consumption,校园超市,12.92,3.0,2025-09-29 22:14:00,0
S000359,2025-10-02,consumption,快递点,4.94,3.0,2025-10-02 11:52:00,3
S000359,2025-10-05,consumption,食堂三楼,11.44,1.0,2025-10-05 08:28:00,6
S000359,2025-11-01,consumption,快递点,2.87,3.0,2025-11-01 08:27:00,5
S000359,2025-11-18,consumption,校园超市,3.855,1.0,2025-11-18 14:25:00,1
S000359,2025-11-20,consumption,浴室,2.96,1.0,2025-11-20 22:36:00,3
S000360,2025-09-09,consumption,开水房,2.68,3.0,2025-09-09 08:49:00,1
S000360,2025-09-13,consumption,快递点,4.24,2.5,2025-09-13 11:23:00,5
S000360,2025-09-16,consumption,校园超市,68.97,2.0,2025-09-16 07:55:00,1
S000360,2025-09-25,consumption,食堂三楼,66.89,1.0,2025-09-25 19:25:00,3
S000360,2025-09-27,access,图书馆,0.0,1.0,2025-09-27 11:13:00,5
S000360,2025-10-02,consumption,食堂三楼,26.9,2.0,2025-10-02 23:32:00,3
S000360,2025-10-06,access,宿舍楼,0.0,1.0,2025-10-06 10:16:00,0
S000360,2025-10-31,access,图书馆,0.0,1.0,2025-10-31 13:11:00,4
S000360,2025-11-06,consumption,食堂三楼,68.77,3.0,2025-11-06 23:36:00,3
S000360,2025-11-09,consumption,浴室,2.93,3.0,2025-11-09 06:55:00,6
S000361,2025-09-15,consumption,食堂一楼,18.62,2.0,2025-09-15 07:14:00,0
S000361,2025-09-24,access,宿舍楼,0.0,1.0,2025-09-24 14:34:00,2
S000361,2025-10-02,consumption,校园超市,37.44,3.0,2025-10-02 07:22:00,3
S000361,2025-10-05,consumption,快递点,4.98,1.0,2025-10-05 16:39:00,6
S000361,2025-10-10,consumption,快递点,0.91,2.0,2025-10-10 14:20:00,4
S000361,2025-10-22,consumption,浴室,1.15,2.0,2025-10-22 08:28:00,2
S000361,2025-10-25,consumption,浴室,3.28,1.0,2025-10-25 18:44:00,5
S000361,2025-11-16,consumption,食堂一楼,32.99,3.0,2025-11-16 21:23:00,6
S000361,2025-11-19,consumption,食堂三楼,44.89,3.0,2025-11-19 18:36:00,2
S000361,2025-11-24,consumption,食堂一楼,40.94,3.0,2025-11-24 10:46:00,0
S000362,2025-09-04,consumption,开水房,3.08,1.0,2025-09-04 15:33:00,3
S000362,2025-09-04,consumption,快递点,4.79,2.0,2025-09-04 13:12:00,3
S000362,2025-10-04,consumption,浴室,0.75,2.0,2025-10-04 06:03:00,5
S000362,2025-10-10,consumption,快递点,2.14,2.0,2025-10-10 16:34:00,4
S000362,2025-10-11,consumption,开水房,3.41,1.0,2025-10-11 22:37:00,5
S000362,2025-10-23,consumption,快递点,2.46,1.0,2025-10-23 06:52:00,3
S000362,2025-11-04,access,图书馆,0.0,1.0,2025-11-04 14:08:00,1
S000362,2025-11-14,consumption,食堂一楼,16.3,2.0,2025-11-14 18:24:00,4
S000362,2025-11-16,consumption,快递点,3.0,1.5,2025-11-16 12:26:00,6
S000362,2025-11-27,access,宿舍楼,0.0,1.0,2025-11-27 19:31:00,3
S000363,2025-09-07,consumption,开水房,2.41,1.0,2025-09-07 09:11:00,6
S000363,2025-09-09,consumption,食堂一楼,19.56,1.0,2025-09-09 11:17:00,1
S000363,2025-09-14,consumption,食堂三楼,24.49,3.0,2025-09-14 17:14:00,6
S000363,2025-09-20,consumption,快递点,4.09,2.0,2025-09-20 21:44:00,5
S000363,2025-09-24,access,宿舍楼,0.0,1.5,2025-09-24 15:03:00,2
S000363,2025-10-02,access,宿舍楼,0.0,1.0,2025-10-02 14:51:00,3
S000363,2025-10-22,access,图书馆,0.0,1.0,2025-10-22 21:40:00,2
S000363,2025-11-04,access,宿舍楼,0.0,1.0,2025-11-04 23:51:00,1
S000363,2025-11-24,consumption,校园超市,17.53,1.0,2025-11-24 16:39:00,0
S000363,2025-11-30,access,图书馆,0.0,1.0,2025-11-30 13:58:00,6
S000364,2025-09-02,access,宿舍楼,0.0,1.0,2025-09-02 20:08:00,1
S000364,2025-09-14,consumption,浴室,4.92,2.0,2025-09-14 21:35:00,6
S000364,2025-09-17,consumption,食堂一楼,39.55,2.5,2025-09-17 17:28:00,2
S000364,2025-09-23,consumption,食堂一楼,25.64,3.0,2025-09-23 23:44:00,1
S000364,2025-10-23,access,图书馆,0.0,1.0,2025-10-23 18:51:00,3
S000364,2025-10-25,consumption,开水房,1.0,1.0,2025-10-25 07:13:00,5
S000364,2025-10-26,consumption,浴室,3.78,3.0,2025-10-26 07:29:00,6
S000364,2025-11-06,consumption,食堂一楼,3.8499999999999996,1.0,2025-11-06 23:00:00,3
S000364,2025-11-07,consumption,开水房,3.92,2.0,2025-11-07 16:14:00,4
S000364,2025-11-10,consumption,快递点,3.36,2.0,2025-11-10 14:32:00,0
S000365,2025-09-02,consumption,食堂一楼,17.14,1.0,2025-09-02 18:15:00,1
S000365,2025-09-05,consumption,校园超市,8.06,2.0,2025-09-05 15:41:00,4
S000365,2025-09-25,consumption,开水房,4.93,2.0,2025-09-25 23:39:00,3
S000365,2025-09-26,access,图书馆,0.0,1.0,2025-09-26 09:08:00,4
S000365,2025-09-30,consumption,食堂三楼,51.36,2.0,2025-09-30 14:03:00,1
S000365,2025-10-18,consumption,校园超市,17.2,2.0,2025-10-18 10:55:00,5
S000365,2025-10-21,access,图书馆,0.0,1.0,2025-10-21 18:18:00,1
S000365,2025-11-02,consumption,浴室,3.8,1.0,2025-11-02 20:28:00,6
S000365,2025-11-11,consumption,开水房,1.26,1.0,2025-11-11 21:22:00,1
S000365,2025-11-22,consumption,开水房,1.25,1.0,2025-11-22 06:12:00,5
S000366,2025-09-02,consumption,开水房,3.9,3.0,2025-09-02 16:15:00,1
S000366,2025-09-06,consumption,开水房,3.36,1.0,2025-09-06 18:38:00,5
S000366,2025-09-09,consumption,浴室,1.48,3.0,2025-09-09 23:06:00,1
S000366,2025-09-23,consumption,食堂三楼,23.54,3.0,2025-09-23 17:16:00,1
S000366,2025-09-30,consumption,浴室,16.595,1.0,2025-09-30 14:39:00,1
S000366,2025-09-30,consumption,食堂二楼,9.65,2.0,2025-09-30 06:02:00,1
S000366,2025-10-04,consumption,快递点,2.89,3.0,2025-10-04 17:44:00,5
S000366,2025-10-21,consumption,浴室,1.79,1.0,2025-10-21 19:22:00,1
S000366,2025-11-22,consumption,食堂二楼,23.08,3.0,2025-11-22 20:32:00,5
S000366,2025-11-29,access,图书馆,0.0,1.0,2025-11-29 16:04:00,5
S000367,2025-09-12,access,宿舍楼,0.0,1.0,2025-09-12 14:11:00,4
S000367,2025-09-15,access,宿舍楼,0.0,1.0,2025-09-15 06:25:00,0
S000367,2025-09-21,access,图书馆,0.0,2.0,2025-09-21 10:33:00,6
S000367,2025-10-05,consumption,食堂二楼,0.55,3.0,2025-10-05 13:37:00,6
S000367,2025-10-11,consumption,开水房,1.1,2.0,2025-10-11 09:17:00,5
S000367,2025-10-28,consumption,食堂三楼,33.63,2.0,2025-10-28 13:02:00,1
S000367,2025-10-28,consumption,食堂二楼,61.99,1.0,2025-10-28 09:09:00,1
S000367,2025-11-05,consumption,快递点,2.92,2.0,2025-11-05 19:37:00,2
S000367,2025-11-05,access,图书馆,27.604999999999997,1.0,2025-11-05 10:09:00,2
S000367,2025-11-07,consumption,食堂二楼,52.29,3.0,2025-11-07 07:19:00,4
S000368,2025-09-04,consumption,开水房,3.19,3.0,2025-09-04 21:45:00,3
S000368,2025-09-07,access,宿舍楼,24.180000000000003,1.0,2025-09-07 19:50:00,6
S000368,2025-09-16,consumption,食堂一楼,45.17,1.0,2025-09-16 11:14:00,1
S000368,2025-09-23,access,图书馆,0.0,1.0,2025-09-23 09:44:00,1
S000368,2025-10-01,access,宿舍楼,0.0,1.0,2025-10-01 16:41:00,2
S000368,2025-10-02,consumption,食堂一楼,21.91,3.0,2025-10-02 22:48:00,3
S000368,2025-10-20,consumption,浴室,0.88,2.0,2025-10-20 12:23:00,0
S000368,2025-10-20,access,宿舍楼,0.0,1.0,2025-10-20 07:58:00,0
S000368,2025-11-06,consumption,校园超市,32.0,2.0,2025-11-06 09:02:00,3
S000368,2025-11-10,consumption,食堂二楼,15.18,2.0,2025-11-10 15:26:00,0
S000369,2025-09-03,consumption,快递点,2.32,1.0,2025-09-03 06:23:00,2
S000369,2025-09-10,consumption,开水房,0.71,2.0,2025-09-10 18:27:00,2
S000369,2025-09-25,consumption,浴室,1.41,3.0,2025-09-25 10:24:00,3
S000369,2025-09-29,access,图书馆,0.0,1.0,2025-09-29 20:28:00,0
S000369,2025-10-05,consumption,食堂一楼,20.37,3.0,2025-10-05 18:58:00,6
S000369,2025-10-06,access,宿舍楼,0.0,1.0,2025-10-06 20:53:00,0
S000369,2025-10-18,consumption,食堂一楼,42.28,3.0,2025-10-18 08:45:00,5
S000369,2025-11-09,consumption,校园超市,3.855,3.0,2025-11-09 14:49:00,6
S000369,2025-11-15,consumption,开水房,4.06,1.0,2025-11-15 06:12:00,5
S000369,2025-11-19,consumption,浴室,4.06,2.0,2025-11-19 23:48:00,2
S000370,2025-09-03,access,图书馆,0.0,1.0,2025-09-03 14:56:00,2
S000370,2025-09-04,consumption,浴室,2.43,2.0,2025-09-04 20:54:00,3
S000370,2025-09-10,consumption,校园超市,13.58,1.0,2025-09-10 13:08:00,2
S000370,2025-10-09,access,图书馆,0.0,2.0,2025-10-09 20:57:00,3
S000370,2025-10-26,consumption,浴室,4.54,3.0,2025-10-26 09:30:00,6
S000370,2025-11-07,access,宿舍楼,2.27,1.0,2025-11-07 08:23:00,4
S000370,2025-11-08,access,宿舍楼,0.0,1.0,2025-11-08 11:24:00,5
S000370,2025-11-17,consumption,食堂一楼,53.07,3.0,2025-11-17 13:34:00,0
S000370,2025-11-20,consumption,浴室,4.24,1.0,2025-11-20 18:00:00,3
S000370,2025-11-29,access,宿舍楼,0.0,1.0,2025-11-29 20:54:00,5
S000371,2025-09-06,consumption,快递点,2.78,1.0,2025-09-06 10:08:00,5
S000371,2025-09-10,consumption,快递点,3.68,2.0,2025-09-10 17:17:00,2
S000371,2025-09-17,consumption,浴室,2.06,2.0,2025-09-17 17:31:00,2
S000371,2025-09-23,consumption,浴室,4.74,2.0,2025-09-23 22:37:00,1
S000371,2025-10-06,consumption,开水房,3.16,1.0,2025-10-06 19:17:00,0
S000371,2025-10-08,access,图书馆,0.0,1.0,2025-10-08 15:18:00,2
S000371,2025-10-13,consumption,食堂一楼,26.32,2.0,2025-10-13 21:29:00,0
S000371,2025-10-17,consumption,食堂一楼,10.13,3.0,2025-10-17 06:46:00,4
S000371,2025-10-20,consumption,快递点,0.84,3.0,2025-10-20 23:09:00,0
S000371,2025-11-13,consumption,食堂二楼,14.02,1.0,2025-11-13 20:23:00,3
S000372,2025-09-07,consumption,校园超市,3.855,1.0,2025-09-07 16:26:00,6
S000372,2025-09-09,consumption,食堂三楼,19.43,3.0,2025-09-09 07:05:00,1
S000372,2025-09-12,consumption,开水房,4.75,3.0,2025-09-12 11:10:00,4
S000372,2025-09-15,consumption,食堂一楼,11.05,3.0,2025-09-15 11:54:00,0
S000372,2025-09-18,consumption,快递点,2.62,1.0,2025-09-18 22:10:00,3
S000372,2025-10-06,access,宿舍楼,0.0,1.0,2025-10-06 11:13:00,0
S000372,2025-10-24,consumption,浴室,4.66,2.0,2025-10-24 06:30:00,4
S000372,2025-10-30,access,图书馆,0.0,1.0,2025-10-30 21:42:00,3
S000372,2025-11-11,consumption,开水房,4.48,2.0,2025-11-11 06:03:00,1
S000372,2025-11-28,consumption,校园超市,17.85,1.0,2025-11-28 08:08:00,4
S000373,2025-09-12,consumption,校园超市,30.29,1.0,2025-09-12 07:47:00,4
S000373,2025-09-12,access,图书馆,0.0,1.0,2025-09-12 15:12:00,4
S000373,2025-09-28,access,宿舍楼,0.0,1.0,2025-09-28 17:08:00,6
S000373,2025-10-10,consumption,食堂三楼,13.67,3.0,2025-10-10 15:14:00,4
S000373,2025-10-17,consumption,快递点,4.38,2.0,2025-10-17 07:52:00,4
S000373,2025-10-26,consumption,开水房,0.57,2.0,2025-10-26 14:57:00,6
S000373,2025-11-12,consumption,食堂一楼,18.8,1.0,2025-11-12 20:04:00,2
S000373,2025-11-16,consumption,校园超市,2.02,1.0,2025-11-16 19:53:00,6
S000373,2025-11-22,consumption,浴室,2.85,2.0,2025-11-22 23:36:00,5
S000373,2025-11-29,access,图书馆,0.0,1.0,2025-11-29 16:36:00,5
S000374,2025-09-10,consumption,食堂三楼,24.2,1.0,2025-09-10 10:22:00,2
S000374,2025-09-20,consumption,食堂一楼,56.3,2.0,2025-09-20 14:34:00,5
S000374,2025-09-25,consumption,食堂二楼,18.15,2.0,2025-09-25 13:24:00,3
S000374,2025-10-10,access,图书馆,0.0,1.0,2025-10-10 11:57:00,4
S000374,2025-10-17,consumption,浴室,3.94,1.0,2025-10-17 16:55:00,4
S000374,2025-10-26,consumption,校园超市,13.93,2.0,2025-10-26 12:37:00,6
S000374,2025-10-30,access,图书馆,0.0,1.0,2025-10-30 20:50:00,3
S000374,2025-11-10,consumption,开水房,4.98,2.0,2025-11-10 23:32:00,0
S000374,2025-11-11,consumption,校园超市,3.855,1.0,2025-11-11 11:04:00,1
S000374,2025-11-20,access,宿舍楼,0.0,1.0,2025-11-20 18:58:00,3
S000375,2025-09-05,consumption,食堂三楼,35.98,2.0,2025-09-05 09:02:00,4
S000375,2025-09-18,consumption,食堂三楼,31.01,2.0,2025-09-18 07:28:00,3
S000375,2025-09-21,consumption,食堂二楼,28.53,3.0,2025-09-21 06:38:00,6
S000375,2025-10-20,consumption,开水房,1.3,3.0,2025-10-20 06:25:00,0
S000375,2025-10-27,access,图书馆,8.095,1.0,2025-10-27 14:23:00,0
S000375,2025-10-28,consumption,食堂三楼,14.89,1.0,2025-10-28 17:25:00,1
S000375,2025-10-30,access,宿舍楼,0.0,1.0,2025-10-30 09:38:00,3
S000375,2025-11-03,consumption,食堂三楼,45.31,3.0,2025-11-03 06:42:00,0
S000375,2025-11-16,consumption,食堂二楼,23.33,1.0,2025-11-16 08:06:00,6
S000375,2025-11-27,consumption,食堂三楼,22.16,2.0,2025-11-27 20:43:00,3
S000376,2025-09-04,access,图书馆,0.0,1.0,2025-09-04 08:00:00,3
S000376,2025-09-11,consumption,食堂一楼,16.23,1.0,2025-09-11 10:11:00,3
S000376,2025-09-15,consumption,快递点,3.74,1.0,2025-09-15 17:51:00,0
S000376,2025-09-17,consumption,浴室,0.72,2.0,2025-09-17 17:41:00,2
S000376,2025-09-21,access,图书馆,0.0,1.0,2025-09-21 09:20:00,6
S000376,2025-10-21,consumption,开水房,3.3,2.0,2025-10-21 06:13:00,1
S000376,2025-10-27,access,宿舍楼,0.0,1.0,2025-10-27 07:00:00,0
S000376,2025-10-27,consumption,快递点,2.72,2.0,2025-10-27 12:54:00,0
S000376,2025-11-19,consumption,食堂二楼,15.82,2.0,2025-11-19 14:44:00,2
S000376,2025-11-23,consumption,浴室,1.67,3.0,2025-11-23 16:02:00,6
S000377,2025-10-02,access,宿舍楼,0.0,1.0,2025-10-02 10:02:00,3
S000377,2025-10-15,consumption,食堂一楼,21.91,1.0,2025-10-15 19:02:00,2
S000377,2025-10-17,consumption,食堂一楼,16.42,1.0,2025-10-17 19:31:00,4
S000377,2025-10-21,consumption,快递点,2.96,1.0,2025-10-21 23:24:00,1
S000377,2025-10-27,consumption,食堂一楼,51.75,3.0,2025-10-27 13:30:00,0
S000377,2025-11-04,consumption,快递点,1.78,1.0,2025-11-04 23:19:00,1
S000377,2025-11-12,access,图书馆,0.0,1.0,2025-11-12 18:01:00,2
S000377,2025-11-18,consumption,食堂二楼,38.74,3.0,2025-11-18 17:22:00,1
S000377,2025-11-20,consumption,食堂一楼,29.48,1.0,2025-11-20 16:56:00,3
S000377,2025-11-28,access,图书馆,0.0,1.0,2025-11-28 08:17:00,4
S000378,2025-09-01,consumption,校园超市,16.17,2.0,2025-09-01 11:21:00,0
S000378,2025-09-02,consumption,食堂二楼,16.88,2.0,2025-09-02 16:16:00,1
S000378,2025-09-06,consumption,校园超市,40.74,3.0,2025-09-06 07:22:00,5
S000378,2025-09-17,access,图书馆,0.0,1.0,2025-09-17 12:06:00,2
S000378,2025-09-24,consumption,浴室,3.66,1.0,2025-09-24 13:50:00,2
S000378,2025-09-29,consumption,快递点,0.93,1.0,2025-09-29 07:36:00,0
S000378,2025-10-07,consumption,开水房,4.83,2.0,2025-10-07 13:01:00,1
S000378,2025-10-12,consumption,食堂二楼,24.27,3.0,2025-10-12 17:53:00,6
S000378,2025-10-29,consumption,食堂二楼,7.3,3.0,2025-10-29 07:40:00,2
S000378,2025-11-04,consumption,开水房,1.06,1.0,2025-11-04 12:36:00,1
S000379,2025-09-02,access,图书馆,0.0,1.0,2025-09-02 15:23:00,1
S000379,2025-09-04,consumption,食堂二楼,31.75,1.0,2025-09-04 20:07:00,3
S000379,2025-10-02,consumption,快递点,33.605000000000004,3.0,2025-10-02 19:32:00,3
S000379,2025-10-03,consumption,食堂二楼,35.46,1.0,2025-10-03 08:24:00,4
S000379,2025-10-16,consumption,食堂一楼,25.37,2.0,2025-10-16 20:29:00,3
S000379,2025-10-21,consumption,快递点,1.11,1.0,2025-10-21 15:57:00,1
S000379,2025-10-21,consumption,快递点,1.58,3.0,2025-10-21 11:51:00,1
S000379,2025-11-09,consumption,快递点,3.05,1.0,2025-11-09 08:10:00,6
S000379,2025-11-15,access,宿舍楼,0.0,1.0,2025-11-15 15:10:00,5
S000379,2025-11-26,consumption,校园超市,16.04,2.0,2025-11-26 23:50:00,2
S000380,2025-09-11,access,宿舍楼,0.0,1.0,2025-09-11 20:44:00,3
S000380,2025-09-12,access,图书馆,0.0,1.0,2025-09-12 11:45:00,4
S000380,2025-10-17,consumption,校园超市,13.15,1.0,2025-10-17 09:32:00,4
S000380,2025-10-26,consumption,食堂三楼,36.49,2.0,2025-10-26 23:35:00,6
S000380,2025-10-31,consumption,开水房,18.245,3.0,2025-10-31 22:02:00,4
S000380,2025-11-07,access,宿舍楼,0.0,1.0,2025-11-07 06:43:00,4
S000380,2025-11-10,consumption,食堂二楼,11.23,2.0,2025-11-10 11:06:00,0
S000380,2025-11-22,access,图书馆,0.0,1.0,2025-11-22 09:22:00,5
S000380,2025-11-29,consumption,食堂二楼,13.1,1.0,2025-11-29 23:24:00,5
S000380,2025-11-30,consumption,快递点,2.03,1.0,2025-11-30 21:34:00,6
S000381,2025-09-17,access,图书馆,0.0,1.0,2025-09-17 09:26:00,2
S000381,2025-09-18,consumption,快递点,2.65,1.0,2025-09-18 07:11:00,3
S000381,2025-09-27,access,宿舍楼,0.0,1.0,2025-09-27 10:14:00,5
S000381,2025-09-30,consumption,食堂二楼,30.98,1.0,2025-09-30 14:05:00,1
S000381,2025-10-06,consumption,食堂三楼,24.1,3.0,2025-10-06 12:46:00,0
S000381,2025-10-17,consumption,开水房,1.38,1.0,2025-10-17 10:47:00,4
S000381,2025-11-05,consumption,食堂三楼,28.41,1.0,2025-11-05 09:32:00,2
S000381,2025-11-10,consumption,食堂三楼,12.45,3.0,2025-11-10 10:40:00,0
S000381,2025-11-17,access,宿舍楼,0.0,2.0,2025-11-17 11:51:00,0
S000381,2025-11-20,access,图书馆,0.0,1.0,2025-11-20 08:40:00,3
S000382,2025-09-12,consumption,快递点,3.59,3.0,2025-09-12 08:30:00,4
S000382,2025-09-16,access,图书馆,0.0,1.0,2025-09-16 12:15:00,1
S000382,2025-09-17,consumption,校园超市,5.52,2.0,2025-09-17 17:54:00,2
S000382,2025-09-17,consumption,食堂一楼,43.92,1.0,2025-09-17 17:45:00,2
S000382,2025-09-25,consumption,快递点,3.92,3.0,2025-09-25 08:26:00,3
S000382,2025-09-26,consumption,快递点,0.76,3.0,2025-09-26 13:59:00,4
S000382,2025-10-09,consumption,浴室,0.68,1.0,2025-10-09 22:13:00,3
S000382,2025-10-13,access,宿舍楼,0.0,1.0,2025-10-13 14:25:00,0
S000382,2025-10-27,consumption,食堂三楼,16.99,2.0,2025-10-27 09:39:00,0
S000382,2025-11-08,consumption,快递点,0.82,1.0,2025-11-08 11:38:00,5
S000383,2025-09-05,consumption,校园超市,23.58,2.0,2025-09-05 12:43:00,4
S000383,2025-09-06,consumption,开水房,2.27,1.0,2025-09-06 08:36:00,5
S000383,2025-10-09,consumption,快递点,3.93,2.0,2025-10-09 15:41:00,3
S000383,2025-10-10,consumption,食堂二楼,43.57,3.0,2025-10-10 13:36:00,4
S000383,2025-10-18,access,宿舍楼,0.0,1.0,2025-10-18 18:29:00,5
S000383,2025-10-21,consumption,浴室,0.87,1.0,2025-10-21 09:26:00,1
S000383,2025-10-24,consumption,食堂三楼,14.76,3.0,2025-10-24 18:10:00,4
S000383,2025-11-02,consumption,食堂一楼,16.36,2.0,2025-11-02 18:35:00,6
S000383,2025-11-05,access,宿舍楼,0.0,1.0,2025-11-05 17:03:00,2
S000383,2025-11-09,access,图书馆,0.0,1.0,2025-11-09 17:24:00,6
S000384,2025-09-16,consumption,食堂二楼,25.3,2.0,2025-09-16 12:50:00,1
S000384,2025-10-01,access,图书馆,0.0,1.0,2025-10-01 18:38:00,2
S000384,2025-10-12,consumption,食堂二楼,30.4,1.0,2025-10-12 22:54:00,6
S000384,2025-10-14,access,图书馆,0.0,1.0,2025-10-14 19:18:00,1
S000384,2025-10-23,consumption,快递点,3.82,3.0,2025-10-23 23:44:00,3
S000384,2025-10-29,consumption,快递点,1.26,2.0,2025-10-29 19:56:00,2
S000384,2025-10-29,access,图书馆,0.0,1.0,2025-10-29 13:42:00,2
S000384,2025-11-05,consumption,食堂一楼,34.69,3.0,2025-11-05 21:38:00,2
S000384,2025-11-13,consumption,食堂三楼,26.8,1.0,2025-11-13 12:35:00,3
S000384,2025-11-27,consumption,开水房,3.3,1.0,2025-11-27 10:40:00,3
S000385,2025-09-08,consumption,食堂二楼,20.42,1.0,2025-09-08 13:16:00,0
S000385,2025-09-26,access,图书馆,10.21,1.0,2025-09-26 20:44:00,4
S000385,2025-09-27,access,图书馆,0.0,1.0,2025-09-27 09:11:00,5
S000385,2025-10-01,consumption,开水房,4.26,3.0,2025-10-01 22:31:00,2
S000385,2025-10-17,access,宿舍楼,0.0,2.5,2025-10-17 17:36:00,4
S000385,2025-10-22,consumption,开水房,1.7,2.0,2025-10-22 18:58:00,2
S000385,2025-10-29,consumption,开水房,4.53,2.0,2025-10-29 16:12:00,2
S000385,2025-10-31,access,宿舍楼,0.0,1.0,2025-10-31 18:24:00,4
S000385,2025-11-16,access,宿舍楼,0.0,1.0,2025-11-16 08:27:00,6
S000385,2025-11-28,consumption,食堂三楼,16.22,1.0,2025-11-28 16:50:00,4
S000386,2025-09-08,consumption,校园超市,8.96,1.0,2025-09-08 20:14:00,0
S000386,2025-09-15,access,图书馆,0.0,1.0,2025-09-15 08:29:00,0
S000386,2025-09-15,consumption,食堂三楼,7.53,2.0,2025-09-15 12:45:00,0
S000386,2025-09-24,consumption,快递点,1.79,3.0,2025-09-24 14:41:00,2
S000386,2025-10-06,consumption,食堂三楼,30.52,3.0,2025-10-06 09:17:00,0
S000386,2025-10-13,access,宿舍楼,0.0,1.0,2025-10-13 22:05:00,0
S000386,2025-10-14,consumption,食堂一楼,25.61,3.0,2025-10-14 06:36:00,1
S000386,2025-10-14,consumption,校园超市,8.52,3.0,2025-10-14 10:20:00,1
S000386,2025-10-18,consumption,校园超市,1.94,2.0,2025-10-18 20:11:00,5
S000386,2025-11-09,consumption,食堂二楼,38.55,1.0,2025-11-09 19:52:00,6
S000387,2025-09-14,access,图书馆,0.0,1.0,2025-09-14 08:34:00,6
S000387,2025-09-15,consumption,开水房,4.84,3.0,2025-09-15 06:44:00,0
S000387,2025-10-16,access,图书馆,0.0,1.0,2025-10-16 09:05:00,3
S000387,2025-10-18,access,宿舍楼,0.0,1.0,2025-10-18 08:58:00,5
S000387,2025-10-27,consumption,食堂二楼,22.39,2.0,2025-10-27 19:25:00,0
S000387,2025-10-29,consumption,快递点,3.56,3.0,2025-10-29 21:03:00,2
S000387,2025-11-07,consumption,食堂三楼,17.05,3.0,2025-11-07 10:14:00,4
S000387,2025-11-11,consumption,食堂二楼,68.63,1.0,2025-11-11 17:52:00,1
S000387,2025-11-22,consumption,食堂一楼,33.43,2.0,2025-11-22 22:52:00,5
S000387,2025-11-24,consumption,食堂二楼,24.79,2.0,2025-11-24 22:51:00,0
S000388,2025-09-06,consumption,食堂二楼,19.27,2.0,2025-09-06 11:46:00,5
S000388,2025-09-15,consumption,食堂一楼,17.76,3.0,2025-09-15 07:59:00,0
S000388,2025-09-16,consumption,浴室,2.06,3.0,2025-09-16 10:33:00,1
S000388,2025-09-17,consumption,食堂二楼,15.23,3.0,2025-09-17 20:42:00,2
S000388,2025-09-25,consumption,食堂一楼,15.84,3.0,2025-09-25 15:14:00,3
S000388,2025-11-08,consumption,食堂三楼,16.45,2.0,2025-11-08 22:42:00,5
S000388,2025-11-13,consumption,食堂一楼,55.28,1.0,2025-11-13 18:33:00,3
S000388,2025-11-20,access,图书馆,0.0,1.0,2025-11-20 21:28:00,3
S000388,2025-11-20,consumption,校园超市,26.01,1.0,2025-11-20 07:12:00,3
S000388,2025-11-27,consumption,食堂二楼,48.79,1.0,2025-11-27 20:00:00,3
S000389,2025-09-07,consumption,校园超市,5.75,1.0,2025-09-07 22:11:00,6
S000389,2025-09-29,consumption,校园超市,15.9,2.0,2025-09-29 08:32:00,0
S000389,2025-10-01,consumption,食堂二楼,21.62,1.5,2025-10-01 20:14:00,2
S000389,2025-10-15,access,宿舍楼,0.0,1.0,2025-10-15 18:05:00,2
S000389,2025-10-17,access,图书馆,0.0,1.0,2025-10-17 20:22:00,4
S000389,2025-10-18,access,宿舍楼,0.0,1.0,2025-10-18 12:58:00,5
S000389,2025-10-20,consumption,快递点,4.82,3.0,2025-10-20 11:53:00,0
S000389,2025-10-21,consumption,开水房,0.62,3.0,2025-10-21 11:36:00,1
S000389,2025-11-20,access,图书馆,0.0,1.0,2025-11-20 13:08:00,3
S000389,2025-11-29,consumption,浴室,3.22,1.0,2025-11-29 06:18:00,5
S000390,2025-09-20,consumption,食堂三楼,23.6,3.0,2025-09-20 23:14:00,5
S000390,2025-09-20,consumption,开水房,4.36,3.0,2025-09-20 10:45:00,5
S000390,2025-09-26,consumption,食堂一楼,38.15,1.0,2025-09-26 21:07:00,4
S000390,2025-09-28,access,图书馆,0.0,1.0,2025-09-28 10:10:00,6
S000390,2025-10-04,access,宿舍楼,0.0,1.0,2025-10-04 12:20:00,5
S000390,2025-10-27,access,图书馆,0.0,1.0,2025-10-27 10:13:00,0
S000390,2025-11-03,consumption,快递点,3.34,3.0,2025-11-03 14:34:00,0
S000390,2025-11-05,consumption,食堂一楼,22.42,3.0,2025-11-05 15:16:00,2
S000390,2025-11-11,consumption,开水房,4.83,3.0,2025-11-11 08:54:00,1
S000390,2025-11-25,access,图书馆,0.0,1.0,2025-11-25 10:46:00,1
S000391,2025-09-16,consumption,食堂三楼,16.85,1.0,2025-09-16 06:56:00,1
S000391,2025-10-01,consumption,开水房,1.92,3.0,2025-10-01 15:49:00,2
S000391,2025-10-02,consumption,开水房,1.02,1.0,2025-10-02 14:25:00,3
S000391,2025-10-07,consumption,食堂二楼,19.82,3.0,2025-10-07 21:42:00,1
S000391,2025-10-16,consumption,校园超市,3.855,1.0,2025-10-16 16:13:00,3
S000391,2025-10-17,consumption,食堂三楼,43.56,3.0,2025-10-17 14:50:00,4
S000391,2025-10-18,consumption,校园超市,25.51,1.0,2025-10-18 21:55:00,5
S000391,2025-10-31,consumption,食堂三楼,25.96,2.0,2025-10-31 08:51:00,4
S000391,2025-11-24,consumption,快递点,2.23,2.0,2025-11-24 07:32:00,0
S000391,2025-11-27,access,宿舍楼,0.0,1.0,2025-11-27 09:52:00,3
S000392,2025-09-22,consumption,食堂二楼,3.855,3.0,2025-09-22 06:04:00,0
S000392,2025-09-23,access,图书馆,0.0,1.0,2025-09-23 13:05:00,1
S000392,2025-09-24,consumption,快递点,3.18,1.0,2025-09-24 06:16:00,2
S000392,2025-09-28,consumption,校园超市,6.36,3.0,2025-09-28 21:22:00,6
S000392,2025-10-02,access,宿舍楼,0.0,1.0,2025-10-02 18:29:00,3
S000392,2025-10-05,consumption,开水房,0.91,3.0,2025-10-05 18:37:00,6
S000392,2025-10-25,access,宿舍楼,0.0,1.0,2025-10-25 08:04:00,5
S000392,2025-11-12,access,宿舍楼,0.0,1.0,2025-11-12 16:27:00,2
S000392,2025-11-19,access,宿舍楼,0.0,1.0,2025-11-19 09:08:00,2
S000392,2025-11-24,consumption,食堂三楼,17.57,1.0,2025-11-24 12:36:00,0
S000393,2025-09-04,access,宿舍楼,0.0,1.0,2025-09-04 11:14:00,3
S000393,2025-09-04,access,宿舍楼,0.0,1.5,2025-09-04 18:17:00,3
S000393,2025-09-12,consumption,校园超市,14.04,2.0,2025-09-12 15:12:00,4
S000393,2025-09-16,consumption,食堂二楼,46.55,1.0,2025-09-16 08:22:00,1
S000393,2025-11-01,consumption,快递点,3.21,1.0,2025-11-01 10:28:00,5
S000393,2025-11-06,consumption,食堂一楼,46.550000000000004,1.0,2025-11-06 19:31:00,3
S000393,2025-11-08,consumption,校园超市,3.855,2.0,2025-11-08 07:36:00,5
S000393,2025-11-19,consumption,浴室,2.39,1.0,2025-11-19 12:40:00,2
S000393,2025-11-23,consumption,快递点,0.63,2.0,2025-11-23 22:34:00,6
S000393,2025-11-27,consumption,开水房,3.62,1.0,2025-11-27 09:38:00,3
S000394,2025-09-07,consumption,校园超市,39.73,3.0,2025-09-07 20:25:00,6
S000394,2025-09-15,access,宿舍楼,0.0,1.0,2025-09-15 10:36:00,0
S000394,2025-09-26,consumption,食堂三楼,16.07,2.0,2025-09-26 07:16:00,4
S000394,2025-10-07,consumption,校园超市,21.21,2.0,2025-10-07 21:00:00,1
S000394,2025-10-10,consumption,开水房,3.93,2.0,2025-10-10 18:19:00,4
S000394,2025-10-13,consumption,校园超市,12.0,1.0,2025-10-13 17:20:00,0
S000394,2025-11-12,consumption,食堂二楼,20.75,2.0,2025-11-12 20:05:00,2
S000394,2025-11-13,consumption,校园超市,29.6,2.0,2025-11-13 08:26:00,3
S000394,2025-11-29,consumption,食堂二楼,41.06,1.0,2025-11-29 18:17:00,5
S000394,2025-11-29,consumption,食堂三楼,20.05,1.0,2025-11-29 07:44:00,5
S000395,2025-09-21,consumption,校园超市,9.35,2.0,2025-09-21 12:27:00,6
S000395,2025-10-02,access,宿舍楼,0.0,1.0,2025-10-02 14:37:00,3
S000395,2025-10-04,access,宿舍楼,0.0,1.0,2025-10-04 13:19:00,5
S000395,2025-10-07,consumption,校园超市,3.855,1.0,2025-10-07 15:21:00,1
S000395,2025-10-09,consumption,食堂一楼,30.32,2.0,2025-10-09 15:58:00,3
S000395,2025-10-18,consumption,开水房,17.39,2.0,2025-10-18 17:07:00,5
S000395,2025-10-28,consumption,浴室,4.46,2.0,2025-10-28 14:01:00,1
S000395,2025-11-07,consumption,浴室,4.28,2.0,2025-11-07 18:22:00,4
S000395,2025-11-12,access,图书馆,0.0,1.0,2025-11-12 20:38:00,2
S000395,2025-11-30,consumption,食堂一楼,14.39,2.0,2025-11-30 09:25:00,6
S000396,2025-09-07,consumption,浴室,3.855,3.0,2025-09-07 21:46:00,6
S000396,2025-09-08,consumption,食堂一楼,49.71,2.0,2025-09-08 07:30:00,0
S000396,2025-09-09,consumption,浴室,1.51,2.5,2025-09-09 06:09:00,1
S000396,2025-09-21,consumption,食堂一楼,24.83,3.0,2025-09-21 20:08:00,6
S000396,2025-09-28,access,宿舍楼,0.0,1.0,2025-09-28 09:15:00,6
S000396,2025-10-09,consumption,校园超市,18.85,2.0,2025-10-09 18:59:00,3
S000396,2025-10-12,consumption,快递点,2.83,1.0,2025-10-12 15:40:00,6
S000396,2025-11-07,access,图书馆,0.0,1.0,2025-11-07 10:14:00,4
S000396,2025-11-14,consumption,快递点,1.07,1.0,2025-11-14 06:02:00,4
S000396,2025-11-30,access,宿舍楼,1.07,1.0,2025-11-30 16:30:00,6
S000397,2025-09-11,access,图书馆,0.0,1.0,2025-09-11 09:16:00,3
S000397,2025-09-24,consumption,校园超市,17.29,1.0,2025-09-24 10:02:00,2
S000397,2025-10-02,consumption,校园超市,15.855,2.0,2025-10-02 11:16:00,3
S000397,2025-10-12,consumption,食堂二楼,14.42,2.5,2025-10-12 08:14:00,6
S000397,2025-10-16,consumption,快递点,7.21,3.0,2025-10-16 20:21:00,3
S000397,2025-10-21,access,宿舍楼,0.0,1.0,2025-10-21 12:21:00,1
S000397,2025-10-23,consumption,食堂一楼,44.42,1.0,2025-10-23 15:14:00,3
S000397,2025-11-09,consumption,食堂一楼,24.35,1.0,2025-11-09 15:56:00,6
S000397,2025-11-14,consumption,开水房,4.28,1.0,2025-11-14 23:27:00,4
S000397,2025-11-30,consumption,食堂三楼,30.76,1.0,2025-11-30 14:44:00,6
S000398,2025-09-12,consumption,校园超市,3.855,2.0,2025-09-12 15:04:00,4
S000398,2025-09-18,consumption,食堂二楼,27.04,3.0,2025-09-18 13:00:00,3
S000398,2025-09-21,consumption,浴室,3.24,2.0,2025-09-21 19:25:00,6
S000398,2025-10-11,consumption,食堂二楼,28.87,3.0,2025-10-11 17:03:00,5
S000398,2025-10-14,consumption,快递点,2.02,1.0,2025-10-14 12:12:00,1
S000398,2025-10-30,consumption,食堂一楼,32.78,2.0,2025-10-30 12:53:00,3
S000398,2025-11-09,access,图书馆,0.0,1.0,2025-11-09 16:50:00,6
S000398,2025-11-14,access,图书馆,0.0,1.0,2025-11-14 20:41:00,4
S000398,2025-11-23,consumption,开水房,4.54,3.0,2025-11-23 14:24:00,6
S000398,2025-11-24,consumption,浴室,2.37,3.0,2025-11-24 18:50:00,0
S000399,2025-09-02,consumption,校园超市,22.98,1.0,2025-09-02 21:39:00,1
S000399,2025-09-17,consumption,校园超市,49.99,1.0,2025-09-17 06:05:00,2
S000399,2025-09-18,consumption,食堂三楼,20.56,2.0,2025-09-18 09:13:00,3
S000399,2025-09-23,access,宿舍楼,0.0,1.0,2025-09-23 21:10:00,1
S000399,2025-09-26,consumption,校园超市,26.33,1.0,2025-09-26 08:46:00,4
S000399,2025-09-27,access,图书馆,0.0,1.0,2025-09-27 08:14:00,5
S000399,2025-10-01,consumption,食堂三楼,14.83,3.0,2025-10-01 10:02:00,2
S000399,2025-10-06,consumption,食堂二楼,47.41,1.0,2025-10-06 08:57:00,0
S000399,2025-11-18,consumption,快递点,1.92,3.0,2025-11-18 07:11:00,1
S000399,2025-11-28,consumption,校园超市,15.86,2.0,2025-11-28 17:59:00,4
S000400,2025-09-09,consumption,食堂三楼,18.1,3.0,2025-09-09 07:51:00,1
S000400,2025-09-14,access,宿舍楼,0.0,1.0,2025-09-14 21:20:00,6
S000400,2025-09-17,consumption,食堂三楼,47.4,1.0,2025-09-17 20:52:00,2
S000400,2025-10-04,consumption,浴室,4.04,3.0,2025-10-04 11:59:00,5
S000400,2025-10-04,consumption,食堂三楼,23.13,3.0,2025-10-04 23:14:00,5
S000400,2025-10-23,access,宿舍楼,0.0,1.0,2025-10-23 23:29:00,3
S000400,2025-10-29,access,图书馆,0.0,1.0,2025-10-29 18:51:00,2
S000400,2025-11-08,access,宿舍楼,0.0,1.0,2025-11-08 10:50:00,5
S000400,2025-11-14,access,宿舍楼,0.0,1.0,2025-11-14 18:25:00,4
S000400,2025-11-26,consumption,食堂二楼,8.49,2.0,2025-11-26 22:55:00,2
S000401,2025-09-05,access,图书馆,0.0,1.0,2025-09-05 17:09:00,4
S000401,2025-09-07,access,宿舍楼,0.0,1.0,2025-09-07 15:44:00,6
S000401,2025-09-19,access,宿舍楼,0.0,1.0,2025-09-19 14:15:00,4
S000401,2025-09-24,consumption,食堂一楼,14.88,1.0,2025-09-24 07:07:00,2
S000401,2025-10-16,consumption,浴室,3.28,3.0,2025-10-16 17:11:00,3
S000401,2025-11-02,consumption,食堂二楼,24.25,2.0,2025-11-02 08:50:00,6
S000401,2025-11-07,consumption,浴室,0.69,3.0,2025-11-07 17:44:00,4
S000401,2025-11-08,consumption,食堂三楼,46.92,3.0,2025-11-08 10:15:00,5
S000401,2025-11-10,consumption,开水房,3.26,3.0,2025-11-10 08:29:00,0
S000401,2025-11-16,consumption,快递点,0.99,1.0,2025-11-16 11:11:00,6
S000402,2025-09-03,consumption,快递点,3.855,3.0,2025-09-03 16:00:00,2
S000402,2025-09-25,access,图书馆,0.0,1.0,2025-09-25 19:34:00,3
S000402,2025-09-26,consumption,食堂三楼,32.25,2.0,2025-09-26 15:28:00,4
S000402,2025-09-29,consumption,食堂二楼,19.06,1.0,2025-09-29 06:23:00,0
S000402,2025-10-05,consumption,快递点,1.25,2.0,2025-10-05 18:49:00,6
S000402,2025-10-08,consumption,食堂一楼,37.35,2.0,2025-10-08 11:24:00,2
S000402,2025-10-25,consumption,食堂二楼,20.17,1.0,2025-10-25 16:26:00,5
S000402,2025-11-04,consumption,食堂一楼,21.77,3.0,2025-11-04 16:12:00,1
S000402,2025-11-26,consumption,快递点,1.67,3.0,2025-11-26 18:54:00,2
S000402,2025-11-27,consumption,食堂三楼,20.42,3.0,2025-11-27 11:25:00,3
S000403,2025-09-10,consumption,快递点,4.8,2.0,2025-09-10 12:02:00,2
S000403,2025-09-19,access,图书馆,0.0,1.0,2025-09-19 08:41:00,4
S000403,2025-09-20,consumption,食堂三楼,52.49,3.0,2025-09-20 18:14:00,5
S000403,2025-09-22,consumption,食堂三楼,55.02,3.0,2025-09-22 10:01:00,0
S000403,2025-09-30,consumption,校园超市,9.6,2.0,2025-09-30 21:20:00,1
S000403,2025-10-18,consumption,食堂二楼,45.09,1.0,2025-10-18 15:07:00,5
S000403,2025-10-19,consumption,开水房,1.67,3.0,2025-10-19 06:41:00,6
S000403,2025-10-24,consumption,校园超市,15.52,2.0,2025-10-24 23:05:00,4
S000403,2025-10-26,consumption,开水房,3.74,1.0,2025-10-26 19:11:00,6
S000403,2025-11-19,access,图书馆,0.0,1.0,2025-11-19 08:27:00,2
S000404,2025-09-14,consumption,浴室,3.92,1.0,2025-09-14 07:17:00,6
S000404,2025-09-18,access,图书馆,0.0,1.0,2025-09-18 08:50:00,3
S000404,2025-09-20,access,宿舍楼,0.0,1.0,2025-09-20 23:31:00,5
S000404,2025-10-08,consumption,食堂一楼,19.77,3.0,2025-10-08 17:34:00,2
S000404,2025-10-12,consumption,浴室,0.76,2.0,2025-10-12 15:48:00,6
S000404,2025-10-20,consumption,浴室,4.62,2.0,2025-10-20 20:40:00,0
S000404,2025-10-22,consumption,食堂一楼,30.02,1.0,2025-10-22 09:33:00,2
S000404,2025-11-13,consumption,快递点,1.51,1.0,2025-11-13 08:52:00,3
S000404,2025-11-22,consumption,快递点,1.18,1.0,2025-11-22 08:23:00,5
S000404,2025-11-25,consumption,食堂一楼,40.41,1.0,2025-11-25 12:46:00,1
S000405,2025-09-19,consumption,食堂二楼,15.61,1.0,2025-09-19 06:19:00,4
S000405,2025-09-24,consumption,食堂二楼,24.24,3.0,2025-09-24 19:51:00,2
S000405,2025-09-28,access,图书馆,0.0,1.0,2025-09-28 12:46:00,6
S000405,2025-10-22,consumption,快递点,2.3,2.0,2025-10-22 09:38:00,2
S000405,2025-10-26,access,图书馆,0.0,1.0,2025-10-26 12:42:00,6
S000405,2025-11-02,access,图书馆,0.0,1.5,2025-11-02 09:30:00,6
S000405,2025-11-07,consumption,快递点,1.91,2.0,2025-11-07 18:40:00,4
S000405,2025-11-18,consumption,快递点,3.92,3.0,2025-11-18 14:36:00,1
S000405,2025-11-28,consumption,食堂三楼,28.85,1.0,2025-11-28 14:34:00,4
S000405,2025-11-28,consumption,开水房,1.22,3.0,2025-11-28 12:07:00,4
S000406,2025-09-03,access,图书馆,0.0,1.0,2025-09-03 19:00:00,2
S000406,2025-09-08,consumption,食堂二楼,44.43,3.0,2025-09-08 11:34:00,0
S000406,2025-10-12,consumption,食堂三楼,27.13,2.0,2025-10-12 14:15:00,6
S000406,2025-10-14,consumption,校园超市,13.85,1.0,2025-10-14 09:00:00,1
S000406,2025-10-21,consumption,校园超市,16.33,1.0,2025-10-21 20:48:00,1
S000406,2025-10-26,access,图书馆,8.165,1.0,2025-10-26 10:54:00,6
S000406,2025-11-07,access,图书馆,0.0,1.0,2025-11-07 13:35:00,4
S000406,2025-11-10,consumption,食堂二楼,0.0,2.0,2025-11-10 19:26:00,0
S000406,2025-11-12,access,图书馆,0.0,1.0,2025-11-12 08:28:00,2
S000406,2025-11-28,consumption,校园超市,25.19,3.0,2025-11-28 11:42:00,4
S000407,2025-09-14,consumption,食堂一楼,19.35,1.0,2025-09-14 10:42:00,6
S000407,2025-09-24,consumption,浴室,3.78,1.0,2025-09-24 22:30:00,2
S000407,2025-10-12,access,图书馆,0.0,1.0,2025-10-12 14:57:00,6
S000407,2025-10-29,consumption,校园超市,32.12,3.0,2025-10-29 15:49:00,2
S000407,2025-11-01,consumption,开水房,0.87,2.0,2025-11-01 09:56:00,5
S000407,2025-11-04,access,图书馆,0.0,1.0,2025-11-04 11:45:00,1
S000407,2025-11-11,access,图书馆,0.0,1.0,2025-11-11 21:32:00,1
S000407,2025-11-17,consumption,开水房,2.93,3.0,2025-11-17 13:22:00,0
S000407,2025-11-18,access,图书馆,0.0,2.0,2025-11-18 11:52:00,1
S000407,2025-11-20,access,宿舍楼,0.0,1.0,2025-11-20 11:25:00,3
S000408,2025-09-10,consumption,校园超市,6.84,3.0,2025-09-10 20:26:00,2
S000408,2025-09-15,consumption,浴室,3.63,2.0,2025-09-15 19:37:00,0
S000408,2025-09-27,consumption,浴室,3.17,1.0,2025-09-27 16:20:00,5
S000408,2025-10-16,consumption,食堂一楼,26.13,1.0,2025-10-16 16:28:00,3
S000408,2025-10-18,consumption,快递点,2.3,2.0,2025-10-18 11:39:00,5
S000408,2025-11-01,consumption,食堂一楼,37.93,3.0,2025-11-01 07:27:00,5
S000408,2025-11-08,consumption,快递点,3.44,2.0,2025-11-08 13:49:00,5
S000408,2025-11-08,consumption,浴室,3.62,2.0,2025-11-08 21:11:00,5
S000408,2025-11-20,access,图书馆,0.0,1.0,2025-11-20 08:40:00,3
S000408,2025-11-26,consumption,开水房,4.2,1.0,2025-11-26 18:24:00,2
S000409,2025-09-01,consumption,浴室,2.56,3.0,2025-09-01 21:16:00,0
S000409,2025-09-10,access,图书馆,0.0,1.0,2025-09-10 20:38:00,2
S000409,2025-09-29,consumption,开水房,2.46,3.0,2025-09-29 06:48:00,0
S000409,2025-10-02,consumption,校园超市,11.68,3.0,2025-10-02 16:13:00,3
S000409,2025-10-27,access,图书馆,0.0,1.0,2025-10-27 17:55:00,0
S000409,2025-10-27,consumption,校园超市,9.02,2.0,2025-10-27 06:35:00,0
S000409,2025-11-04,access,图书馆,0.0,1.0,2025-11-04 14:29:00,1
S000409,2025-11-11,consumption,浴室,4.33,2.0,2025-11-11 18:17:00,1
S000409,2025-11-17,consumption,食堂三楼,64.68,3.0,2025-11-17 21:09:00,0
S000409,2025-11-19,consumption,浴室,64.68,2.0,2025-11-19 08:48:00,2
S000410,2025-09-08,consumption,浴室,1.31,3.0,2025-09-08 14:22:00,0
S000410,2025-09-14,consumption,校园超市,48.8,1.0,2025-09-14 06:09:00,6
S000410,2025-09-22,consumption,食堂一楼,26.84,1.0,2025-09-22 18:08:00,0
S000410,2025-10-22,access,图书馆,0.0,1.0,2025-10-22 14:18:00,2
S000410,2025-10-29,consumption,校园超市,26.59,2.0,2025-10-29 23:38:00,2
S000410,2025-11-01,consumption,快递点,2.93,1.0,2025-11-01 21:16:00,5
S000410,2025-11-06,consumption,食堂二楼,18.315,1.0,2025-11-06 23:56:00,3
S000410,2025-11-09,consumption,食堂二楼,33.7,3.0,2025-11-09 07:21:00,6
S000410,2025-11-14,consumption,食堂三楼,31.72,2.0,2025-11-14 16:00:00,4
S000410,2025-11-17,consumption,开水房,31.72,2.0,2025-11-17 06:20:00,0
S000411,2025-09-15,consumption,食堂二楼,63.43,2.0,2025-09-15 17:56:00,0
S000411,2025-09-16,consumption,食堂二楼,34.34,2.0,2025-09-16 07:01:00,1
S000411,2025-09-27,consumption,食堂三楼,21.74,2.0,2025-09-27 15:06:00,5
S000411,2025-09-28,consumption,食堂三楼,30.11,3.0,2025-09-28 18:48:00,6
S000411,2025-10-03,consumption,浴室,4.72,2.0,2025-10-03 21:17:00,4
S000411,2025-10-08,consumption,浴室,0.73,2.0,2025-10-08 06:41:00,2
S000411,2025-10-28,access,图书馆,0.0,1.0,2025-10-28 08:00:00,1
S000411,2025-11-11,consumption,浴室,1.36,2.0,2025-11-11 23:42:00,1
S000411,2025-11-26,consumption,浴室,4.5,3.0,2025-11-26 17:41:00,2
S000411,2025-11-28,consumption,食堂二楼,22.96,2.0,2025-11-28 15:19:00,4
S000412,2025-09-17,consumption,食堂三楼,23.1,3.0,2025-09-17 19:55:00,2
S000412,2025-09-24,consumption,食堂一楼,37.48,2.0,2025-09-24 13:13:00,2
S000412,2025-10-11,consumption,快递点,0.87,1.0,2025-10-11 15:21:00,5
S000412,2025-10-18,consumption,食堂一楼,42.67,2.0,2025-10-18 10:50:00,5
S000412,2025-10-26,consumption,食堂一楼,28.96,1.0,2025-10-26 23:14:00,6
S000412,2025-11-01,consumption,校园超市,3.53,1.0,2025-11-01 11:54:00,5
S000412,2025-11-03,consumption,校园超市,18.68,2.0,2025-11-03 23:18:00,0
S000412,2025-11-21,consumption,食堂三楼,18.77,2.0,2025-11-21 06:16:00,4
S000412,2025-11-25,consumption,校园超市,9.21,3.0,2025-11-25 18:52:00,1
S000412,2025-11-27,access,宿舍楼,0.0,1.0,2025-11-27 13:38:00,3
S000413,2025-09-07,consumption,开水房,0.71,2.0,2025-09-07 08:16:00,6
S000413,2025-09-21,consumption,食堂三楼,34.98,3.0,2025-09-21 23:46:00,6
S000413,2025-10-02,consumption,开水房,1.33,1.0,2025-10-02 08:59:00,3
S000413,2025-10-02,consumption,浴室,1.94,3.0,2025-10-02 16:35:00,3
S000413,2025-10-11,consumption,食堂一楼,19.73,3.0,2025-10-11 16:31:00,5
S000413,2025-10-12,consumption,浴室,3.51,1.0,2025-10-12 17:08:00,6
S000413,2025-10-15,consumption,食堂二楼,26.98,3.0,2025-10-15 07:00:00,2
S000413,2025-10-18,consumption,校园超市,30.28,1.0,2025-10-18 07:21:00,5
S000413,2025-10-28,consumption,食堂三楼,21.55,2.0,2025-10-28 13:48:00,1
S000413,2025-10-31,consumption,快递点,21.55,3.0,2025-10-31 20:31:00,4
S000414,2025-09-23,consumption,校园超市,47.88,1.0,2025-09-23 06:18:00,1
S000414,2025-09-28,consumption,快递点,4.04,3.0,2025-09-28 12:15:00,6
S000414,2025-10-04,consumption,浴室,1.41,2.0,2025-10-04 13:31:00,5
S000414,2025-10-17,consumption,食堂三楼,35.5,1.0,2025-10-17 15:28:00,4
S000414,2025-10-30,consumption,浴室,1.85,3.0,2025-10-30 20:12:00,3
S000414,2025-10-31,consumption,食堂二楼,17.61,3.0,2025-10-31 08:22:00,4
S000414,2025-11-05,consumption,食堂二楼,33.37,1.0,2025-11-05 09:33:00,2
S000414,2025-11-07,access,宿舍楼,0.0,1.0,2025-11-07 09:53:00,4
S000414,2025-11-11,consumption,食堂三楼,18.77,3.0,2025-11-11 08:20:00,1
S000414,2025-11-22,consumption,浴室,4.91,2.0,2025-11-22 07:32:00,5
S000415,2025-09-07,consumption,浴室,2.03,1.0,2025-09-07 06:34:00,6
S000415,2025-09-09,access,图书馆,0.0,1.0,2025-09-09 11:52:00,1
S000415,2025-09-13,consumption,快递点,0.98,2.0,2025-09-13 21:12:00,5
S000415,2025-09-24,consumption,开水房,1.88,2.0,2025-09-24 12:59:00,2
S000415,2025-09-30,access,宿舍楼,0.0,1.0,2025-09-30 11:06:00,1
S000415,2025-10-08,consumption,校园超市,38.34,2.0,2025-10-08 08:47:00,2
S000415,2025-10-12,access,宿舍楼,0.0,1.0,2025-10-12 22:03:00,6
S000415,2025-10-14,consumption,浴室,3.09,1.0,2025-10-14 07:07:00,1
S000415,2025-10-21,consumption,浴室,3.09,2.0,2025-10-21 19:16:00,1
S000415,2025-11-01,consumption,校园超市,26.95,1.0,2025-11-01 18:37:00,5
S000416,2025-09-10,consumption,浴室,2.58,3.0,2025-09-10 08:52:00,2
S000416,2025-09-11,consumption,食堂三楼,1.96,3.0,2025-09-11 22:19:00,3
S000416,2025-09-18,consumption,浴室,1.34,3.0,2025-09-18 20:57:00,3
S000416,2025-10-04,access,图书馆,0.0,1.0,2025-10-04 20:17:00,5
S000416,2025-10-07,consumption,食堂三楼,61.5,2.0,2025-10-07 14:47:00,1
S000416,2025-10-18,consumption,浴室,30.75,2.0,2025-10-18 21:21:00,5
S000416,2025-11-05,access,宿舍楼,0.0,1.0,2025-11-05 20:37:00,2
S000416,2025-11-06,access,图书馆,0.0,1.0,2025-11-06 10:09:00,3
S000416,2025-11-21,access,宿舍楼,0.0,1.0,2025-11-21 22:08:00,4
S000416,2025-11-30,consumption,浴室,2.34,3.0,2025-11-30 15:57:00,6
S000417,2025-09-03,access,图书馆,0.0,1.0,2025-09-03 21:06:00,2
S000417,2025-09-03,access,宿舍楼,0.0,1.0,2025-09-03 06:49:00,2
S000417,2025-09-11,consumption,浴室,4.94,2.0,2025-09-11 23:05:00,3
S000417,2025-09-14,consumption,开水房,1.48,1.0,2025-09-14 12:33:00,6
S000417,2025-09-27,consumption,快递点,4.43,3.0,2025-09-27 18:33:00,5
S000417,2025-10-06,access,宿舍楼,0.0,1.0,2025-10-06 06:56:00,0
S000417,2025-10-18,consumption,快递点,3.46,3.0,2025-10-18 22:34:00,5
S000417,2025-10-27,consumption,食堂一楼,24.3,2.0,2025-10-27 16:09:00,0
S000417,2025-11-04,consumption,校园超市,15.19,3.0,2025-11-04 09:49:00,1
S000417,2025-11-11,access,宿舍楼,0.0,1.0,2025-11-11 12:14:00,1
S000418,2025-09-16,consumption,食堂二楼,36.6,3.0,2025-09-16 08:00:00,1
S000418,2025-09-27,consumption,校园超市,42.96,1.0,2025-09-27 20:05:00,5
S000418,2025-09-28,consumption,浴室,3.74,1.0,2025-09-28 13:13:00,6
S000418,2025-10-02,access,图书馆,0.0,1.0,2025-10-02 21:36:00,3
S000418,2025-10-12,consumption,食堂二楼,14.49,2.0,2025-10-12 12:45:00,6
S000418,2025-10-25,consumption,食堂一楼,10.93,3.0,2025-10-25 22:20:00,5
S000418,2025-10-30,consumption,食堂一楼,14.38,2.0,2025-10-30 22:31:00,3
S000418,2025-10-31,consumption,开水房,4.4,2.0,2025-10-31 09:15:00,4
S000418,2025-11-08,access,图书馆,0.0,1.0,2025-11-08 08:18:00,5
S000418,2025-11-25,consumption,食堂二楼,21.08,1.0,2025-11-25 18:01:00,1
S000419,2025-09-18,access,图书馆,0.0,1.0,2025-09-18 15:31:00,3
S000419,2025-09-23,consumption,校园超市,50.88,2.0,2025-09-23 14:04:00,1
S000419,2025-09-24,consumption,快递点,1.21,3.0,2025-09-24 19:49:00,2
S000419,2025-10-12,access,宿舍楼,0.0,1.0,2025-10-12 08:23:00,6
S000419,2025-10-16,consumption,浴室,0.77,1.0,2025-10-16 16:34:00,3
S000419,2025-10-19,consumption,校园超市,17.55,3.0,2025-10-19 07:42:00,6
S000419,2025-11-02,consumption,食堂三楼,23.28,2.0,2025-11-02 09:06:00,6
S000419,2025-11-21,access,宿舍楼,0.0,2.0,2025-11-21 13:05:00,4
S000419,2025-11-23,consumption,校园超市,3.855,2.0,2025-11-23 13:37:00,6
S000419,2025-11-23,consumption,食堂一楼,25.41,2.0,2025-11-23 13:18:00,6
S000420,2025-09-02,consumption,校园超市,23.37,2.0,2025-09-02 12:27:00,1
S000420,2025-09-18,access,图书馆,0.0,1.5,2025-09-18 12:40:00,3
S000420,2025-10-04,consumption,食堂三楼,39.95,1.0,2025-10-04 07:12:00,5
S000420,2025-10-04,consumption,校园超市,44.74,1.0,2025-10-04 22:48:00,5
S000420,2025-10-23,consumption,食堂一楼,34.43,2.0,2025-10-23 21:25:00,3
S000420,2025-11-08,access,宿舍楼,0.0,1.0,2025-11-08 19:53:00,5
S000420,2025-11-14,consumption,食堂三楼,15.76,1.0,2025-11-14 06:36:00,4
S000420,2025-11-25,consumption,食堂一楼,31.52,1.0,2025-11-25 21:13:00,1
S000420,2025-11-29,consumption,食堂三楼,27.64,3.0,2025-11-29 12:21:00,5
S000420,2025-11-30,consumption,食堂一楼,15.43,1.0,2025-11-30 09:39:00,6
S000421,2025-09-23,consumption,浴室,3.94,2.0,2025-09-23 22:29:00,1
S000421,2025-09-27,consumption,校园超市,4.64,3.0,2025-09-27 17:32:00,5
S000421,2025-09-29,access,图书馆,0.0,1.0,2025-09-29 14:18:00,0
S000421,2025-10-04,consumption,快递点,4.63,3.0,2025-10-04 06:36:00,5
S000421,2025-10-05,access,宿舍楼,0.0,1.0,2025-10-05 09:54:00,6
S000421,2025-10-10,access,图书馆,0.0,1.0,2025-10-10 16:31:00,4
S000421,2025-10-20,access,宿舍楼,0.0,1.0,2025-10-20 07:12:00,0
S000421,2025-10-25,access,图书馆,0.0,1.0,2025-10-25 20:06:00,5
S000421,2025-11-02,consumption,食堂三楼,17.69,1.0,2025-11-02 06:41:00,6
S000421,2025-11-30,consumption,快递点,3.95,3.0,2025-11-30 20:08:00,6
S000422,2025-09-02,consumption,食堂一楼,31.68,2.0,2025-09-02 12:32:00,1
S000422,2025-09-05,access,宿舍楼,0.0,1.0,2025-09-05 20:29:00,4
S000422,2025-09-10,consumption,校园超市,43.05,3.0,2025-09-10 15:06:00,2
S000422,2025-09-17,consumption,食堂三楼,48.76,2.0,2025-09-17 11:02:00,2
S000422,2025-09-18,consumption,快递点,1.76,1.5,2025-09-18 07:45:00,3
S000422,2025-09-28,consumption,食堂三楼,22.9,1.0,2025-09-28 23:41:00,6
S000422,2025-10-04,consumption,快递点,12.264999999999999,1.0,2025-10-04 08:39:00,5
S000422,2025-10-31,consumption,快递点,1.63,1.0,2025-10-31 06:38:00,4
S000422,2025-11-21,access,图书馆,0.0,1.0,2025-11-21 10:34:00,4
S000422,2025-11-28,consumption,浴室,4.27,2.0,2025-11-28 09:36:00,4
S000423,2025-09-07,consumption,食堂二楼,35.55,3.0,2025-09-07 18:28:00,6
S000423,2025-09-19,consumption,食堂一楼,47.34,2.0,2025-09-19 12:11:00,4
S000423,2025-09-24,consumption,食堂一楼,54.93,2.0,2025-09-24 15:50:00,2
S000423,2025-10-10,consumption,校园超市,3.855,1.0,2025-10-10 18:13:00,4
S000423,2025-10-24,consumption,浴室,4.23,1.0,2025-10-24 07:12:00,4
S000423,2025-11-09,access,图书馆,0.0,1.0,2025-11-09 17:46:00,6
S000423,2025-11-11,consumption,开水房,2.25,2.0,2025-11-11 19:13:00,1
S000423,2025-11-16,consumption,快递点,1.56,2.0,2025-11-16 10:04:00,6
S000423,2025-11-21,access,图书馆,0.0,1.0,2025-11-21 20:17:00,4
S000423,2025-11-28,consumption,食堂一楼,25.48,1.0,2025-11-28 07:02:00,4
S000424,2025-09-05,consumption,食堂二楼,16.09,1.0,2025-09-05 08:06:00,4
S000424,2025-09-15,consumption,浴室,4.13,1.0,2025-09-15 21:53:00,0
S000424,2025-09-19,consumption,食堂一楼,26.09,2.0,2025-09-19 16:55:00,4
S000424,2025-09-27,consumption,校园超市,3.855,3.0,2025-09-27 07:47:00,5
S000424,2025-10-02,consumption,快递点,57.985,1.0,2025-10-02 06:51:00,3
S000424,2025-10-14,consumption,浴室,1.91,1.0,2025-10-14 09:31:00,1
S000424,2025-10-30,consumption,校园超市,16.5,2.0,2025-10-30 12:48:00,3
S000424,2025-11-05,consumption,食堂一楼,22.47,3.0,2025-11-05 18:31:00,2
S000424,2025-11-13,consumption,校园超市,5.58,3.0,2025-11-13 06:00:00,3
S000424,2025-11-30,access,宿舍楼,0.0,1.0,2025-11-30 09:31:00,6
S000425,2025-09-01,consumption,食堂三楼,32.32,1.0,2025-09-01 19:03:00,0
S000425,2025-09-11,consumption,开水房,4.61,3.0,2025-09-11 06:37:00,3
S000425,2025-09-13,consumption,食堂二楼,17.97,2.0,2025-09-13 19:05:00,5
S000425,2025-09-17,consumption,食堂二楼,25.07,1.0,2025-09-17 18:00:00,2
S000425,2025-09-18,consumption,食堂三楼,27.04,3.0,2025-09-18 17:37:00,3
S000425,2025-09-19,access,宿舍楼,0.0,1.0,2025-09-19 15:54:00,4
S000425,2025-09-19,consumption,食堂二楼,57.26,3.0,2025-09-19 14:48:00,4
S000425,2025-10-05,consumption,快递点,2.51,2.0,2025-10-05 11:24:00,6
S000425,2025-11-18,consumption,开水房,1.32,3.0,2025-11-18 17:20:00,1
S000425,2025-11-23,consumption,快递点,1.85,3.0,2025-11-23 06:43:00,6
S000426,2025-09-05,consumption,浴室,4.31,1.0,2025-09-05 08:27:00,4
S000426,2025-09-12,consumption,校园超市,12.31,3.0,2025-09-12 18:48:00,4
S000426,2025-09-14,consumption,食堂一楼,12.68,2.0,2025-09-14 23:37:00,6
S000426,2025-09-30,consumption,开水房,3.01,1.0,2025-09-30 09:36:00,1
S000426,2025-10-05,consumption,食堂三楼,24.08,1.0,2025-10-05 22:47:00,6
S000426,2025-10-09,consumption,校园超市,14.25,3.0,2025-10-09 22:59:00,3
S000426,2025-10-19,access,图书馆,0.0,1.0,2025-10-19 16:33:00,6
S000426,2025-11-09,consumption,校园超市,11.09,1.0,2025-11-09 10:06:00,6
S000426,2025-11-11,consumption,浴室,3.54,1.0,2025-11-11 12:29:00,1
S000426,2025-11-29,consumption,浴室,4.11,2.0,2025-11-29 14:30:00,5
S000427,2025-09-02,consumption,食堂三楼,17.35,1.0,2025-09-02 12:48:00,1
S000427,2025-09-21,consumption,浴室,4.84,2.0,2025-09-21 16:17:00,6
S000427,2025-09-26,consumption,开水房,3.31,1.0,2025-09-26 16:14:00,4
S000427,2025-09-26,access,宿舍楼,0.0,1.0,2025-09-26 10:55:00,4
S000427,2025-09-28,consumption,食堂一楼,12.14,1.0,2025-09-28 23:33:00,6
S000427,2025-10-01,consumption,浴室,0.52,1.5,2025-10-01 22:36:00,2
S000427,2025-10-06,consumption,浴室,2.47,2.0,2025-10-06 07:32:00,0
S000427,2025-10-19,consumption,食堂三楼,23.53,3.0,2025-10-19 18:29:00,6
S000427,2025-10-26,consumption,开水房,4.35,1.0,2025-10-26 08:10:00,6
S000427,2025-11-12,access,图书馆,0.0,1.0,2025-11-12 12:07:00,2
S000428,2025-09-11,access,宿舍楼,0.0,1.0,2025-09-11 21:16:00,3
S000428,2025-09-11,consumption,开水房,3.22,3.0,2025-09-11 17:44:00,3
S000428,2025-09-12,consumption,快递点,3.84,1.0,2025-09-12 13:08:00,4
S000428,2025-10-02,access,图书馆,0.0,1.0,2025-10-02 09:33:00,3
S000428,2025-10-20,consumption,食堂一楼,35.87,1.0,2025-10-20 22:17:00,0
S000428,2025-10-22,access,图书馆,0.0,1.0,2025-10-22 17:54:00,2
S000428,2025-11-09,access,宿舍楼,0.0,1.0,2025-11-09 15:34:00,6
S000428,2025-11-13,access,图书馆,0.0,1.0,2025-11-13 14:00:00,3
S000428,2025-11-27,consumption,校园超市,6.03,1.0,2025-11-27 23:49:00,3
S000428,2025-11-27,consumption,校园超市,21.45,1.0,2025-11-27 09:46:00,3
S000429,2025-09-03,consumption,食堂三楼,21.02,3.0,2025-09-03 06:04:00,2
S000429,2025-09-07,consumption,浴室,1.12,3.0,2025-09-07 06:51:00,6
S000429,2025-09-18,access,图书馆,0.0,1.0,2025-09-18 19:32:00,3
S000429,2025-09-20,access,图书馆,0.0,1.0,2025-09-20 16:28:00,5
S000429,2025-10-04,consumption,食堂二楼,11.84,3.0,2025-10-04 15:09:00,5
S000429,2025-10-17,consumption,快递点,1.58,2.0,2025-10-17 19:01:00,4
S000429,2025-10-21,consumption,浴室,2.06,1.0,2025-10-21 21:16:00,1
S000429,2025-10-28,consumption,浴室,3.23,2.0,2025-10-28 15:37:00,1
S000429,2025-11-16,access,宿舍楼,0.0,1.0,2025-11-16 06:09:00,6
S000429,2025-11-30,consumption,校园超市,11.0,2.0,2025-11-30 20:09:00,6
S000430,2025-09-03,consumption,快递点,4.52,1.0,2025-09-03 07:03:00,2
S000430,2025-09-12,consumption,食堂一楼,25.98,3.0,2025-09-12 10:35:00,4
S000430,2025-09-23,access,宿舍楼,0.0,1.0,2025-09-23 17:36:00,1
S000430,2025-09-29,consumption,校园超市,4.48,1.0,2025-09-29 06:18:00,0
S000430,2025-10-16,consumption,食堂二楼,47.95,2.0,2025-10-16 15:10:00,3
S000430,2025-10-23,consumption,食堂一楼,34.32,1.0,2025-10-23 23:15:00,3
S000430,2025-10-30,consumption,食堂二楼,22.64,1.0,2025-10-30 14:27:00,3
S000430,2025-11-06,consumption,食堂一楼,27.29,1.0,2025-11-06 08:46:00,3
S000430,2025-11-28,consumption,食堂二楼,28.78,2.0,2025-11-28 13:50:00,4
S000430,2025-11-29,consumption,浴室,1.02,2.0,2025-11-29 08:40:00,5
S000431,2025-09-19,access,宿舍楼,0.0,1.0,2025-09-19 13:54:00,4
S000431,2025-09-23,consumption,食堂二楼,16.84,3.0,2025-09-23 19:04:00,1
S000431,2025-10-01,consumption,校园超市,10.62,3.0,2025-10-01 12:46:00,2
S000431,2025-10-04,consumption,开水房,0.71,2.0,2025-10-04 11:57:00,5
S000431,2025-10-10,consumption,食堂二楼,42.01,2.0,2025-10-10 13:22:00,4
S000431,2025-10-15,consumption,食堂一楼,20.92,3.0,2025-10-15 14:34:00,2
S000431,2025-10-18,consumption,开水房,2.43,2.0,2025-10-18 13:52:00,5
S000431,2025-11-08,consumption,食堂三楼,24.8,1.0,2025-11-08 10:52:00,5
S000431,2025-11-11,access,图书馆,0.0,1.0,2025-11-11 15:26:00,1
S000431,2025-11-21,consumption,快递点,4.85,1.0,2025-11-21 08:21:00,4
S000432,2025-09-05,consumption,食堂一楼,11.51,3.0,2025-09-05 15:32:00,4
S000432,2025-09-11,consumption,浴室,0.77,1.0,2025-09-11 17:00:00,3
S000432,2025-09-17,consumption,食堂一楼,17.22,3.0,2025-09-17 20:56:00,2
S000432,2025-10-05,access,宿舍楼,0.0,1.0,2025-10-05 21:29:00,6
S000432,2025-10-11,access,图书馆,0.0,1.0,2025-10-11 12:03:00,5
S000432,2025-10-15,access,宿舍楼,0.0,1.0,2025-10-15 10:54:00,2
S000432,2025-10-23,access,宿舍楼,0.0,1.0,2025-10-23 22:54:00,3
S000432,2025-10-29,consumption,食堂二楼,9.565,2.0,2025-10-29 20:00:00,2
S000432,2025-11-05,consumption,校园超市,19.13,3.0,2025-11-05 18:59:00,2
S000432,2025-11-12,consumption,食堂三楼,9.96,1.0,2025-11-12 10:15:00,2
S000433,2025-09-15,consumption,食堂三楼,11.11,3.0,2025-09-15 19:53:00,0
S000433,2025-09-19,consumption,食堂一楼,11.13,3.0,2025-09-19 19:14:00,4
S000433,2025-09-23,consumption,校园超市,24.87,3.0,2025-09-23 14:51:00,1
S000433,2025-10-03,consumption,快递点,2.1,2.0,2025-10-03 14:36:00,4
S000433,2025-10-06,consumption,校园超市,41.1,3.0,2025-10-06 06:25:00,0
S000433,2025-10-07,consumption,食堂一楼,31.64,1.0,2025-10-07 09:42:00,1
S000433,2025-10-10,access,宿舍楼,17.39,1.0,2025-10-10 23:09:00,4
S000433,2025-10-10,consumption,开水房,3.14,2.0,2025-10-10 22:55:00,4
S000433,2025-11-04,access,图书馆,0.0,1.0,2025-11-04 16:33:00,1
S000433,2025-11-30,consumption,快递点,1.38,3.0,2025-11-30 08:33:00,6
S000434,2025-09-07,access,图书馆,0.0,1.0,2025-09-07 10:03:00,6
S000434,2025-09-12,access,图书馆,0.0,1.0,2025-09-12 08:13:00,4
S000434,2025-09-14,access,宿舍楼,0.0,1.0,2025-09-14 09:37:00,6
S000434,2025-09-24,consumption,快递点,4.45,2.0,2025-09-24 12:42:00,2
S000434,2025-10-01,consumption,食堂一楼,19.27,3.0,2025-10-01 22:24:00,2
S000434,2025-10-06,consumption,开水房,1.34,1.0,2025-10-06 09:45:00,0
S000434,2025-10-09,access,宿舍楼,0.0,1.0,2025-10-09 09:15:00,3
S000434,2025-10-22,consumption,快递点,0.58,1.0,2025-10-22 09:02:00,2
S000434,2025-10-22,consumption,浴室,3.85,3.0,2025-10-22 19:00:00,2
S000434,2025-11-29,consumption,浴室,2.51,3.0,2025-11-29 07:05:00,5
S000435,2025-09-01,consumption,快递点,2.61,1.0,2025-09-01 13:29:00,0
S000435,2025-09-13,consumption,食堂三楼,1.305,3.0,2025-09-13 20:52:00,5
S000435,2025-09-14,access,宿舍楼,0.0,1.0,2025-09-14 10:48:00,6
S000435,2025-09-15,access,图书馆,0.0,1.0,2025-09-15 14:01:00,0
S000435,2025-09-22,consumption,开水房,4.4,2.0,2025-09-22 22:47:00,0
S000435,2025-09-27,access,宿舍楼,0.0,1.0,2025-09-27 13:21:00,5
S000435,2025-10-16,consumption,浴室,4.9,1.0,2025-10-16 22:16:00,3
S000435,2025-10-30,access,宿舍楼,0.0,1.0,2025-10-30 07:49:00,3
S000435,2025-11-07,consumption,食堂三楼,54.93,1.0,2025-11-07 09:04:00,4
S000435,2025-11-07,consumption,食堂一楼,38.41,1.0,2025-11-07 21:59:00,4
S000436,2025-09-16,consumption,食堂一楼,22.07,2.0,2025-09-16 18:35:00,1
S000436,2025-09-20,consumption,食堂二楼,15.71,3.0,2025-09-20 18:16:00,5
S000436,2025-10-07,consumption,开水房,3.75,3.0,2025-10-07 17:50:00,1
S000436,2025-10-08,consumption,快递点,1.11,2.0,2025-10-08 11:10:00,2
S000436,2025-10-14,access,图书馆,0.0,1.0,2025-10-14 15:56:00,1
S000436,2025-10-16,consumption,浴室,0.64,1.0,2025-10-16 14:42:00,3
S000436,2025-10-16,access,宿舍楼,0.0,1.0,2025-10-16 18:42:00,3
S000436,2025-10-24,consumption,食堂一楼,17.12,1.0,2025-10-24 11:51:00,4
S000436,2025-11-01,consumption,食堂一楼,8.37,3.0,2025-11-01 12:31:00,5
S000436,2025-11-10,consumption,食堂一楼,21.45,3.0,2025-11-10 21:53:00,0
S000437,2025-09-01,consumption,食堂一楼,25.49,1.0,2025-09-01 12:23:00,0
S000437,2025-09-06,access,宿舍楼,0.0,1.0,2025-09-06 11:18:00,5
S000437,2025-09-09,consumption,食堂一楼,17.73,2.0,2025-09-09 09:47:00,1
S000437,2025-09-19,consumption,食堂一楼,22.97,3.0,2025-09-19 09:53:00,4
S000437,2025-09-28,access,图书馆,0.0,1.0,2025-09-28 17:34:00,6
S000437,2025-09-29,consumption,食堂三楼,21.92,3.0,2025-09-29 15:32:00,0
S000437,2025-10-23,access,图书馆,0.0,1.0,2025-10-23 14:04:00,3
S000437,2025-10-25,consumption,快递点,0.84,1.0,2025-10-25 16:54:00,5
S000437,2025-10-26,consumption,食堂一楼,14.98,1.0,2025-10-26 17:44:00,6
S000437,2025-10-31,consumption,快递点,2.49,3.0,2025-10-31 17:04:00,4
S000438,2025-09-13,consumption,浴室,2.17,3.0,2025-09-13 21:32:00,5
S000438,2025-09-16,access,宿舍楼,0.0,1.0,2025-09-16 21:26:00,1
S000438,2025-09-30,consumption,食堂一楼,26.69,2.0,2025-09-30 08:24:00,1
S000438,2025-10-02,consumption,快递点,4.71,2.0,2025-10-02 13:19:00,3
S000438,2025-10-02,consumption,食堂三楼,14.22,3.0,2025-10-02 09:08:00,3
S000438,2025-10-04,access,图书馆,0.0,1.0,2025-10-04 15:32:00,5
S000438,2025-10-31,access,宿舍楼,0.0,1.0,2025-10-31 15:25:00,4
S000438,2025-11-09,access,宿舍楼,0.0,1.0,2025-11-09 21:21:00,6
S000438,2025-11-10,consumption,食堂一楼,30.6,2.0,2025-11-10 06:52:00,0
S000438,2025-11-14,access,图书馆,0.0,1.0,2025-11-14 13:30:00,4
S000439,2025-09-13,consumption,食堂三楼,49.67,1.0,2025-09-13 18:54:00,5
S000439,2025-09-19,consumption,食堂一楼,24.76,2.0,2025-09-19 09:01:00,4
S000439,2025-09-30,consumption,开水房,0.78,1.0,2025-09-30 21:20:00,1
S000439,2025-10-04,access,宿舍楼,0.0,1.0,2025-10-04 23:41:00,5
S000439,2025-10-10,access,图书馆,0.0,1.0,2025-10-10 20:11:00,4
S000439,2025-10-18,access,宿舍楼,0.0,1.0,2025-10-18 20:29:00,5
S000439,2025-10-20,consumption,食堂三楼,23.35,2.0,2025-10-20 19:48:00,0
S000439,2025-10-27,consumption,食堂一楼,13.05,2.0,2025-10-27 22:54:00,0
S000439,2025-10-29,consumption,快递点,2.75,1.0,2025-10-29 17:24:00,2
S000439,2025-11-21,consumption,开水房,2.75,2.0,2025-11-21 11:14:00,4
S000440,2025-09-21,consumption,食堂三楼,27.57,2.0,2025-09-21 18:43:00,6
S000440,2025-09-27,consumption,食堂一楼,18.06,3.0,2025-09-27 12:21:00,5
S000440,2025-09-27,access,宿舍楼,0.0,1.0,2025-09-27 21:26:00,5
S000440,2025-10-12,access,图书馆,14.16,1.0,2025-10-12 14:03:00,6
S000440,2025-10-25,consumption,食堂一楼,28.32,2.0,2025-10-25 18:43:00,5
S000440,2025-11-04,access,图书馆,0.0,2.0,2025-11-04 14:57:00,1
S000440,2025-11-06,access,图书馆,0.0,2.0,2025-11-06 15:26:00,3
S000440,2025-11-07,consumption,食堂二楼,39.51,2.0,2025-11-07 11:35:00,4
S000440,2025-11-25,consumption,快递点,1.68,3.0,2025-11-25 18:37:00,1
S000440,2025-11-28,consumption,浴室,1.06,3.0,2025-11-28 19:46:00,4
S000441,2025-09-04,consumption,快递点,3.22,1.0,2025-09-04 21:12:00,3
S000441,2025-09-17,consumption,食堂二楼,24.13,1.0,2025-09-17 07:45:00,2
S000441,2025-10-03,access,宿舍楼,0.0,1.0,2025-10-03 12:43:00,4
S000441,2025-10-03,consumption,快递点,0.85,3.0,2025-10-03 06:15:00,4
S000441,2025-10-18,access,宿舍楼,0.0,1.0,2025-10-18 06:22:00,5
S000441,2025-10-31,consumption,校园超市,21.91,2.0,2025-10-31 16:22:00,4
S000441,2025-11-07,consumption,快递点,1.31,1.0,2025-11-07 18:47:00,4
S000441,2025-11-13,consumption,食堂一楼,13.85,2.0,2025-11-13 20:27:00,3
S000441,2025-11-23,access,宿舍楼,0.0,1.0,2025-11-23 20:03:00,6
S000441,2025-11-26,consumption,食堂一楼,29.39,3.0,2025-11-26 16:49:00,2
S000442,2025-09-08,access,图书馆,0.0,1.0,2025-09-08 17:56:00,0
S000442,2025-09-10,access,宿舍楼,0.58,1.0,2025-09-10 21:27:00,2
S000442,2025-09-23,consumption,开水房,1.16,1.0,2025-09-23 09:48:00,1
S000442,2025-09-23,consumption,食堂二楼,18.65,3.0,2025-09-23 19:36:00,1
S000442,2025-10-25,access,图书馆,0.0,1.0,2025-10-25 11:37:00,5
S000442,2025-11-03,access,图书馆,0.0,1.0,2025-11-03 14:34:00,0
S000442,2025-11-09,consumption,食堂三楼,23.01,2.0,2025-11-09 23:25:00,6
S000442,2025-11-10,consumption,食堂三楼,16.29,1.0,2025-11-10 18:17:00,0
S000442,2025-11-13,consumption,食堂一楼,9.57,2.0,2025-11-13 11:06:00,3
S000442,2025-11-17,consumption,校园超市,17.0,1.0,2025-11-17 19:10:00,0
S000443,2025-09-03,access,图书馆,0.0,1.0,2025-09-03 14:59:00,2
S000443,2025-09-04,access,宿舍楼,0.0,1.0,2025-09-04 20:56:00,3
S000443,2025-09-15,access,宿舍楼,0.0,1.0,2025-09-15 11:36:00,0
S000443,2025-09-21,access,宿舍楼,0.0,1.0,2025-09-21 09:44:00,6
S000443,2025-09-25,consumption,快递点,0.68,2.0,2025-09-25 06:02:00,3
S000443,2025-10-06,access,宿舍楼,0.0,1.0,2025-10-06 13:58:00,0
S000443,2025-10-08,consumption,食堂二楼,26.57,1.0,2025-10-08 19:53:00,2
S000443,2025-10-21,access,宿舍楼,0.0,1.0,2025-10-21 14:03:00,1
S000443,2025-10-29,consumption,食堂三楼,14.68,2.0,2025-10-29 13:54:00,2
S000443,2025-11-11,consumption,食堂二楼,46.19,3.0,2025-11-11 07:47:00,1
S000444,2025-09-01,consumption,浴室,2.46,1.0,2025-09-01 19:47:00,0
S000444,2025-09-06,consumption,开水房,3.72,1.0,2025-09-06 11:38:00,5
S000444,2025-09-17,access,宿舍楼,0.0,1.0,2025-09-17 20:25:00,2
S000444,2025-10-20,consumption,开水房,0.71,3.0,2025-10-20 19:03:00,0
S000444,2025-11-03,consumption,快递点,0.89,3.0,2025-11-03 09:52:00,0
S000444,2025-11-03,access,宿舍楼,0.0,1.0,2025-11-03 06:10:00,0
S000444,2025-11-17,consumption,浴室,1.51,2.0,2025-11-17 11:48:00,0
S000444,2025-11-19,access,宿舍楼,0.0,1.0,2025-11-19 06:28:00,2
S000444,2025-11-22,consumption,食堂二楼,15.91,2.0,2025-11-22 11:35:00,5
S000444,2025-11-22,consumption,食堂二楼,39.83,3.0,2025-11-22 21:16:00,5
S000445,2025-09-05,consumption,食堂二楼,17.76,1.0,2025-09-05 17:12:00,4
S000445,2025-09-06,consumption,快递点,0.85,2.0,2025-09-06 15:56:00,5
S000445,2025-09-08,consumption,开水房,1.52,2.0,2025-09-08 15:21:00,0
S000445,2025-09-09,consumption,快递点,2.18,3.0,2025-09-09 16:22:00,1
S000445,2025-09-21,consumption,食堂二楼,13.51,2.0,2025-09-21 11:37:00,6
S000445,2025-09-25,access,图书馆,0.0,2.0,2025-09-25 11:56:00,3
S000445,2025-10-01,consumption,食堂三楼,30.37,2.0,2025-10-01 23:36:00,2
S000445,2025-10-02,consumption,食堂一楼,59.6,1.0,2025-10-02 13:22:00,3
S000445,2025-11-14,consumption,浴室,4.14,2.0,2025-11-14 12:39:00,4
S000445,2025-11-27,access,图书馆,0.0,1.0,2025-11-27 21:25:00,3
S000446,2025-09-02,consumption,浴室,3.99,2.0,2025-09-02 08:36:00,1
S000446,2025-09-17,consumption,校园超市,44.72,1.0,2025-09-17 13:06:00,2
S000446,2025-09-21,access,图书馆,0.0,1.0,2025-09-21 15:49:00,6
S000446,2025-09-27,access,宿舍楼,0.0,1.0,2025-09-27 09:37:00,5
S000446,2025-09-30,consumption,快递点,4.85,2.0,2025-09-30 14:05:00,1
S000446,2025-10-02,access,宿舍楼,0.0,1.0,2025-10-02 12:04:00,3
S000446,2025-10-13,access,宿舍楼,0.0,1.0,2025-10-13 16:58:00,0
S000446,2025-10-25,consumption,快递点,2.92,2.0,2025-10-25 23:41:00,5
S000446,2025-11-01,consumption,浴室,2.17,1.0,2025-11-01 08:58:00,5
S000446,2025-11-18,consumption,食堂二楼,38.84,1.0,2025-11-18 09:09:00,1
S000447,2025-09-14,access,图书馆,0.0,1.0,2025-09-14 19:01:00,6
S000447,2025-09-18,consumption,食堂二楼,49.22,2.0,2025-09-18 09:04:00,3
S000447,2025-10-01,consumption,食堂一楼,21.65,3.0,2025-10-01 20:31:00,2
S000447,2025-10-05,consumption,快递点,1.13,3.0,2025-10-05 09:19:00,6
S000447,2025-10-11,consumption,快递点,2.79,2.0,2025-10-11 14:24:00,5
S000447,2025-10-16,consumption,快递点,1.99,1.0,2025-10-16 16:06:00,3
S000447,2025-11-01,consumption,开水房,2.3,2.0,2025-11-01 14:30:00,5
S000447,2025-11-13,consumption,开水房,3.84,3.0,2025-11-13 14:20:00,3
S000447,2025-11-15,consumption,食堂二楼,28.34,2.0,2025-11-15 20:38:00,5
S000447,2025-11-19,consumption,校园超市,11.75,1.0,2025-11-19 06:00:00,2
S000448,2025-09-01,consumption,浴室,2.67,1.0,2025-09-01 19:31:00,0
S000448,2025-09-17,consumption,开水房,1.63,1.0,2025-09-17 10:05:00,2
S000448,2025-09-22,consumption,浴室,2.43,1.0,2025-09-22 17:55:00,0
S000448,2025-09-25,access,图书馆,0.0,1.0,2025-09-25 20:20:00,3
S000448,2025-11-04,consumption,开水房,4.18,3.0,2025-11-04 16:44:00,1
S000448,2025-11-06,consumption,浴室,4.04,2.0,2025-11-06 22:33:00,3
S000448,2025-11-09,access,图书馆,0.0,1.0,2025-11-09 19:59:00,6
S000448,2025-11-09,consumption,校园超市,24.74,2.0,2025-11-09 07:56:00,6
S000448,2025-11-19,access,图书馆,0.0,1.0,2025-11-19 13:29:00,2
S000448,2025-11-21,consumption,浴室,1.39,1.0,2025-11-21 13:48:00,4
S000449,2025-09-02,consumption,开水房,2.38,1.0,2025-09-02 20:02:00,1
S000449,2025-09-14,consumption,食堂三楼,36.8,3.0,2025-09-14 18:10:00,6
S000449,2025-09-18,consumption,食堂一楼,10.23,2.0,2025-09-18 16:52:00,3
S000449,2025-09-24,consumption,食堂一楼,36.48,1.0,2025-09-24 11:15:00,2
S000449,2025-10-06,consumption,浴室,3.08,3.0,2025-10-06 06:50:00,0
S000449,2025-10-09,consumption,浴室,2.35,3.0,2025-10-09 14:56:00,3
S000449,2025-10-10,access,宿舍楼,10.195,2.0,2025-10-10 17:05:00,4
S000449,2025-11-05,consumption,校园超市,18.04,1.0,2025-11-05 11:23:00,2
S000449,2025-11-14,consumption,浴室,1.22,1.0,2025-11-14 17:00:00,4
S000449,2025-11-29,consumption,快递点,2.65,2.0,2025-11-29 11:01:00,5
S000450,2025-09-03,access,图书馆,0.0,1.0,2025-09-03 15:31:00,2
S000450,2025-09-07,access,宿舍楼,0.0,2.0,2025-09-07 19:12:00,6
S000450,2025-09-17,consumption,食堂二楼,14.22,3.0,2025-09-17 22:45:00,2
S000450,2025-09-21,consumption,校园超市,5.31,1.0,2025-09-21 08:37:00,6
S000450,2025-09-24,consumption,快递点,1.78,1.0,2025-09-24 06:45:00,2
S000450,2025-09-29,consumption,快递点,1.4,3.0,2025-09-29 11:08:00,0
S000450,2025-09-29,consumption,食堂一楼,41.11,3.0,2025-09-29 07:26:00,0
S000450,2025-09-30,consumption,食堂一楼,47.1,3.0,2025-09-30 08:36:00,1
S000450,2025-11-24,consumption,校园超市,49.47,2.0,2025-11-24 18:07:00,0
S000450,2025-11-27,access,图书馆,0.0,1.0,2025-11-27 15:27:00,3
S000451,2025-09-02,consumption,快递点,3.28,2.0,2025-09-02 08:27:00,1
S000451,2025-09-23,consumption,开水房,4.53,3.0,2025-09-23 17:30:00,1
S000451,2025-09-29,consumption,食堂二楼,14.11,1.0,2025-09-29 19:07:00,0
S000451,2025-10-05,consumption,校园超市,18.07,2.0,2025-10-05 10:54:00,6
S000451,2025-10-09,consumption,食堂二楼,22.03,3.0,2025-10-09 09:24:00,3
S000451,2025-10-15,consumption,快递点,1.79,3.0,2025-10-15 12:29:00,2
S000451,2025-10-16,consumption,浴室,1.97,2.0,2025-10-16 11:12:00,3
S000451,2025-10-24,access,图书馆,0.985,1.0,2025-10-24 14:54:00,4
S000451,2025-11-19,access,宿舍楼,0.0,1.0,2025-11-19 19:51:00,2
S000451,2025-11-28,consumption,食堂三楼,21.03,3.0,2025-11-28 15:11:00,4
S000452,2025-09-03,access,宿舍楼,0.0,1.0,2025-09-03 12:11:00,2
S000452,2025-09-09,consumption,快递点,2.03,3.0,2025-09-09 23:28:00,1
S000452,2025-09-18,consumption,浴室,0.69,3.0,2025-09-18 20:11:00,3
S000452,2025-09-26,consumption,开水房,3.68,1.0,2025-09-26 06:00:00,4
S000452,2025-09-29,consumption,食堂三楼,47.24,2.0,2025-09-29 08:49:00,0
S000452,2025-10-08,access,宿舍楼,0.0,1.0,2025-10-08 13:24:00,2
S000452,2025-10-09,consumption,食堂一楼,36.23,1.0,2025-10-09 15:35:00,3
S000452,2025-10-13,access,宿舍楼,0.0,1.0,2025-10-13 14:28:00,0
S000452,2025-11-03,consumption,食堂三楼,49.3,2.0,2025-11-03 19:49:00,0
S000452,2025-11-12,access,图书馆,49.3,1.0,2025-11-12 10:22:00,2
S000453,2025-09-05,consumption,食堂二楼,22.1,2.0,2025-09-05 23:04:00,4
S000453,2025-10-04,consumption,食堂一楼,10.57,2.0,2025-10-04 21:54:00,5
S000453,2025-10-05,consumption,校园超市,12.81,3.0,2025-10-05 14:15:00,6
S000453,2025-10-12,access,图书馆,0.0,1.0,2025-10-12 21:51:00,6
S000453,2025-10-19,consumption,快递点,2.53,3.0,2025-10-19 17:56:00,6
S000453,2025-10-20,access,宿舍楼,0.0,1.0,2025-10-20 23:59:00,0
S000453,2025-10-24,consumption,校园超市,43.46,2.0,2025-10-24 10:43:00,4
S000453,2025-11-06,consumption,食堂二楼,16.4,2.0,2025-11-06 07:25:00,3
S000453,2025-11-16,consumption,浴室,4.43,3.0,2025-11-16 16:30:00,6
S000453,2025-11-22,consumption,开水房,0.92,1.0,2025-11-22 20:32:00,5
S000454,2025-09-09,consumption,食堂三楼,55.03,3.0,2025-09-09 08:33:00,1
S000454,2025-09-18,consumption,食堂二楼,16.37,2.0,2025-09-18 19:56:00,3
S000454,2025-10-05,access,图书馆,0.0,1.0,2025-10-05 11:01:00,6
S000454,2025-10-18,access,图书馆,0.0,1.0,2025-10-18 08:09:00,5
S000454,2025-10-21,consumption,校园超市,25.13,3.0,2025-10-21 12:01:00,1
S000454,2025-10-22,consumption,快递点,4.49,1.0,2025-10-22 23:59:00,2
S000454,2025-10-25,consumption,食堂一楼,24.21,1.0,2025-10-25 13:28:00,5
S000454,2025-10-28,consumption,开水房,1.25,1.0,2025-10-28 06:49:00,1
S000454,2025-11-06,consumption,食堂一楼,13.23,1.0,2025-11-06 20:41:00,3
S000454,2025-11-11,consumption,食堂三楼,18.24,1.0,2025-11-11 17:26:00,1
S000455,2025-09-03,access,宿舍楼,0.0,1.0,2025-09-03 22:41:00,2
S000455,2025-09-27,consumption,食堂二楼,19.36,2.0,2025-09-27 11:44:00,5
S000455,2025-10-04,consumption,浴室,2.4,3.0,2025-10-04 08:34:00,5
S000455,2025-10-11,access,宿舍楼,0.0,1.0,2025-10-11 06:54:00,5
S000455,2025-10-22,consumption,校园超市,19.85,1.0,2025-10-22 19:25:00,2
S000455,2025-10-31,access,宿舍楼,0.0,1.0,2025-10-31 08:39:00,4
S000455,2025-11-04,consumption,食堂二楼,2.16,3.0,2025-11-04 16:43:00,1
S000455,2025-11-05,consumption,快递点,4.32,2.0,2025-11-05 18:01:00,2
S000455,2025-11-16,access,图书馆,0.0,1.0,2025-11-16 14:30:00,6
S000455,2025-11-25,consumption,浴室,1.12,1.0,2025-11-25 20:03:00,1
S000456,2025-09-04,consumption,开水房,3.16,3.0,2025-09-04 13:56:00,3
S000456,2025-09-12,consumption,食堂一楼,13.19,3.0,2025-09-12 19:52:00,4
S000456,2025-09-12,consumption,食堂二楼,23.22,2.0,2025-09-12 15:43:00,4
S000456,2025-09-21,consumption,开水房,4.53,1.0,2025-09-21 21:12:00,6
S000456,2025-09-27,consumption,食堂一楼,32.24,1.0,2025-09-27 18:48:00,5
S000456,2025-10-10,consumption,食堂二楼,19.72,2.0,2025-10-10 15:10:00,4
S000456,2025-11-11,consumption,开水房,1.95,1.0,2025-11-11 13:29:00,1
S000456,2025-11-12,access,图书馆,0.0,1.0,2025-11-12 15:07:00,2
S000456,2025-11-14,consumption,快递点,4.27,3.0,2025-11-14 08:43:00,4
S000456,2025-11-21,consumption,食堂一楼,23.47,1.0,2025-11-21 15:22:00,4
S000457,2025-09-01,consumption,浴室,2.89,2.0,2025-09-01 13:35:00,0
S000457,2025-09-07,consumption,快递点,4.42,3.0,2025-09-07 08:29:00,6
S000457,2025-11-05,access,宿舍楼,0.0,1.0,2025-11-05 13:51:00,2
S000457,2025-11-05,consumption,食堂一楼,8.165,1.0,2025-11-05 20:49:00,2
S000457,2025-11-08,consumption,校园超市,16.33,3.0,2025-11-08 06:24:00,5
S000457,2025-11-12,consumption,校园超市,14.94,2.0,2025-11-12 06:24:00,2
S000457,2025-11-16,consumption,浴室,2.03,3.0,2025-11-16 20:12:00,6
S000457,2025-11-21,consumption,开水房,1.72,1.0,2025-11-21 09:21:00,4
S000457,2025-11-22,consumption,快递点,3.9,1.0,2025-11-22 09:24:00,5
S000457,2025-11-23,access,图书馆,0.0,1.0,2025-11-23 21:41:00,6
S000458,2025-09-06,consumption,食堂一楼,32.47,3.0,2025-09-06 10:26:00,5
S000458,2025-09-15,consumption,校园超市,27.0,2.0,2025-09-15 18:08:00,0
S000458,2025-09-19,consumption,开水房,3.11,2.0,2025-09-19 11:41:00,4
S000458,2025-09-21,consumption,浴室,1.25,2.0,2025-09-21 23:11:00,6
S000458,2025-11-05,consumption,食堂一楼,34.76,3.0,2025-11-05 08:29:00,2
S000458,2025-11-07,consumption,食堂一楼,20.76,3.0,2025-11-07 06:29:00,4
S000458,2025-11-09,consumption,浴室,3.58,3.0,2025-11-09 18:54:00,6
S000458,2025-11-20,consumption,校园超市,15.86,1.0,2025-11-20 12:01:00,3
S000458,2025-11-22,consumption,食堂三楼,44.1,1.0,2025-11-22 08:26:00,5
S000458,2025-11-23,access,宿舍楼,0.0,1.0,2025-11-23 15:53:00,6
S000459,2025-09-02,consumption,浴室,1.1,1.0,2025-09-02 13:39:00,1
S000459,2025-09-03,consumption,食堂二楼,30.69,1.0,2025-09-03 20:23:00,2
S000459,2025-09-16,consumption,开水房,3.91,1.0,2025-09-16 19:12:00,1
S000459,2025-09-21,consumption,食堂三楼,23.25,1.0,2025-09-21 19:38:00,6
S000459,2025-09-23,consumption,开水房,1.83,3.0,2025-09-23 10:19:00,1
S000459,2025-09-28,consumption,浴室,2.22,3.0,2025-09-28 11:41:00,6
S000459,2025-10-02,consumption,浴室,4.59,3.0,2025-10-02 20:25:00,3
S000459,2025-10-03,consumption,浴室,3.56,2.0,2025-10-03 06:05:00,4
S000459,2025-11-26,access,宿舍楼,0.0,1.0,2025-11-26 14:17:00,2
S000459,2025-11-30,consumption,浴室,2.2,2.0,2025-11-30 06:08:00,6
S000460,2025-09-03,access,宿舍楼,0.0,1.0,2025-09-03 14:53:00,2
S000460,2025-09-05,consumption,快递点,2.59,3.0,2025-09-05 22:26:00,4
S000460,2025-09-11,consumption,快递点,2.48,2.0,2025-09-11 14:43:00,3
S000460,2025-09-20,access,图书馆,0.0,1.0,2025-09-20 11:27:00,5
S000460,2025-10-02,consumption,食堂三楼,13.5,3.0,2025-10-02 18:26:00,3
S000460,2025-10-07,consumption,食堂二楼,26.35,2.0,2025-10-07 15:36:00,1
S000460,2025-10-08,consumption,食堂三楼,11.18,1.0,2025-10-08 15:02:00,2
S000460,2025-10-16,consumption,开水房,3.94,2.0,2025-10-16 22:48:00,3
S000460,2025-11-02,access,图书馆,0.0,1.0,2025-11-02 10:47:00,6
S000460,2025-11-05,consumption,食堂一楼,13.97,2.0,2025-11-05 20:31:00,2
S000461,2025-09-07,access,图书馆,0.0,1.0,2025-09-07 17:33:00,6
S000461,2025-09-23,consumption,快递点,4.13,3.0,2025-09-23 13:06:00,1
S000461,2025-09-25,access,宿舍楼,0.0,1.0,2025-09-25 10:37:00,3
S000461,2025-10-12,consumption,浴室,3.86,2.0,2025-10-12 08:09:00,6
S000461,2025-10-20,consumption,校园超市,3.855,3.0,2025-10-20 10:00:00,0
S000461,2025-10-20,consumption,食堂一楼,3.855,2.0,2025-10-20 19:11:00,0
S000461,2025-10-26,consumption,食堂一楼,33.75,1.0,2025-10-26 14:33:00,6
S000461,2025-10-30,access,宿舍楼,0.0,1.0,2025-10-30 11:23:00,3
S000461,2025-11-10,access,宿舍楼,0.0,1.0,2025-11-10 23:32:00,0
S000461,2025-11-17,access,图书馆,0.0,1.0,2025-11-17 11:20:00,0
S000462,2025-09-02,consumption,开水房,3.42,1.0,2025-09-02 22:11:00,1
S000462,2025-09-17,consumption,食堂一楼,31.51,1.0,2025-09-17 08:18:00,2
S000462,2025-09-20,access,宿舍楼,0.0,1.0,2025-09-20 10:02:00,5
S000462,2025-09-30,consumption,食堂二楼,17.99,1.0,2025-09-30 21:27:00,1
S000462,2025-10-09,consumption,开水房,3.64,2.0,2025-10-09 10:53:00,3
S000462,2025-10-09,consumption,食堂二楼,9.97,3.0,2025-10-09 21:20:00,3
S000462,2025-11-15,consumption,校园超市,13.01,3.0,2025-11-15 16:53:00,5
S000462,2025-11-18,access,图书馆,0.0,1.0,2025-11-18 20:19:00,1
S000462,2025-11-23,consumption,快递点,0.65,2.0,2025-11-23 08:13:00,6
S000462,2025-11-25,consumption,食堂二楼,16.55,3.0,2025-11-25 10:18:00,1
S000463,2025-09-07,consumption,校园超市,13.77,1.0,2025-09-07 11:04:00,6
S000463,2025-09-13,access,宿舍楼,0.0,1.0,2025-09-13 16:30:00,5
S000463,2025-09-16,access,宿舍楼,0.0,1.0,2025-09-16 13:04:00,1
S000463,2025-09-20,access,宿舍楼,0.0,1.0,2025-09-20 06:19:00,5
S000463,2025-10-02,access,宿舍楼,0.0,1.0,2025-10-02 21:16:00,3
S000463,2025-10-18,consumption,食堂二楼,22.55,1.0,2025-10-18 08:30:00,5
S000463,2025-10-25,consumption,快递点,0.96,2.0,2025-10-25 23:57:00,5
S000463,2025-11-19,consumption,浴室,4.73,3.0,2025-11-19 07:41:00,2
S000463,2025-11-24,consumption,开水房,4.71,2.5,2025-11-24 19:26:00,0
S000463,2025-11-24,consumption,开水房,3.28,2.0,2025-11-24 09:00:00,0
S000464,2025-09-04,consumption,浴室,2.37,1.0,2025-09-04 13:20:00,3
S000464,2025-09-09,access,图书馆,0.0,1.0,2025-09-09 19:53:00,1
S000464,2025-09-25,consumption,食堂二楼,35.66,2.0,2025-09-25 15:17:00,3
S000464,2025-09-26,consumption,食堂二楼,9.12,1.0,2025-09-26 20:02:00,4
S000464,2025-10-24,consumption,浴室,3.93,1.0,2025-10-24 07:09:00,4
S000464,2025-10-28,consumption,浴室,0.5,2.0,2025-10-28 21:27:00,1
S000464,2025-10-31,consumption,食堂一楼,14.35,3.0,2025-10-31 08:50:00,4
S000464,2025-10-31,consumption,开水房,3.01,2.0,2025-10-31 08:30:00,4
S000464,2025-11-03,access,宿舍楼,0.0,1.0,2025-11-03 07:14:00,0
S000464,2025-11-28,consumption,浴室,3.85,1.0,2025-11-28 08:37:00,4
S000465,2025-09-02,access,宿舍楼,0.0,1.0,2025-09-02 15:07:00,1
S000465,2025-09-10,consumption,食堂三楼,3.855,3.0,2025-09-10 06:22:00,2
S000465,2025-09-23,consumption,浴室,0.61,1.0,2025-09-23 18:25:00,1
S000465,2025-10-05,consumption,食堂二楼,27.65,2.0,2025-10-05 07:38:00,6
S000465,2025-10-15,consumption,食堂一楼,15.49,3.0,2025-10-15 09:20:00,2
S000465,2025-10-28,consumption,开水房,4.1,2.0,2025-10-28 17:15:00,1
S000465,2025-10-31,consumption,食堂三楼,21.26,1.0,2025-10-31 13:57:00,4
S000465,2025-11-09,consumption,食堂一楼,42.54,1.0,2025-11-09 23:09:00,6
S000465,2025-11-17,consumption,校园超市,2.65,1.0,2025-11-17 21:52:00,0
S000465,2025-11-28,consumption,开水房,1.25,3.0,2025-11-28 17:05:00,4
S000466,2025-09-02,consumption,食堂三楼,65.31,1.0,2025-09-02 16:05:00,1
S000466,2025-09-06,consumption,食堂一楼,19.44,3.0,2025-09-06 09:38:00,5
S000466,2025-09-21,access,图书馆,0.0,1.0,2025-09-21 11:32:00,6
S000466,2025-09-26,consumption,食堂二楼,31.45,3.0,2025-09-26 20:19:00,4
S000466,2025-09-27,access,宿舍楼,0.0,1.0,2025-09-27 19:08:00,5
S000466,2025-10-04,access,图书馆,0.0,1.0,2025-10-04 20:49:00,5
S000466,2025-10-18,access,宿舍楼,0.0,1.0,2025-10-18 14:40:00,5
S000466,2025-10-19,consumption,校园超市,7.51,3.0,2025-10-19 12:55:00,6
S000466,2025-10-26,consumption,浴室,3.74,3.0,2025-10-26 23:30:00,6
S000466,2025-11-28,access,宿舍楼,0.0,1.0,2025-11-28 23:34:00,4
S000467,2025-09-29,consumption,食堂二楼,23.27,3.0,2025-09-29 10:51:00,0
S000467,2025-10-08,access,图书馆,0.0,1.0,2025-10-08 10:01:00,2
S000467,2025-10-11,consumption,校园超市,24.61,3.0,2025-10-11 06:30:00,5
S000467,2025-10-20,consumption,食堂一楼,3.855,3.0,2025-10-20 23:17:00,0
S000467,2025-10-22,consumption,开水房,1.04,3.0,2025-10-22 18:02:00,2
S000467,2025-11-01,access,宿舍楼,0.0,1.0,2025-11-01 14:18:00,5
S000467,2025-11-01,access,图书馆,0.0,1.5,2025-11-01 21:34:00,5
S000467,2025-11-10,consumption,食堂一楼,11.57,2.0,2025-11-10 11:51:00,0
S000467,2025-11-26,access,图书馆,0.0,1.0,2025-11-26 18:57:00,2
S000467,2025-11-29,consumption,浴室,4.28,3.0,2025-11-29 15:55:00,5
S000468,2025-09-01,consumption,食堂一楼,42.22,1.0,2025-09-01 18:04:00,0
S000468,2025-09-02,consumption,食堂二楼,28.07,3.0,2025-09-02 22:56:00,1
S000468,2025-09-26,consumption,快递点,0.79,2.0,2025-09-26 08:52:00,4
S000468,2025-10-01,consumption,校园超市,14.68,1.0,2025-10-01 19:53:00,2
S000468,2025-10-20,consumption,食堂一楼,28.62,2.0,2025-10-20 07:25:00,0
S000468,2025-10-23,consumption,食堂三楼,31.0,3.0,2025-10-23 18:59:00,3
S000468,2025-11-02,access,宿舍楼,28.380000000000003,1.0,2025-11-02 10:55:00,6
S000468,2025-11-08,consumption,食堂二楼,25.76,2.0,2025-11-08 21:52:00,5
S000468,2025-11-11,access,图书馆,0.0,1.0,2025-11-11 11:58:00,1
S000468,2025-11-19,consumption,开水房,1.6,2.0,2025-11-19 19:56:00,2
S000469,2025-09-15,consumption,快递点,1.34,2.0,2025-09-15 07:03:00,0
S000469,2025-09-16,consumption,食堂二楼,20.66,1.5,2025-09-16 07:37:00,1
S000469,2025-09-16,access,图书馆,0.0,1.0,2025-09-16 20:47:00,1
S000469,2025-10-01,consumption,食堂二楼,33.47,2.0,2025-10-01 10:01:00,2
S000469,2025-10-05,access,图书馆,0.0,1.0,2025-10-05 08:20:00,6
S000469,2025-10-29,access,宿舍楼,0.0,1.0,2025-10-29 17:14:00,2
S000469,2025-10-30,consumption,快递点,4.76,2.0,2025-10-30 16:16:00,3
S000469,2025-11-17,consumption,食堂二楼,2.38,3.0,2025-11-17 12:49:00,0
S000469,2025-11-19,access,宿舍楼,0.0,1.0,2025-11-19 07:08:00,2
S000469,2025-11-22,consumption,开水房,2.43,1.0,2025-11-22 23:37:00,5
S000470,2025-09-04,consumption,食堂三楼,46.11,2.0,2025-09-04 10:48:00,3
S000470,2025-09-16,consumption,校园超市,19.28,1.0,2025-09-16 16:44:00,1
S000470,2025-10-07,access,宿舍楼,0.0,1.0,2025-10-07 15:59:00,1
S000470,2025-10-13,consumption,食堂一楼,29.62,1.0,2025-10-13 23:01:00,0
S000470,2025-10-15,consumption,食堂三楼,24.18,2.0,2025-10-15 16:25:00,2
S000470,2025-10-22,consumption,食堂二楼,43.08,3.0,2025-10-22 17:09:00,2
S000470,2025-10-23,consumption,食堂二楼,10.11,2.0,2025-10-23 09:51:00,3
S000470,2025-10-24,access,宿舍楼,0.0,1.0,2025-10-24 23:27:00,4
S000470,2025-10-24,access,宿舍楼,0.0,1.0,2025-10-24 06:08:00,4
S000470,2025-11-20,consumption,开水房,2.97,2.0,2025-11-20 17:40:00,3
S000471,2025-09-04,consumption,食堂二楼,17.69,3.0,2025-09-04 06:04:00,3
S000471,2025-09-07,consumption,校园超市,46.75,1.0,2025-09-07 08:48:00,6
S000471,2025-09-10,consumption,浴室,1.97,2.0,2025-09-10 14:03:00,2
S000471,2025-09-13,consumption,食堂一楼,18.21,2.0,2025-09-13 22:28:00,5
S000471,2025-09-13,consumption,食堂三楼,3.855,3.0,2025-09-13 20:37:00,5
S000471,2025-09-26,consumption,食堂一楼,15.6,2.0,2025-09-26 22:23:00,4
S000471,2025-10-27,consumption,开水房,3.36,1.5,2025-10-27 19:31:00,0
S000471,2025-11-13,consumption,食堂二楼,48.78,1.0,2025-11-13 14:19:00,3
S000471,2025-11-22,access,宿舍楼,0.0,1.0,2025-11-22 19:47:00,5
S000471,2025-11-30,consumption,食堂三楼,8.43,3.0,2025-11-30 17:13:00,6
S000472,2025-09-21,consumption,食堂三楼,28.3,2.0,2025-09-21 21:15:00,6
S000472,2025-09-28,consumption,快递点,1.15,3.0,2025-09-28 21:13:00,6
S000472,2025-10-02,access,图书馆,0.0,1.0,2025-10-02 17:11:00,3
S000472,2025-10-09,access,宿舍楼,0.0,1.0,2025-10-09 12:27:00,3
S000472,2025-10-12,access,宿舍楼,0.0,1.0,2025-10-12 14:40:00,6
S000472,2025-10-13,consumption,食堂一楼,27.43,3.0,2025-10-13 13:12:00,0
S000472,2025-10-31,access,图书馆,0.0,1.0,2025-10-31 16:16:00,4
S000472,2025-11-25,consumption,校园超市,19.22,3.0,2025-11-25 06:23:00,1
S000472,2025-11-27,consumption,快递点,1.34,1.0,2025-11-27 21:54:00,3
S000472,2025-11-27,consumption,浴室,4.99,2.0,2025-11-27 15:16:00,3
S000473,2025-09-06,consumption,浴室,4.65,2.0,2025-09-06 13:48:00,5
S000473,2025-09-21,access,宿舍楼,0.0,1.0,2025-09-21 18:39:00,6
S000473,2025-09-24,consumption,食堂一楼,32.39,2.0,2025-09-24 06:04:00,2
S000473,2025-10-01,consumption,开水房,1.22,3.0,2025-10-01 23:55:00,2
S000473,2025-10-08,consumption,食堂三楼,22.23,2.0,2025-10-08 08:38:00,2
S000473,2025-10-12,access,宿舍楼,28.049999999999997,1.0,2025-10-12 14:44:00,6
S000473,2025-10-14,consumption,食堂一楼,33.87,1.0,2025-10-14 13:43:00,1
S000473,2025-10-25,consumption,食堂二楼,25.66,1.0,2025-10-25 22:17:00,5
S000473,2025-11-15,consumption,食堂三楼,31.83,1.0,2025-11-15 20:30:00,5
S000473,2025-11-15,consumption,浴室,0.54,3.0,2025-11-15 21:21:00,5
S000474,2025-09-01,consumption,食堂三楼,43.25,1.0,2025-09-01 13:24:00,0
S000474,2025-09-05,consumption,食堂三楼,33.01,1.0,2025-09-05 22:50:00,4
S000474,2025-09-10,consumption,开水房,2.78,1.0,2025-09-10 18:25:00,2
S000474,2025-09-16,consumption,开水房,4.25,2.0,2025-09-16 13:13:00,1
S000474,2025-09-17,consumption,校园超市,17.19,2.0,2025-09-17 12:13:00,2
S000474,2025-10-09,access,图书馆,0.0,1.0,2025-10-09 20:28:00,3
S000474,2025-10-09,consumption,食堂三楼,5.64,1.0,2025-10-09 07:40:00,3
S000474,2025-10-14,consumption,校园超市,17.8,1.0,2025-10-14 20:20:00,1
S000474,2025-10-26,consumption,浴室,3.3,1.0,2025-10-26 23:14:00,6
S000474,2025-11-26,consumption,快递点,3.91,3.0,2025-11-26 10:58:00,2
S000475,2025-09-06,consumption,校园超市,19.79,1.0,2025-09-06 22:42:00,5
S000475,2025-09-10,consumption,校园超市,14.72,1.0,2025-09-10 16:38:00,2
S000475,2025-09-28,access,宿舍楼,7.36,1.0,2025-09-28 23:45:00,6
S000475,2025-10-06,access,图书馆,0.0,1.0,2025-10-06 12:38:00,0
S000475,2025-10-16,consumption,快递点,4.14,2.0,2025-10-16 14:26:00,3
S000475,2025-10-17,consumption,校园超市,33.94,2.0,2025-10-17 19:08:00,4
S000475,2025-10-18,consumption,食堂一楼,27.04,2.0,2025-10-18 11:00:00,5
S000475,2025-10-31,access,宿舍楼,35.04,1.0,2025-10-31 07:08:00,4
S000475,2025-11-02,consumption,食堂二楼,43.04,1.5,2025-11-02 22:59:00,6
S000475,2025-11-03,consumption,开水房,3.42,2.0,2025-11-03 21:50:00,0
S000476,2025-09-14,consumption,食堂三楼,12.31,3.0,2025-09-14 16:14:00,6
S000476,2025-09-17,consumption,食堂二楼,30.07,3.0,2025-09-17 14:57:00,2
S000476,2025-09-25,access,宿舍楼,0.0,1.0,2025-09-25 21:19:00,3
S000476,2025-10-03,consumption,开水房,0.83,3.0,2025-10-03 20:27:00,4
S000476,2025-10-11,consumption,食堂三楼,16.67,3.0,2025-10-11 12:09:00,5
S000476,2025-10-19,consumption,食堂一楼,15.09,1.0,2025-10-19 23:37:00,6
S000476,2025-10-24,access,宿舍楼,7.545,1.0,2025-10-24 15:13:00,4
S000476,2025-11-29,access,图书馆,0.0,1.0,2025-11-29 10:58:00,5
S000476,2025-11-30,consumption,食堂一楼,39.4,3.0,2025-11-30 16:52:00,6
S000476,2025-11-30,access,图书馆,0.0,1.0,2025-11-30 18:55:00,6
S000477,2025-09-23,access,图书馆,0.0,1.0,2025-09-23 13:25:00,1
S000477,2025-10-03,consumption,食堂三楼,17.93,2.0,2025-10-03 15:29:00,4
S000477,2025-10-05,consumption,快递点,2.24,3.0,2025-10-05 23:15:00,6
S000477,2025-10-28,consumption,浴室,3.42,1.0,2025-10-28 16:42:00,1
S000477,2025-10-30,access,宿舍楼,0.0,1.0,2025-10-30 08:54:00,3
S000477,2025-11-05,access,图书馆,0.0,1.0,2025-11-05 10:13:00,2
S000477,2025-11-06,consumption,开水房,0.85,3.0,2025-11-06 12:44:00,3
S000477,2025-11-09,access,宿舍楼,0.0,1.0,2025-11-09 08:24:00,6
S000477,2025-11-13,consumption,快递点,4.86,2.0,2025-11-13 06:48:00,3
S000477,2025-11-26,consumption,校园超市,40.04,3.0,2025-11-26 20:39:00,2
S000478,2025-09-01,access,宿舍楼,3.855,1.0,2025-09-01 10:12:00,0
S000478,2025-09-08,consumption,食堂二楼,39.51,2.0,2025-09-08 08:24:00,0
S000478,2025-10-03,consumption,食堂三楼,35.25,1.0,2025-10-03 06:03:00,4
S000478,2025-10-11,access,宿舍楼,0.0,1.0,2025-10-11 14:21:00,5
S000478,2025-10-16,access,宿舍楼,0.0,1.0,2025-10-16 09:11:00,3
S000478,2025-10-20,consumption,食堂三楼,31.76,3.0,2025-10-20 19:51:00,0
S000478,2025-10-21,access,图书馆,31.735,1.0,2025-10-21 21:34:00,1
S000478,2025-10-22,consumption,食堂一楼,31.71,2.0,2025-10-22 16:22:00,2
S000478,2025-11-03,consumption,浴室,4.76,2.0,2025-11-03 16:48:00,0
S000478,2025-11-07,access,宿舍楼,0.0,1.0,2025-11-07 07:22:00,4
S000479,2025-09-04,access,宿舍楼,0.0,1.0,2025-09-04 08:13:00,3
S000479,2025-09-06,access,宿舍楼,0.0,1.0,2025-09-06 06:15:00,5
S000479,2025-09-10,consumption,食堂三楼,17.8,2.0,2025-09-10 16:06:00,2
S000479,2025-09-20,consumption,食堂三楼,30.45,2.0,2025-09-20 14:04:00,5
S000479,2025-09-26,consumption,校园超市,36.72,3.0,2025-09-26 19:01:00,4
S000479,2025-09-28,consumption,校园超市,51.99,1.0,2025-09-28 11:02:00,6
S000479,2025-10-23,consumption,浴室,1.84,2.0,2025-10-23 10:58:00,3
S000479,2025-11-05,consumption,校园超市,38.1,2.0,2025-11-05 06:09:00,2
S000479,2025-11-05,access,宿舍楼,0.0,1.0,2025-11-05 21:55:00,2
S000479,2025-11-28,consumption,食堂一楼,34.96,1.0,2025-11-28 23:14:00,4
S000480,2025-09-02,consumption,校园超市,19.66,3.0,2025-09-02 13:36:00,1
S000480,2025-09-09,access,宿舍楼,0.0,1.0,2025-09-09 21:55:00,1
S000480,2025-09-18,consumption,校园超市,17.63,2.0,2025-09-18 11:45:00,3
S000480,2025-10-03,consumption,食堂三楼,15.79,3.0,2025-10-03 23:02:00,4
S000480,2025-10-05,consumption,食堂一楼,29.25,3.0,2025-10-05 19:40:00,6
S000480,2025-10-11,access,宿舍楼,0.0,1.0,2025-10-11 12:22:00,5
S000480,2025-10-14,access,宿舍楼,0.0,1.0,2025-10-14 09:13:00,1
S000480,2025-10-17,consumption,食堂三楼,41.89,3.0,2025-10-17 06:19:00,4
S000480,2025-10-19,access,宿舍楼,0.0,1.0,2025-10-19 15:32:00,6
S000480,2025-11-13,access,图书馆,0.0,1.0,2025-11-13 21:17:00,3
S000481,2025-09-13,consumption,校园超市,17.89,3.0,2025-09-13 20:30:00,5
S000481,2025-09-18,consumption,食堂三楼,17.5,3.0,2025-09-18 06:29:00,3
S000481,2025-09-25,access,图书馆,0.0,1.0,2025-09-25 08:14:00,3
S000481,2025-09-30,access,宿舍楼,0.0,1.0,2025-09-30 22:38:00,1
S000481,2025-10-07,consumption,校园超市,10.66,2.0,2025-10-07 17:07:00,1
S000481,2025-10-11,access,宿舍楼,0.0,1.0,2025-10-11 22:51:00,5
S000481,2025-11-06,access,图书馆,0.0,1.0,2025-11-06 21:38:00,3
S000481,2025-11-18,consumption,食堂二楼,16.9,3.0,2025-11-18 07:51:00,1
S000481,2025-11-24,consumption,浴室,4.55,3.0,2025-11-24 14:58:00,0
S000481,2025-11-27,consumption,食堂二楼,21.03,1.0,2025-11-27 06:32:00,3
S000482,2025-09-01,consumption,食堂二楼,24.55,3.0,2025-09-01 12:42:00,0
S000482,2025-09-03,access,图书馆,0.0,1.0,2025-09-03 11:08:00,2
S000482,2025-09-29,consumption,校园超市,2.21,1.0,2025-09-29 17:46:00,0
S000482,2025-10-06,consumption,校园超市,4.42,1.0,2025-10-06 13:41:00,0
S000482,2025-10-14,consumption,校园超市,10.45,3.0,2025-10-14 23:37:00,1
S000482,2025-11-01,consumption,浴室,1.44,2.0,2025-11-01 12:44:00,5
S000482,2025-11-04,consumption,快递点,1.16,2.0,2025-11-04 17:52:00,1
S000482,2025-11-07,access,图书馆,0.0,1.0,2025-11-07 15:34:00,4
S000482,2025-11-10,consumption,浴室,3.91,1.0,2025-11-10 20:26:00,0
S000482,2025-11-22,access,图书馆,0.0,1.0,2025-11-22 13:05:00,5
S000483,2025-09-16,consumption,浴室,4.76,1.0,2025-09-16 10:56:00,1
S000483,2025-09-22,consumption,开水房,4.22,1.0,2025-09-22 07:45:00,0
S000483,2025-10-25,consumption,食堂三楼,34.11,3.0,2025-10-25 23:40:00,5
S000483,2025-10-29,access,图书馆,0.0,1.0,2025-10-29 18:30:00,2
S000483,2025-11-03,consumption,食堂二楼,10.98,3.0,2025-11-03 22:04:00,0
S000483,2025-11-05,consumption,浴室,0.79,2.0,2025-11-05 07:35:00,2
S000483,2025-11-09,consumption,开水房,0.68,2.0,2025-11-09 12:29:00,6
S000483,2025-11-14,consumption,食堂三楼,39.2,1.0,2025-11-14 20:26:00,4
S000483,2025-11-14,consumption,浴室,4.94,3.0,2025-11-14 18:10:00,4
S000483,2025-11-21,consumption,开水房,4.5,2.0,2025-11-21 20:28:00,4
S000484,2025-09-15,access,图书馆,0.0,1.0,2025-09-15 18:54:00,0
S000484,2025-09-16,consumption,浴室,1.09,2.0,2025-09-16 10:37:00,1
S000484,2025-09-18,access,图书馆,0.0,1.0,2025-09-18 18:52:00,3
S000484,2025-09-20,access,宿舍楼,0.0,1.0,2025-09-20 18:05:00,5
S000484,2025-09-20,consumption,校园超市,10.86,3.0,2025-09-20 09:11:00,5
S000484,2025-10-13,access,图书馆,0.0,2.0,2025-10-13 10:59:00,0
S000484,2025-10-22,access,图书馆,0.0,1.0,2025-10-22 16:16:00,2
S000484,2025-11-02,consumption,校园超市,9.47,2.0,2025-11-02 07:55:00,6
S000484,2025-11-10,consumption,校园超市,6.16,1.0,2025-11-10 22:01:00,0
S000484,2025-11-12,consumption,浴室,2.85,2.0,2025-11-12 09:32:00,2
S000485,2025-09-06,consumption,食堂三楼,37.14,1.0,2025-09-06 19:31:00,5
S000485,2025-09-12,consumption,浴室,3.22,3.0,2025-09-12 13:33:00,4
S000485,2025-10-01,access,图书馆,0.0,1.0,2025-10-01 21:51:00,2
S000485,2025-10-12,consumption,浴室,10.745,3.0,2025-10-12 13:12:00,6
S000485,2025-10-13,consumption,食堂一楼,21.49,3.0,2025-10-13 16:28:00,0
S000485,2025-10-14,consumption,校园超市,17.2,1.0,2025-10-14 21:28:00,1
S000485,2025-11-11,consumption,浴室,3.23,1.0,2025-11-11 13:17:00,1
S000485,2025-11-24,access,图书馆,0.0,1.0,2025-11-24 09:20:00,0
S000485,2025-11-26,access,宿舍楼,0.0,1.0,2025-11-26 10:41:00,2
S000485,2025-11-30,consumption,快递点,2.46,2.0,2025-11-30 20:58:00,6
S000486,2025-09-09,consumption,校园超市,4.04,1.0,2025-09-09 09:48:00,1
S000486,2025-09-19,consumption,食堂三楼,13.2,3.0,2025-09-19 14:22:00,4
S000486,2025-09-20,access,宿舍楼,0.0,1.0,2025-09-20 07:12:00,5
S000486,2025-10-06,access,宿舍楼,0.0,1.0,2025-10-06 14:02:00,0
S000486,2025-10-08,consumption,快递点,4.95,2.0,2025-10-08 19:19:00,2
S000486,2025-10-10,consumption,浴室,2.92,1.0,2025-10-10 08:19:00,4
S000486,2025-10-21,access,图书馆,0.0,1.0,2025-10-21 19:02:00,1
S000486,2025-10-22,consumption,校园超市,33.39,1.0,2025-10-22 16:40:00,2
S000486,2025-10-25,consumption,食堂三楼,25.28,2.0,2025-10-25 21:36:00,5
S000486,2025-11-14,consumption,快递点,2.53,2.0,2025-11-14 23:03:00,4
S000487,2025-09-03,consumption,食堂二楼,28.18,1.0,2025-09-03 16:30:00,2
S000487,2025-09-14,consumption,浴室,3.98,1.0,2025-09-14 07:08:00,6
S000487,2025-09-21,consumption,开水房,3.51,3.0,2025-09-21 20:14:00,6
S000487,2025-09-28,access,图书馆,0.0,1.0,2025-09-28 21:07:00,6
S000487,2025-10-09,consumption,快递点,4.97,2.0,2025-10-09 08:35:00,3
S000487,2025-10-15,consumption,食堂三楼,12.75,2.0,2025-10-15 13:37:00,2
S000487,2025-10-16,consumption,校园超市,59.65,2.0,2025-10-16 20:45:00,3
S000487,2025-10-26,access,图书馆,0.0,1.0,2025-10-26 15:58:00,6
S000487,2025-11-12,access,宿舍楼,0.0,1.0,2025-11-12 23:23:00,2
S000487,2025-11-30,consumption,开水房,1.24,1.0,2025-11-30 13:11:00,6
S000488,2025-09-08,access,宿舍楼,0.0,1.0,2025-09-08 23:13:00,0
S000488,2025-09-09,consumption,食堂三楼,5.42,1.0,2025-09-09 11:57:00,1
S000488,2025-09-17,consumption,开水房,4.37,3.0,2025-09-17 18:18:00,2
S000488,2025-09-22,consumption,开水房,0.92,3.0,2025-09-22 23:04:00,0
S000488,2025-09-23,access,宿舍楼,0.0,1.0,2025-09-23 17:34:00,1
S000488,2025-09-27,consumption,快递点,2.23,2.0,2025-09-27 14:24:00,5
S000488,2025-10-07,consumption,开水房,2.69,3.0,2025-10-07 09:27:00,1
S000488,2025-10-09,access,宿舍楼,0.0,1.0,2025-10-09 18:44:00,3
S000488,2025-11-22,access,宿舍楼,0.0,1.0,2025-11-22 09:14:00,5
S000488,2025-11-28,consumption,校园超市,23.27,2.0,2025-11-28 06:47:00,4
S000489,2025-09-01,consumption,食堂三楼,27.24,3.0,2025-09-01 18:58:00,0
S000489,2025-09-10,access,图书馆,0.0,1.0,2025-09-10 19:28:00,2
S000489,2025-09-17,consumption,开水房,4.9,2.0,2025-09-17 23:02:00,2
S000489,2025-09-20,consumption,快递点,3.35,3.0,2025-09-20 06:36:00,5
S000489,2025-09-25,consumption,校园超市,54.12,2.0,2025-09-25 09:38:00,3
S000489,2025-10-01,consumption,快递点,4.78,1.0,2025-10-01 10:50:00,2
S000489,2025-10-19,access,宿舍楼,0.0,1.0,2025-10-19 19:04:00,6
S000489,2025-10-25,consumption,校园超市,13.55,2.0,2025-10-25 17:39:00,5
S000489,2025-11-22,consumption,开水房,36.955,1.0,2025-11-22 23:57:00,5
S000489,2025-11-25,consumption,食堂二楼,60.36,1.0,2025-11-25 06:51:00,1
S000490,2025-09-03,consumption,快递点,2.54,1.0,2025-09-03 16:09:00,2
S000490,2025-09-12,consumption,食堂一楼,31.59,1.0,2025-09-12 12:59:00,4
S000490,2025-09-24,consumption,校园超市,29.4,2.0,2025-09-24 14:51:00,2
S000490,2025-10-09,access,宿舍楼,0.0,1.0,2025-10-09 19:56:00,3
S000490,2025-10-10,consumption,快递点,2.2,1.0,2025-10-10 09:35:00,4
S000490,2025-10-20,consumption,快递点,1.08,1.0,2025-10-20 08:36:00,0
S000490,2025-11-14,access,宿舍楼,0.0,1.0,2025-11-14 18:57:00,4
S000490,2025-11-18,consumption,食堂二楼,36.73,2.0,2025-11-18 08:29:00,1
S000490,2025-11-18,consumption,食堂三楼,15.08,3.0,2025-11-18 11:40:00,1
S000490,2025-11-21,consumption,快递点,2.32,3.0,2025-11-21 15:01:00,4
S000491,2025-09-02,consumption,食堂三楼,3.855,1.0,2025-09-02 20:31:00,1
S000491,2025-09-09,access,图书馆,0.0,1.0,2025-09-09 21:59:00,1
S000491,2025-10-04,consumption,浴室,2.56,3.0,2025-10-04 20:37:00,5
S000491,2025-10-05,access,宿舍楼,0.0,1.0,2025-10-05 23:25:00,6
S000491,2025-10-11,consumption,食堂二楼,3.855,3.0,2025-10-11 06:18:00,5
S000491,2025-10-17,consumption,开水房,3.83,1.0,2025-10-17 17:43:00,4
S000491,2025-10-31,access,图书馆,0.0,1.0,2025-10-31 09:16:00,4
S000491,2025-11-01,consumption,浴室,4.6,1.5,2025-11-01 06:19:00,5
S000491,2025-11-01,consumption,快递点,1.39,2.0,2025-11-01 08:07:00,5
S000491,2025-11-10,consumption,食堂二楼,41.68,2.0,2025-11-10 16:21:00,0
S000492,2025-09-10,consumption,食堂三楼,18.88,1.0,2025-09-10 12:00:00,2
S000492,2025-09-13,access,宿舍楼,0.0,1.0,2025-09-13 13:05:00,5
S000492,2025-10-03,consumption,校园超市,11.52,3.0,2025-10-03 19:10:00,4
S000492,2025-10-10,consumption,食堂一楼,10.13,2.0,2025-10-10 08:04:00,4
S000492,2025-10-25,consumption,食堂三楼,19.99,2.0,2025-10-25 07:26:00,5
S000492,2025-10-29,consumption,浴室,3.52,3.0,2025-10-29 22:20:00,2
S000492,2025-11-20,consumption,快递点,0.57,3.0,2025-11-20 08:35:00,3
S000492,2025-11-22,consumption,快递点,0.51,2.0,2025-11-22 12:15:00,5
S000492,2025-11-23,consumption,食堂一楼,19.02,2.5,2025-11-23 12:03:00,6
S000492,2025-11-29,consumption,食堂三楼,24.22,3.0,2025-11-29 07:03:00,5
S000493,2025-09-05,consumption,食堂一楼,24.54,2.0,2025-09-05 16:47:00,4
S000493,2025-09-13,consumption,快递点,1.19,2.0,2025-09-13 19:30:00,5
S000493,2025-09-18,consumption,食堂一楼,20.82,2.0,2025-09-18 13:55:00,3
S000493,2025-10-02,consumption,开水房,2.84,1.0,2025-10-02 10:54:00,3
S000493,2025-10-22,consumption,食堂二楼,9.55,1.0,2025-10-22 07:11:00,2
S000493,2025-11-04,consumption,食堂三楼,16.26,3.0,2025-11-04 16:58:00,1
S000493,2025-11-15,consumption,食堂一楼,24.42,1.0,2025-11-15 18:27:00,5
S000493,2025-11-15,consumption,开水房,1.29,2.0,2025-11-15 18:08:00,5
S000493,2025-11-23,consumption,开水房,3.83,1.0,2025-11-23 08:07:00,6
S000493,2025-11-29,consumption,食堂三楼,42.97,1.0,2025-11-29 11:18:00,5
S000494,2025-09-07,access,宿舍楼,0.0,1.0,2025-09-07 13:27:00,6
S000494,2025-09-13,consumption,开水房,1.28,1.0,2025-09-13 22:24:00,5
S000494,2025-09-15,access,图书馆,0.0,1.0,2025-09-15 11:46:00,0
S000494,2025-09-17,consumption,食堂二楼,37.06,1.0,2025-09-17 18:19:00,2
S000494,2025-09-27,consumption,食堂三楼,26.51,1.0,2025-09-27 13:36:00,5
S000494,2025-10-09,consumption,校园超市,10.04,1.0,2025-10-09 11:16:00,3
S000494,2025-10-29,consumption,校园超市,15.75,3.0,2025-10-29 13:17:00,2
S000494,2025-11-14,consumption,校园超市,11.86,1.0,2025-11-14 14:11:00,4
S000494,2025-11-16,consumption,快递点,4.37,3.0,2025-11-16 15:21:00,6
S000494,2025-11-24,consumption,开水房,3.31,1.0,2025-11-24 21:53:00,0
S000495,2025-09-30,consumption,快递点,3.98,2.0,2025-09-30 11:24:00,1
S000495,2025-10-02,access,图书馆,0.0,1.0,2025-10-02 17:58:00,3
S000495,2025-10-07,access,宿舍楼,0.0,1.0,2025-10-07 18:27:00,1
S000495,2025-10-11,consumption,食堂三楼,37.99,1.0,2025-10-11 23:37:00,5
S000495,2025-10-14,access,图书馆,0.0,1.0,2025-10-14 12:12:00,1
S000495,2025-10-18,consumption,校园超市,13.72,3.0,2025-10-18 17:10:00,5
S000495,2025-10-22,consumption,食堂三楼,12.52,3.0,2025-10-22 08:17:00,2
S000495,2025-10-24,consumption,食堂一楼,16.29,2.0,2025-10-24 21:50:00,4
S000495,2025-11-02,access,宿舍楼,0.0,1.0,2025-11-02 11:23:00,6
S000495,2025-11-29,consumption,校园超市,24.78,1.0,2025-11-29 23:56:00,5
S000496,2025-09-21,consumption,快递点,3.4,2.0,2025-09-21 12:47:00,6
S000496,2025-10-16,access,图书馆,0.0,1.0,2025-10-16 09:25:00,3
S000496,2025-11-05,consumption,开水房,2.58,1.0,2025-11-05 13:01:00,2
S000496,2025-11-08,consumption,浴室,2.62,3.0,2025-11-08 13:39:00,5
S000496,2025-11-15,consumption,食堂一楼,27.03,2.0,2025-11-15 21:05:00,5
S000496,2025-11-17,access,图书馆,0.0,1.0,2025-11-17 14:06:00,0
S000496,2025-11-20,consumption,食堂二楼,37.54,2.0,2025-11-20 14:13:00,3
S000496,2025-11-24,consumption,浴室,1.98,3.0,2025-11-24 19:15:00,0
S000496,2025-11-25,consumption,校园超市,18.0,1.0,2025-11-25 18:46:00,1
S000496,2025-11-30,access,宿舍楼,0.0,1.0,2025-11-30 21:59:00,6
S000497,2025-09-08,consumption,食堂二楼,29.82,1.0,2025-09-08 09:17:00,0
S000497,2025-09-17,access,宿舍楼,0.0,1.0,2025-09-17 18:50:00,2
S000497,2025-09-18,consumption,食堂三楼,23.3,3.0,2025-09-18 12:07:00,3
S000497,2025-09-18,access,宿舍楼,0.0,1.0,2025-09-18 06:13:00,3
S000497,2025-09-26,consumption,食堂三楼,28.01,2.0,2025-09-26 18:11:00,4
S000497,2025-10-12,consumption,快递点,1.15,3.0,2025-10-12 11:24:00,6
S000497,2025-10-21,access,宿舍楼,0.0,1.0,2025-10-21 22:54:00,1
S000497,2025-11-03,access,宿舍楼,0.0,1.0,2025-11-03 10:24:00,0
S000497,2025-11-08,consumption,快递点,2.67,3.0,2025-11-08 06:35:00,5
S000497,2025-11-29,consumption,快递点,2.32,1.0,2025-11-29 09:29:00,5
S000498,2025-09-11,consumption,食堂二楼,7.25,2.0,2025-09-11 14:13:00,3
S000498,2025-09-13,consumption,快递点,3.04,3.0,2025-09-13 14:05:00,5
S000498,2025-09-22,consumption,快递点,3.07,1.0,2025-09-22 18:49:00,0
S000498,2025-09-27,access,宿舍楼,0.0,1.0,2025-09-27 23:50:00,5
S000498,2025-09-28,consumption,浴室,1.0,1.0,2025-09-28 18:06:00,6
S000498,2025-10-02,consumption,食堂三楼,18.33,3.0,2025-10-02 07:48:00,3
S000498,2025-10-20,access,宿舍楼,0.0,1.0,2025-10-20 08:39:00,0
S000498,2025-10-23,consumption,开水房,0.62,3.0,2025-10-23 23:14:00,3
S000498,2025-10-31,access,宿舍楼,0.62,1.0,2025-10-31 21:42:00,4
S000498,2025-11-25,consumption,开水房,0.62,3.0,2025-11-25 19:44:00,1
S000499,2025-09-04,consumption,食堂三楼,38.98,3.0,2025-09-04 11:57:00,3
S000499,2025-09-05,consumption,浴室,4.24,2.0,2025-09-05 19:59:00,4
S000499,2025-09-08,access,宿舍楼,0.0,1.0,2025-09-08 21:38:00,0
S000499,2025-09-10,consumption,开水房,2.65,3.0,2025-09-10 09:31:00,2
S000499,2025-09-16,consumption,浴室,5.0,3.0,2025-09-16 08:56:00,1
S000499,2025-09-20,access,图书馆,0.0,1.0,2025-09-20 13:12:00,5
S000499,2025-09-26,consumption,开水房,4.71,2.0,2025-09-26 23:16:00,4
S000499,2025-09-28,consumption,食堂三楼,22.94,3.0,2025-09-28 08:06:00,6
S000499,2025-10-22,consumption,食堂三楼,49.97,2.5,2025-10-22 08:49:00,2
S000499,2025-11-19,consumption,食堂二楼,39.75,2.0,2025-11-19 10:07:00,2
S000500,2025-09-18,access,图书馆,0.0,1.0,2025-09-18 17:43:00,3
S000500,2025-10-10,access,图书馆,0.0,1.0,2025-10-10 10:19:00,4
S000500,2025-10-30,consumption,食堂一楼,45.52,1.0,2025-10-30 22:35:00,3
S000500,2025-11-01,consumption,开水房,4.48,2.0,2025-11-01 09:13:00,5
S000500,2025-11-05,consumption,校园超市,23.52,2.0,2025-11-05 19:12:00,2
S000500,2025-11-08,consumption,开水房,1.85,1.0,2025-11-08 21:59:00,5
S000500,2025-11-15,consumption,浴室,2.22,1.0,2025-11-15 16:50:00,5
S000500,2025-11-17,consumption,浴室,4.05,1.0,2025-11-17 07:58:00,0
S000500,2025-11-23,consumption,食堂一楼,25.64,1.0,2025-11-23 10:53:00,6
S000500,2025-11-29,consumption,浴室,1.46,2.0,2025-11-29 21:54:00,5
