student_id,post_time,platform,text_content,emotion_label,tokenized_text
S000001,2025-09-01 05:44:00,校园论坛,期末复习太累了，脑子转不动。,negative,期末复习太累了 脑子转不动
S000001,2025-09-04 02:13:00,匿名留言板,和新同学认识聊得很愉快，交到了新朋友。,positive,和新同学认识聊得很愉快 交到了新朋友
S000001,2025-09-14 21:47:00,校园论坛,图书馆九点闭馆，需要早点去。 希望明天会更好,neutral,图书馆九点闭馆 需要早点去 希望明天会更好
S000001,2025-10-14 03:05:00,匿名留言板,生活费快花完了，又不好意思向家里要... #校园生活,negative,生活费快花完了 又不好意思向家里要
S000001,2025-11-21 03:01:00,校园论坛,今天作业不多，可以早点休息。,neutral,今天作业不多 可以早点休息
S000001,2025-11-23 22:34:00,校园论坛,最近总是莫名的焦虑不安。 希望明天会更好,negative,最近总是莫名的焦虑不安 希望明天会更好
S000002,2025-09-06 21:14:00,树洞,图书馆九点闭馆，需要早点去。,neutral,图书馆九点闭馆 需要早点去
S000002,2025-09-06 23:29:00,匿名留言板,人际交往好复杂，感觉好累。,negative,人际交往好复杂 感觉好累
S000002,2025-09-27 21:17:00,匿名留言板,图书馆九点闭馆，需要早点去。 希望明天会更好,neutral,图书馆九点闭馆 需要早点去 希望明天会更好
S000002,2025-10-19 08:29:00,校园论坛,室友今天生日，准备买个蛋糕。,neutral,室友今天生日 准备买个蛋糕
S000002,2025-11-08 23:15:00,树洞,图书馆的氛围很好，学习效率很高。 #日常,positive,图书馆的氛围很好 学习效率很高
S000002,2025-11-20 19:56:00,匿名留言板,图书馆二楼的自习室比较安静。,neutral,图书馆二楼的自习室比较安静
S000003,2025-09-05 10:25:00,树洞,周末和室友一起去看了电影，很放松！ 希望明天会更好,positive,周末和室友一起去看了电影 很放松 希望明天会更好
S000003,2025-09-07 03:09:00,校园论坛,手机内存不够了，需要清理一下。 希望明天会更好,neutral,手机内存不够了 需要清理一下 希望明天会更好
S000003,2025-10-02 23:35:00,树洞,今天摔了一跤，膝盖好疼... #今天,negative,今天摔了一跤 膝盖好疼
S000003,2025-10-11 06:41:00,校园论坛,最近总是莫名的焦虑不安。,negative,最近总是莫名的焦虑不安
S000003,2025-10-22 11:14:00,校园论坛,这周生活费还剩一半，需要省着点花。 分享给大家~,neutral,这周生活费还剩一半 需要省着点花 分享给大家
S000003,2025-11-21 22:35:00,校园论坛,今天的阳光很温暖，适合出去走走。,positive,今天的阳光很温暖 适合出去走走
S000004,2025-09-15 21:56:00,校园论坛,期末复习太累了，脑子转不动。 给自己加油！,negative,期末复习太累了 脑子转不动 给自己加油
S000004,2025-10-08 13:10:00,匿名留言板,期末复习太累了，脑子转不动。 分享给大家~,negative,期末复习太累了 脑子转不动 分享给大家
S000004,2025-10-18 05:34:00,匿名留言板,耳机丢了，最近只能外放了。,neutral,耳机丢了 最近只能外放了
S000004,2025-10-19 19:29:00,匿名留言板,感觉和周围的人格格不入。,negative,感觉和周围的人格格不入
S000004,2025-11-02 00:07:00,校园论坛,学校最近在举办运动会报名。,neutral,学校最近在举办运动会报名
S000004,2025-11-04 03:55:00,校园论坛,耳机丢了，最近只能外放了。 希望明天会更好,neutral,耳机丢了 最近只能外放了 希望明天会更好
S000005,2025-09-01 02:45:00,树洞,今天作业不多，可以早点休息。,neutral,今天作业不多 可以早点休息
S000005,2025-09-17 21:30:00,匿名留言板,天气预报说明天会下雨，记得带伞。 #日常,neutral,天气预报说明天会下雨 记得带伞
S000005,2025-09-29 02:21:00,匿名留言板,今天被老师表扬了，有点小骄傲！,positive,今天被老师表扬了 有点小骄傲
S000005,2025-11-12 02:05:00,匿名留言板,图书馆九点闭馆，需要早点去。 分享给大家~,neutral,图书馆九点闭馆 需要早点去 分享给大家
S000005,2025-11-17 13:13:00,校园论坛,周末打算去超市买点日用品。 加油！,neutral,周末打算去超市买点日用品 加油
S000005,2025-11-25 20:23:00,校园论坛,论文写不出来，deadline又快到了。 #记录,negative,论文写不出来 又快到了 deadline
S000006,2025-09-07 21:41:00,校园论坛,明天有小组会议，要准备一下PPT。,neutral,明天有小组会议 要准备一下 ppt
S000006,2025-09-13 21:27:00,树洞,每天都很忙碌但又觉得没有意义... #记录,negative,每天都很忙碌但又觉得没有意义
S000006,2025-09-24 08:29:00,树洞,和朋友们一起吃饭好开心呀！ #记录,positive,和朋友们一起吃饭好开心呀
S000006,2025-10-13 02:32:00,匿名留言板,小组项目进展顺利，大家配合得很好。,positive,小组项目进展顺利 大家配合得很好
S000006,2025-10-14 03:15:00,校园论坛,今天被老师表扬了，有点小骄傲！ #记录,positive,今天被老师表扬了 有点小骄傲
S000006,2025-11-13 18:30:00,校园论坛,小组项目进展顺利，大家配合得很好。 #今天,positive,小组项目进展顺利 大家配合得很好
S000007,2025-09-07 18:30:00,校园论坛,论文写不出来，deadline又快到了。,negative,论文写不出来 又快到了 deadline
S000007,2025-09-22 12:00:00,校园论坛,下个月有英语四级考试，要开始准备了。 #记录,neutral,下个月有英语四级考试 要开始准备了
S000007,2025-09-28 01:37:00,校园论坛,食堂今天的菜色和昨天差不多。 加油！,neutral,食堂今天的菜色和昨天差不多 加油
S000007,2025-10-01 05:26:00,树洞,感觉自己什么都做不好，好失败... #今天,negative,感觉自己什么都做不好 好失败
S000007,2025-11-10 03:03:00,树洞,电脑风扇声音很大，该清灰了。,neutral,电脑风扇声音很大 该清灰了
S000007,2025-11-29 23:50:00,校园论坛,被同学误会了，解释也没人听...,negative,被同学误会了 解释也没人听
S000008,2025-09-06 19:05:00,匿名留言板,今天摔了一跤，膝盖好疼... 希望明天会更好,negative,今天摔了一跤 膝盖好疼 希望明天会更好
S000008,2025-10-01 12:07:00,匿名留言板,图书馆二楼的自习室比较安静。,neutral,图书馆二楼的自习室比较安静
S000008,2025-10-04 06:42:00,校园论坛,今天作业不多，可以早点休息。 #日常,neutral,今天作业不多 可以早点休息
S000008,2025-11-05 02:54:00,匿名留言板,和新同学认识聊得很愉快，交到了新朋友。,positive,和新同学认识聊得很愉快 交到了新朋友
S000008,2025-11-12 03:04:00,校园论坛,论文写不出来，deadline又快到了。 #日常,negative,论文写不出来 又快到了 deadline
S000008,2025-11-25 20:19:00,校园论坛,最近压力好大，睡不着觉。,negative,最近压力好大 睡不着觉
S000009,2025-09-07 02:40:00,校园论坛,期末复习太累了，脑子转不动。,negative,期末复习太累了 脑子转不动
S000009,2025-09-14 23:35:00,校园论坛,和同学讨论问题很有收获，团队合作很重要。 希望明天会更好,positive,和同学讨论问题很有收获 团队合作很重要 希望明天会更好
S000009,2025-10-14 06:43:00,校园论坛,下个月有英语四级考试，要开始准备了。 分享给大家~,neutral,下个月有英语四级考试 要开始准备了 分享给大家
S000009,2025-10-15 02:56:00,校园论坛,和同学讨论问题很有收获，团队合作很重要。,positive,和同学讨论问题很有收获 团队合作很重要
S000009,2025-11-09 22:19:00,匿名留言板,耳机丢了，最近只能外放了。,neutral,耳机丢了 最近只能外放了
S000009,2025-11-10 09:59:00,校园论坛,这周生活费还剩一半，需要省着点花。 #日常,neutral,这周生活费还剩一半 需要省着点花
S000010,2025-09-06 11:13:00,匿名留言板,明天有小组会议，要准备一下PPT。 #校园生活,neutral,明天有小组会议 要准备一下 ppt
S000010,2025-09-17 20:16:00,匿名留言板,今天尝试了一道新菜，很成功！ 分享给大家~,positive,今天尝试了一道新菜 很成功 分享给大家
S000010,2025-09-23 13:01:00,树洞,今天的阳光很温暖，适合出去走走。 #今天,positive,今天的阳光很温暖 适合出去走走
S000010,2025-10-18 18:35:00,校园论坛,收到了心仪公司的offer，太激动了！,positive,收到了心仪公司的 太激动了 offer
S000010,2025-10-23 19:47:00,树洞,完成了一个月的早起打卡计划，坚持就是胜利！,positive,完成了一个月的早起打卡计划 坚持就是胜利
S000010,2025-11-11 00:07:00,校园论坛,收到了心仪公司的offer，太激动了！ 分享给大家~,positive,收到了心仪公司的 太激动了 分享给大家 offer
S000011,2025-09-09 08:22:00,树洞,下节课换到了更大的教室。 给自己加油！,neutral,下节课换到了更大的教室 给自己加油
S000011,2025-09-30 07:01:00,校园论坛,下节课换到了更大的教室。 #校园生活,neutral,下节课换到了更大的教室
S000011,2025-10-02 08:10:00,树洞,明天有小组会议，要准备一下PPT。 #今天,neutral,明天有小组会议 要准备一下 ppt
S000011,2025-10-04 01:06:00,匿名留言板,生活费快花完了，又不好意思向家里要... 加油！,negative,生活费快花完了 又不好意思向家里要 加油
S000011,2025-10-31 07:12:00,校园论坛,今天食堂推出了新菜品，排队的人很多。 #校园生活,neutral,今天食堂推出了新菜品 排队的人很多
S000011,2025-11-08 10:01:00,匿名留言板,今天的午餐特别好吃，食堂阿姨太棒了！,positive,今天的午餐特别好吃 食堂阿姨太棒了
S000012,2025-09-16 23:57:00,校园论坛,想家了，好想回家... 给自己加油！,negative,想家了 好想回家 给自己加油
S000012,2025-10-19 21:47:00,校园论坛,明天早八有课，要定闹钟了。 希望明天会更好,neutral,明天早八有课 要定闹钟了 希望明天会更好
S000012,2025-10-22 22:18:00,匿名留言板,感觉自己什么都做不好，好失败... #今天,negative,感觉自己什么都做不好 好失败
S000012,2025-10-26 19:32:00,校园论坛,解决了困扰我好久的问题，太开心了！,positive,解决了困扰我好久的问题 太开心了
S000012,2025-11-25 06:23:00,校园论坛,今天的课好难，完全听不懂。 希望明天会更好,negative,今天的课好难 完全听不懂 希望明天会更好
S000012,2025-11-30 13:00:00,匿名留言板,感觉和周围的人格格不入。 给自己加油！,negative,感觉和周围的人格格不入 给自己加油
S000013,2025-09-22 21:05:00,校园论坛,和新同学认识聊得很愉快，交到了新朋友。 #校园生活,positive,和新同学认识聊得很愉快 交到了新朋友
S000013,2025-10-01 21:19:00,校园论坛,周末和室友一起去看了电影，很放松！,positive,周末和室友一起去看了电影 很放松
S000013,2025-10-02 15:39:00,校园论坛,图书馆九点闭馆，需要早点去。 #记录,neutral,图书馆九点闭馆 需要早点去
S000013,2025-10-12 14:28:00,校园论坛,感觉自己什么都做不好，好失败... 分享给大家~,negative,感觉自己什么都做不好 好失败 分享给大家
S000013,2025-11-10 00:19:00,匿名留言板,收到了好朋友的礼物，感动！ 希望明天会更好,positive,收到了好朋友的礼物 感动 希望明天会更好
S000013,2025-11-20 18:12:00,校园论坛,下节课换到了更大的教室。 #记录,neutral,下节课换到了更大的教室
S000014,2025-09-19 20:44:00,校园论坛,运动完之后整个人都轻松了，强烈推荐大家多锻炼！ #今天,positive,运动完之后整个人都轻松了 强烈推荐大家多锻炼
S000014,2025-10-02 20:17:00,匿名留言板,耳机丢了，最近只能外放了。 #记录,neutral,耳机丢了 最近只能外放了
S000014,2025-10-27 19:52:00,树洞,耳机丢了，最近只能外放了。 #今天,neutral,耳机丢了 最近只能外放了
S000014,2025-10-30 21:33:00,树洞,明天早八有课，要定闹钟了。 #校园生活,neutral,明天早八有课 要定闹钟了
S000014,2025-11-10 14:57:00,校园论坛,小组项目进展顺利，大家配合得很好。 #记录,positive,小组项目进展顺利 大家配合得很好
S000014,2025-11-29 16:29:00,校园论坛,完成了一个月的早起打卡计划，坚持就是胜利！,positive,完成了一个月的早起打卡计划 坚持就是胜利
S000015,2025-09-27 13:24:00,校园论坛,图书馆二楼的自习室比较安静。 加油！,neutral,图书馆二楼的自习室比较安静 加油
S000015,2025-09-28 02:26:00,校园论坛,感觉和周围的人格格不入。 #记录,negative,感觉和周围的人格格不入
S000015,2025-10-06 14:04:00,校园论坛,今天作业不多，可以早点休息。 #日常,neutral,今天作业不多 可以早点休息
S000015,2025-10-24 17:47:00,校园论坛,明天早八有课，要定闹钟了。,neutral,明天早八有课 要定闹钟了
S000015,2025-11-09 02:08:00,校园论坛,图书馆的氛围很好，学习效率很高。 加油！,positive,图书馆的氛围很好 学习效率很高 加油
S000015,2025-11-13 12:30:00,匿名留言板,完成了所有作业，可以好好休息一下了。 #日常,positive,完成了所有作业 可以好好休息一下了
S000016,2025-10-05 13:31:00,匿名留言板,今天的阳光很温暖，适合出去走走。 给自己加油！,positive,今天的阳光很温暖 适合出去走走 给自己加油
S000016,2025-10-14 12:17:00,树洞,手机内存不够了，需要清理一下。 #日常,neutral,手机内存不够了 需要清理一下
S000016,2025-10-21 18:36:00,校园论坛,图书馆九点闭馆，需要早点去。 给自己加油！,neutral,图书馆九点闭馆 需要早点去 给自己加油
S000016,2025-10-22 23:10:00,匿名留言板,这周生活费还剩一半，需要省着点花。 希望明天会更好,neutral,这周生活费还剩一半 需要省着点花 希望明天会更好
S000016,2025-10-30 05:03:00,校园论坛,今天的阳光很温暖，适合出去走走。,positive,今天的阳光很温暖 适合出去走走
S000016,2025-10-31 00:47:00,匿名留言板,生活费快花完了，又不好意思向家里要...,negative,生活费快花完了 又不好意思向家里要
S000017,2025-09-15 05:19:00,匿名留言板,今天天气真好，心情也很棒！ #日常,positive,今天天气真好 心情也很棒
S000017,2025-10-02 03:44:00,匿名留言板,明天早八有课，要定闹钟了。,neutral,明天早八有课 要定闹钟了
S000017,2025-10-19 12:45:00,树洞,解决了困扰我好久的问题，太开心了！ 加油！,positive,解决了困扰我好久的问题 太开心了 加油
S000017,2025-10-30 22:16:00,匿名留言板,天气预报说明天会下雨，记得带伞。 希望明天会更好,neutral,天气预报说明天会下雨 记得带伞 希望明天会更好
S000017,2025-11-19 04:15:00,树洞,运动完之后整个人都轻松了，强烈推荐大家多锻炼！ 希望明天会更好,positive,运动完之后整个人都轻松了 强烈推荐大家多锻炼 希望明天会更好
S000017,2025-11-23 01:48:00,树洞,完成了一个月的早起打卡计划，坚持就是胜利！,positive,完成了一个月的早起打卡计划 坚持就是胜利
S000018,2025-10-02 14:36:00,校园论坛,下节课换到了更大的教室。 #校园生活,neutral,下节课换到了更大的教室
S000018,2025-10-14 00:54:00,校园论坛,被同学误会了，解释也没人听...,negative,被同学误会了 解释也没人听
S000018,2025-10-17 20:57:00,校园论坛,这周生活费还剩一半，需要省着点花。 #今天,neutral,这周生活费还剩一半 需要省着点花
S000018,2025-11-06 20:17:00,校园论坛,电脑风扇声音很大，该清灰了。 #记录,neutral,电脑风扇声音很大 该清灰了
S000018,2025-11-12 01:22:00,匿名留言板,生活费快花完了，又不好意思向家里要...,negative,生活费快花完了 又不好意思向家里要
S000018,2025-11-15 08:20:00,树洞,图书馆九点闭馆，需要早点去。 #日常,neutral,图书馆九点闭馆 需要早点去
S000019,2025-09-11 07:46:00,匿名留言板,感觉和周围的人格格不入。,negative,感觉和周围的人格格不入
S000019,2025-10-12 05:31:00,校园论坛,今天的午餐特别好吃，食堂阿姨太棒了！ #校园生活,positive,今天的午餐特别好吃 食堂阿姨太棒了
S000019,2025-10-22 22:15:00,校园论坛,今天摔了一跤，膝盖好疼... #校园生活,negative,今天摔了一跤 膝盖好疼
S000019,2025-11-07 11:27:00,校园论坛,电脑风扇声音很大，该清灰了。 #校园生活,neutral,电脑风扇声音很大 该清灰了
S000019,2025-11-16 22:56:00,树洞,今天天气真好，心情也很棒！ 分享给大家~,positive,今天天气真好 心情也很棒 分享给大家
S000019,2025-11-22 22:31:00,校园论坛,今天感觉好累，什么都不想做。,negative,今天感觉好累 什么都不想做
S000020,2025-09-13 06:18:00,校园论坛,今天上课老师讲的内容很有趣，学到了很多新知识。 #日常,positive,今天上课老师讲的内容很有趣 学到了很多新知识
S000020,2025-09-16 23:34:00,校园论坛,天气预报说明天会下雨，记得带伞。,neutral,天气预报说明天会下雨 记得带伞
S000020,2025-09-17 20:55:00,匿名留言板,明天有小组会议，要准备一下PPT。,neutral,明天有小组会议 要准备一下 ppt
S000020,2025-10-29 08:19:00,校园论坛,运动完之后整个人都轻松了，强烈推荐大家多锻炼！ 加油！,positive,运动完之后整个人都轻松了 强烈推荐大家多锻炼 加油
S000020,2025-11-01 08:46:00,校园论坛,论文写不出来，deadline又快到了。 希望明天会更好,negative,论文写不出来 又快到了 希望明天会更好 deadline
S000020,2025-11-08 04:17:00,校园论坛,考试终于结束了，感觉发挥得不错！ 分享给大家~,positive,考试终于结束了 感觉发挥得不错 分享给大家
S000021,2025-09-29 16:24:00,树洞,最近总是莫名的焦虑不安。 #日常,negative,最近总是莫名的焦虑不安
S000021,2025-10-02 03:35:00,匿名留言板,明天早八有课，要定闹钟了。 希望明天会更好,neutral,明天早八有课 要定闹钟了 希望明天会更好
S000021,2025-10-25 09:36:00,校园论坛,明天早八有课，要定闹钟了。 加油！,neutral,明天早八有课 要定闹钟了 加油
S000021,2025-10-31 15:28:00,树洞,考试没考好，心情很低落... #日常,negative,考试没考好 心情很低落
S000021,2025-11-01 03:52:00,匿名留言板,小组项目进展顺利，大家配合得很好。,positive,小组项目进展顺利 大家配合得很好
S000021,2025-11-27 01:09:00,校园论坛,解决了困扰我好久的问题，太开心了！ #日常,positive,解决了困扰我好久的问题 太开心了
S000022,2025-09-10 01:10:00,树洞,明天早八有课，要定闹钟了。 加油！,neutral,明天早八有课 要定闹钟了 加油
S000022,2025-09-10 21:14:00,树洞,图书馆二楼的自习室比较安静。 给自己加油！,neutral,图书馆二楼的自习室比较安静 给自己加油
S000022,2025-09-26 13:07:00,树洞,对未来很迷茫，不知道该怎么办。 #日常,negative,对未来很迷茫 不知道该怎么办
S000022,2025-09-27 20:13:00,校园论坛,和朋友们一起吃饭好开心呀！,positive,和朋友们一起吃饭好开心呀
S000022,2025-10-08 01:14:00,树洞,和同学讨论问题很有收获，团队合作很重要。 加油！,positive,和同学讨论问题很有收获 团队合作很重要 加油
S000022,2025-11-10 02:10:00,匿名留言板,今天尝试了一道新菜，很成功！ 加油！,positive,今天尝试了一道新菜 很成功 加油
S000023,2025-09-23 15:33:00,树洞,下个月有英语四级考试，要开始准备了。,neutral,下个月有英语四级考试 要开始准备了
S000023,2025-10-05 16:34:00,校园论坛,最近压力好大，睡不着觉。 希望明天会更好,negative,最近压力好大 睡不着觉 希望明天会更好
S000023,2025-10-07 14:07:00,校园论坛,想家了，好想回家... 加油！,negative,想家了 好想回家 加油
S000023,2025-10-26 20:52:00,校园论坛,最近压力好大，睡不着觉。 #记录,negative,最近压力好大 睡不着觉
S000023,2025-10-26 23:20:00,校园论坛,今天上了三节课，分别是高数、英语和体育。,neutral,今天上了三节课 分别是高数 英语和体育
S000023,2025-11-26 18:37:00,校园论坛,下个月有英语四级考试，要开始准备了。 希望明天会更好,neutral,下个月有英语四级考试 要开始准备了 希望明天会更好
S000024,2025-09-01 21:55:00,校园论坛,每天都很忙碌但又觉得没有意义...,negative,每天都很忙碌但又觉得没有意义
S000024,2025-10-11 08:20:00,树洞,图书馆的氛围很好，学习效率很高。 分享给大家~,positive,图书馆的氛围很好 学习效率很高 分享给大家
S000024,2025-10-13 10:42:00,校园论坛,今天上课老师讲的内容很有趣，学到了很多新知识。 #校园生活,positive,今天上课老师讲的内容很有趣 学到了很多新知识
S000024,2025-10-17 19:48:00,校园论坛,最近总是莫名的焦虑不安。,negative,最近总是莫名的焦虑不安
S000024,2025-11-03 09:42:00,校园论坛,电脑风扇声音很大，该清灰了。,neutral,电脑风扇声音很大 该清灰了
S000024,2025-11-10 04:59:00,校园论坛,小组项目进展顺利，大家配合得很好。,positive,小组项目进展顺利 大家配合得很好
S000025,2025-10-24 10:59:00,校园论坛,下个月有英语四级考试，要开始准备了。,neutral,下个月有英语四级考试 要开始准备了
S000025,2025-10-24 15:30:00,校园论坛,今天被老师表扬了，有点小骄傲！,positive,今天被老师表扬了 有点小骄傲
S000025,2025-11-10 13:05:00,树洞,运动完之后整个人都轻松了，强烈推荐大家多锻炼！ #记录,positive,运动完之后整个人都轻松了 强烈推荐大家多锻炼
S000025,2025-11-16 16:47:00,匿名留言板,图书馆九点闭馆，需要早点去。 #日常,neutral,图书馆九点闭馆 需要早点去
S000025,2025-11-20 19:51:00,匿名留言板,今天上课老师讲的内容很有趣，学到了很多新知识。 #日常,positive,今天上课老师讲的内容很有趣 学到了很多新知识
S000025,2025-11-22 04:31:00,匿名留言板,学校最近在举办运动会报名。 分享给大家~,neutral,学校最近在举办运动会报名 分享给大家
S000026,2025-10-09 18:37:00,校园论坛,下周有社团活动，需要招募志愿者。,neutral,下周有社团活动 需要招募志愿者
S000026,2025-10-12 06:44:00,树洞,图书馆的氛围很好，学习效率很高。,positive,图书馆的氛围很好 学习效率很高
S000026,2025-10-13 03:55:00,树洞,明天有小组会议，要准备一下PPT。 分享给大家~,neutral,明天有小组会议 要准备一下 分享给大家 ppt
S000026,2025-10-23 01:20:00,树洞,下节课换到了更大的教室。 #今天,neutral,下节课换到了更大的教室
S000026,2025-11-01 11:21:00,校园论坛,感觉和周围的人格格不入。 #今天,negative,感觉和周围的人格格不入
S000026,2025-11-23 04:31:00,树洞,这周生活费还剩一半，需要省着点花。 分享给大家~,neutral,这周生活费还剩一半 需要省着点花 分享给大家
S000027,2025-09-02 23:09:00,校园论坛,对未来很迷茫，不知道该怎么办。,negative,对未来很迷茫 不知道该怎么办
S000027,2025-09-09 07:40:00,匿名留言板,学校最近在举办运动会报名。,neutral,学校最近在举办运动会报名
S000027,2025-10-04 10:39:00,树洞,图书馆九点闭馆，需要早点去。 #校园生活,neutral,图书馆九点闭馆 需要早点去
S000027,2025-10-09 00:02:00,校园论坛,考试没考好，心情很低落... #日常,negative,考试没考好 心情很低落
S000027,2025-10-26 03:48:00,校园论坛,明天有小组会议，要准备一下PPT。 #记录,neutral,明天有小组会议 要准备一下 ppt
S000027,2025-11-08 12:20:00,校园论坛,下周有社团活动，需要招募志愿者。 分享给大家~,neutral,下周有社团活动 需要招募志愿者 分享给大家
S000028,2025-09-02 14:57:00,校园论坛,今天被老师表扬了，有点小骄傲！,positive,今天被老师表扬了 有点小骄傲
S000028,2025-09-22 05:05:00,匿名留言板,下节课换到了更大的教室。 希望明天会更好,neutral,下节课换到了更大的教室 希望明天会更好
S000028,2025-10-09 06:24:00,校园论坛,明天有小组会议，要准备一下PPT。,neutral,明天有小组会议 要准备一下 ppt
S000028,2025-10-15 18:19:00,校园论坛,手机内存不够了，需要清理一下。 加油！,neutral,手机内存不够了 需要清理一下 加油
S000028,2025-10-26 04:15:00,匿名留言板,今天摔了一跤，膝盖好疼... 给自己加油！,negative,今天摔了一跤 膝盖好疼 给自己加油
S000028,2025-11-03 18:09:00,校园论坛,今天的午餐特别好吃，食堂阿姨太棒了！ #记录,positive,今天的午餐特别好吃 食堂阿姨太棒了
S000029,2025-09-17 02:58:00,校园论坛,收到了好朋友的礼物，感动！,positive,收到了好朋友的礼物 感动
S000029,2025-10-03 21:48:00,校园论坛,这周生活费还剩一半，需要省着点花。 给自己加油！,neutral,这周生活费还剩一半 需要省着点花 给自己加油
S000029,2025-10-07 07:38:00,校园论坛,今天作业不多，可以早点休息。 给自己加油！,neutral,今天作业不多 可以早点休息 给自己加油
S000029,2025-10-16 18:18:00,树洞,学校最近在举办运动会报名。,neutral,学校最近在举办运动会报名
S000029,2025-11-20 20:02:00,匿名留言板,最近总是莫名的焦虑不安。,negative,最近总是莫名的焦虑不安
S000029,2025-11-24 12:17:00,匿名留言板,考试终于结束了，感觉发挥得不错！ 希望明天会更好,positive,考试终于结束了 感觉发挥得不错 希望明天会更好
S000030,2025-09-19 07:55:00,校园论坛,下节课换到了更大的教室。 分享给大家~,neutral,下节课换到了更大的教室 分享给大家
S000030,2025-10-21 00:16:00,匿名留言板,最近总是莫名的焦虑不安。 #校园生活,negative,最近总是莫名的焦虑不安
S000030,2025-10-31 00:39:00,树洞,电脑风扇声音很大，该清灰了。 #校园生活,neutral,电脑风扇声音很大 该清灰了
S000030,2025-11-01 09:47:00,树洞,明天有小组会议，要准备一下PPT。 #记录,neutral,明天有小组会议 要准备一下 ppt
S000030,2025-11-09 11:33:00,校园论坛,期末复习太累了，脑子转不动。,negative,期末复习太累了 脑子转不动
S000030,2025-11-26 08:37:00,匿名留言板,生活费快花完了，又不好意思向家里要...,negative,生活费快花完了 又不好意思向家里要
S000031,2025-09-15 03:15:00,校园论坛,这周生活费还剩一半，需要省着点花。 #今天,neutral,这周生活费还剩一半 需要省着点花
S000031,2025-09-20 13:41:00,校园论坛,小组项目进展顺利，大家配合得很好。 希望明天会更好,positive,小组项目进展顺利 大家配合得很好 希望明天会更好
S000031,2025-09-29 20:04:00,校园论坛,今天食堂推出了新菜品，排队的人很多。 加油！,neutral,今天食堂推出了新菜品 排队的人很多 加油
S000031,2025-10-06 01:44:00,树洞,最近总是莫名的焦虑不安。 #记录,negative,最近总是莫名的焦虑不安
S000031,2025-10-23 03:08:00,树洞,考试终于结束了，感觉发挥得不错！ #日常,positive,考试终于结束了 感觉发挥得不错
S000031,2025-11-25 23:44:00,匿名留言板,手机内存不够了，需要清理一下。 希望明天会更好,neutral,手机内存不够了 需要清理一下 希望明天会更好
S000032,2025-09-19 04:34:00,匿名留言板,今天上课老师讲的内容很有趣，学到了很多新知识。,positive,今天上课老师讲的内容很有趣 学到了很多新知识
S000032,2025-09-25 03:54:00,校园论坛,图书馆九点闭馆，需要早点去。 给自己加油！,neutral,图书馆九点闭馆 需要早点去 给自己加油
S000032,2025-09-30 10:49:00,校园论坛,和新同学认识聊得很愉快，交到了新朋友。,positive,和新同学认识聊得很愉快 交到了新朋友
S000032,2025-10-17 03:43:00,校园论坛,生活费快花完了，又不好意思向家里要...,negative,生活费快花完了 又不好意思向家里要
S000032,2025-11-12 06:04:00,匿名留言板,电脑风扇声音很大，该清灰了。,neutral,电脑风扇声音很大 该清灰了
S000032,2025-11-21 19:01:00,树洞,今天的阳光很温暖，适合出去走走。,positive,今天的阳光很温暖 适合出去走走
S000033,2025-09-04 01:30:00,校园论坛,手机内存不够了，需要清理一下。 给自己加油！,neutral,手机内存不够了 需要清理一下 给自己加油
S000033,2025-09-04 04:00:00,校园论坛,最近食欲不好，什么都不想吃。 希望明天会更好,negative,最近食欲不好 什么都不想吃 希望明天会更好
S000033,2025-09-09 15:28:00,校园论坛,耳机丢了，最近只能外放了。 希望明天会更好,neutral,耳机丢了 最近只能外放了 希望明天会更好
S000033,2025-09-23 08:03:00,校园论坛,收到了好朋友的礼物，感动！ 分享给大家~,positive,收到了好朋友的礼物 感动 分享给大家
S000033,2025-10-27 02:57:00,校园论坛,和新同学认识聊得很愉快，交到了新朋友。,positive,和新同学认识聊得很愉快 交到了新朋友
S000033,2025-11-04 07:39:00,校园论坛,天气凉爽，适合跑步，感觉状态很好。 #日常,positive,天气凉爽 适合跑步 感觉状态很好
S000034,2025-09-13 10:27:00,树洞,期末复习太累了，脑子转不动。 #校园生活,negative,期末复习太累了 脑子转不动
S000034,2025-09-15 20:41:00,树洞,电脑风扇声音很大，该清灰了。 加油！,neutral,电脑风扇声音很大 该清灰了 加油
S000034,2025-10-06 19:40:00,树洞,今天的课好难，完全听不懂。 #今天,negative,今天的课好难 完全听不懂
S000034,2025-10-26 14:56:00,校园论坛,今天的阳光很温暖，适合出去走走。 #记录,positive,今天的阳光很温暖 适合出去走走
S000034,2025-11-07 09:29:00,匿名留言板,每天都很忙碌但又觉得没有意义...,negative,每天都很忙碌但又觉得没有意义
S000034,2025-11-27 15:04:00,校园论坛,和朋友们一起吃饭好开心呀！,positive,和朋友们一起吃饭好开心呀
S000035,2025-09-16 13:22:00,校园论坛,手机内存不够了，需要清理一下。 加油！,neutral,手机内存不够了 需要清理一下 加油
S000035,2025-10-06 18:14:00,匿名留言板,电脑风扇声音很大，该清灰了。 希望明天会更好,neutral,电脑风扇声音很大 该清灰了 希望明天会更好
S000035,2025-10-07 19:19:00,校园论坛,今天摔了一跤，膝盖好疼... 分享给大家~,negative,今天摔了一跤 膝盖好疼 分享给大家
S000035,2025-10-18 04:35:00,校园论坛,今天被老师表扬了，有点小骄傲！ 分享给大家~,positive,今天被老师表扬了 有点小骄傲 分享给大家
S000035,2025-11-22 17:01:00,校园论坛,下个月有英语四级考试，要开始准备了。,neutral,下个月有英语四级考试 要开始准备了
S000035,2025-11-24 15:14:00,校园论坛,室友今天生日，准备买个蛋糕。 分享给大家~,neutral,室友今天生日 准备买个蛋糕 分享给大家
S000036,2025-09-28 12:26:00,校园论坛,今天和室友闹矛盾了，心情很差。 #校园生活,negative,今天和室友闹矛盾了 心情很差
S000036,2025-10-12 18:38:00,校园论坛,考试终于结束了，感觉发挥得不错！,positive,考试终于结束了 感觉发挥得不错
S000036,2025-11-12 21:25:00,匿名留言板,今天天气真好，心情也很棒！,positive,今天天气真好 心情也很棒
S000036,2025-11-17 14:26:00,校园论坛,天气凉爽，适合跑步，感觉状态很好。,positive,天气凉爽 适合跑步 感觉状态很好
S000036,2025-11-19 01:43:00,校园论坛,今天尝试了一道新菜，很成功！ 给自己加油！,positive,今天尝试了一道新菜 很成功 给自己加油
S000036,2025-11-29 09:58:00,树洞,今天感觉好累，什么都不想做。,negative,今天感觉好累 什么都不想做
S000037,2025-09-06 07:25:00,校园论坛,食堂今天的菜色和昨天差不多。,neutral,食堂今天的菜色和昨天差不多
S000037,2025-09-10 10:36:00,匿名留言板,人际交往好复杂，感觉好累。 加油！,negative,人际交往好复杂 感觉好累 加油
S000037,2025-09-15 09:43:00,匿名留言板,下周有社团活动，需要招募志愿者。 分享给大家~,neutral,下周有社团活动 需要招募志愿者 分享给大家
S000037,2025-09-28 04:48:00,校园论坛,今天的阳光很温暖，适合出去走走。,positive,今天的阳光很温暖 适合出去走走
S000037,2025-10-26 05:08:00,匿名留言板,最近食欲不好，什么都不想吃。 分享给大家~,negative,最近食欲不好 什么都不想吃 分享给大家
S000037,2025-11-25 11:04:00,校园论坛,考试没考好，心情很低落... #今天,negative,考试没考好 心情很低落
S000038,2025-09-14 07:27:00,校园论坛,论文写不出来，deadline又快到了。,negative,论文写不出来 又快到了 deadline
S000038,2025-09-15 16:32:00,匿名留言板,完成了所有作业，可以好好休息一下了。 #校园生活,positive,完成了所有作业 可以好好休息一下了
S000038,2025-10-08 03:25:00,树洞,今天的阳光很温暖，适合出去走走。,positive,今天的阳光很温暖 适合出去走走
S000038,2025-10-10 23:21:00,匿名留言板,今天上课老师讲的内容很有趣，学到了很多新知识。,positive,今天上课老师讲的内容很有趣 学到了很多新知识
S000038,2025-11-19 14:53:00,校园论坛,室友今天生日，准备买个蛋糕。,neutral,室友今天生日 准备买个蛋糕
S000038,2025-11-22 04:15:00,校园论坛,今天的午餐特别好吃，食堂阿姨太棒了！,positive,今天的午餐特别好吃 食堂阿姨太棒了
S000039,2025-09-20 20:04:00,匿名留言板,小组项目进展顺利，大家配合得很好。 #记录,positive,小组项目进展顺利 大家配合得很好
S000039,2025-10-07 02:41:00,匿名留言板,图书馆九点闭馆，需要早点去。 希望明天会更好,neutral,图书馆九点闭馆 需要早点去 希望明天会更好
S000039,2025-10-31 14:40:00,校园论坛,期末复习太累了，脑子转不动。 希望明天会更好,negative,期末复习太累了 脑子转不动 希望明天会更好
S000039,2025-11-04 02:19:00,校园论坛,考试没考好，心情很低落...,negative,考试没考好 心情很低落
S000039,2025-11-14 14:43:00,匿名留言板,图书馆二楼的自习室比较安静。 给自己加油！,neutral,图书馆二楼的自习室比较安静 给自己加油
S000039,2025-11-19 10:55:00,校园论坛,快递到了，要去菜鸟驿站取。,neutral,快递到了 要去菜鸟驿站取
S000040,2025-09-08 14:06:00,校园论坛,快递到了，要去菜鸟驿站取。 加油！,neutral,快递到了 要去菜鸟驿站取 加油
S000040,2025-10-14 21:38:00,校园论坛,今天的阳光很温暖，适合出去走走。,positive,今天的阳光很温暖 适合出去走走
S000040,2025-10-20 14:37:00,树洞,考试没考好，心情很低落... #记录,negative,考试没考好 心情很低落
S000040,2025-11-13 20:12:00,校园论坛,被同学误会了，解释也没人听... 分享给大家~,negative,被同学误会了 解释也没人听 分享给大家
S000040,2025-11-18 05:23:00,校园论坛,想家了，好想回家... #今天,negative,想家了 好想回家
S000040,2025-11-22 05:02:00,匿名留言板,今天尝试了一道新菜，很成功！ #记录,positive,今天尝试了一道新菜 很成功
S000041,2025-10-14 15:12:00,校园论坛,收到了心仪公司的offer，太激动了！,positive,收到了心仪公司的 太激动了 offer
S000041,2025-10-21 04:38:00,匿名留言板,图书馆九点闭馆，需要早点去。 #日常,neutral,图书馆九点闭馆 需要早点去
S000041,2025-10-25 16:23:00,树洞,和同学讨论问题很有收获，团队合作很重要。,positive,和同学讨论问题很有收获 团队合作很重要
S000041,2025-11-11 21:24:00,校园论坛,和新同学认识聊得很愉快，交到了新朋友。,positive,和新同学认识聊得很愉快 交到了新朋友
S000041,2025-11-14 21:09:00,匿名留言板,学校最近在举办运动会报名。 给自己加油！,neutral,学校最近在举办运动会报名 给自己加油
S000041,2025-11-22 10:52:00,匿名留言板,天气凉爽，适合跑步，感觉状态很好。,positive,天气凉爽 适合跑步 感觉状态很好
S000042,2025-09-13 16:49:00,匿名留言板,论文写不出来，deadline又快到了。,negative,论文写不出来 又快到了 deadline
S000042,2025-10-01 14:39:00,匿名留言板,今天尝试了一道新菜，很成功！,positive,今天尝试了一道新菜 很成功
S000042,2025-10-10 15:57:00,树洞,室友今天生日，准备买个蛋糕。 给自己加油！,neutral,室友今天生日 准备买个蛋糕 给自己加油
S000042,2025-10-27 14:49:00,匿名留言板,图书馆的氛围很好，学习效率很高。 分享给大家~,positive,图书馆的氛围很好 学习效率很高 分享给大家
S000042,2025-11-19 04:38:00,树洞,今天和室友闹矛盾了，心情很差。,negative,今天和室友闹矛盾了 心情很差
S000042,2025-11-19 05:46:00,匿名留言板,每天都很忙碌但又觉得没有意义... #校园生活,negative,每天都很忙碌但又觉得没有意义
S000043,2025-09-21 06:51:00,匿名留言板,下个月有英语四级考试，要开始准备了。,neutral,下个月有英语四级考试 要开始准备了
S000043,2025-09-21 08:28:00,校园论坛,这周生活费还剩一半，需要省着点花。 #今天,neutral,这周生活费还剩一半 需要省着点花
S000043,2025-09-29 14:56:00,校园论坛,今天感觉好累，什么都不想做。 #今天,negative,今天感觉好累 什么都不想做
S000043,2025-10-11 03:53:00,校园论坛,快递到了，要去菜鸟驿站取。,neutral,快递到了 要去菜鸟驿站取
S000043,2025-10-18 17:59:00,校园论坛,天气凉爽，适合跑步，感觉状态很好。,positive,天气凉爽 适合跑步 感觉状态很好
S000043,2025-11-04 11:15:00,校园论坛,最近压力好大，睡不着觉。 #校园生活,negative,最近压力好大 睡不着觉
S000044,2025-09-07 07:26:00,校园论坛,明天早八有课，要定闹钟了。 #记录,neutral,明天早八有课 要定闹钟了
S000044,2025-09-11 00:16:00,树洞,收到了心仪公司的offer，太激动了！ 分享给大家~,positive,收到了心仪公司的 太激动了 分享给大家 offer
S000044,2025-09-19 09:27:00,匿名留言板,完成了所有作业，可以好好休息一下了。,positive,完成了所有作业 可以好好休息一下了
S000044,2025-10-07 15:44:00,匿名留言板,下周有社团活动，需要招募志愿者。 #记录,neutral,下周有社团活动 需要招募志愿者
S000044,2025-11-03 19:34:00,校园论坛,天气凉爽，适合跑步，感觉状态很好。 希望明天会更好,positive,天气凉爽 适合跑步 感觉状态很好 希望明天会更好
S000044,2025-11-17 16:27:00,校园论坛,和同学讨论问题很有收获，团队合作很重要。,positive,和同学讨论问题很有收获 团队合作很重要
S000045,2025-09-24 21:42:00,树洞,完成了所有作业，可以好好休息一下了。,positive,完成了所有作业 可以好好休息一下了
S000045,2025-10-13 04:02:00,校园论坛,今天的课好难，完全听不懂。 给自己加油！,negative,今天的课好难 完全听不懂 给自己加油
S000045,2025-10-16 02:22:00,匿名留言板,运动完之后整个人都轻松了，强烈推荐大家多锻炼！ 希望明天会更好,positive,运动完之后整个人都轻松了 强烈推荐大家多锻炼 希望明天会更好
S000045,2025-10-31 01:40:00,匿名留言板,生活费快花完了，又不好意思向家里要... #日常,negative,生活费快花完了 又不好意思向家里要
S000045,2025-11-09 16:50:00,校园论坛,电脑风扇声音很大，该清灰了。,neutral,电脑风扇声音很大 该清灰了
S000045,2025-11-27 14:44:00,校园论坛,今天和室友闹矛盾了，心情很差。,negative,今天和室友闹矛盾了 心情很差
S000046,2025-09-16 11:27:00,校园论坛,今天食堂推出了新菜品，排队的人很多。 #今天,neutral,今天食堂推出了新菜品 排队的人很多
S000046,2025-09-24 15:44:00,树洞,论文写不出来，deadline又快到了。 #日常,negative,论文写不出来 又快到了 deadline
S000046,2025-10-10 16:25:00,校园论坛,电脑风扇声音很大，该清灰了。 #记录,neutral,电脑风扇声音很大 该清灰了
S000046,2025-10-25 02:27:00,校园论坛,天气预报说明天会下雨，记得带伞。 分享给大家~,neutral,天气预报说明天会下雨 记得带伞 分享给大家
S000046,2025-10-29 01:18:00,校园论坛,周末和室友一起去看了电影，很放松！,positive,周末和室友一起去看了电影 很放松
S000046,2025-11-22 06:18:00,校园论坛,考试没考好，心情很低落... 给自己加油！,negative,考试没考好 心情很低落 给自己加油
S000047,2025-09-14 02:20:00,匿名留言板,学校最近在举办运动会报名。 #记录,neutral,学校最近在举办运动会报名
S000047,2025-10-16 19:27:00,匿名留言板,考试终于结束了，感觉发挥得不错！,positive,考试终于结束了 感觉发挥得不错
S000047,2025-10-22 11:32:00,校园论坛,天气预报说明天会下雨，记得带伞。,neutral,天气预报说明天会下雨 记得带伞
S000047,2025-10-25 05:44:00,匿名留言板,最近总是莫名的焦虑不安。,negative,最近总是莫名的焦虑不安
S000047,2025-11-17 21:50:00,校园论坛,对未来很迷茫，不知道该怎么办。,negative,对未来很迷茫 不知道该怎么办
S000047,2025-11-22 11:23:00,匿名留言板,今天摔了一跤，膝盖好疼...,negative,今天摔了一跤 膝盖好疼
S000048,2025-09-24 15:33:00,校园论坛,感觉和周围的人格格不入。,negative,感觉和周围的人格格不入
S000048,2025-10-04 22:28:00,匿名留言板,和新同学认识聊得很愉快，交到了新朋友。 #日常,positive,和新同学认识聊得很愉快 交到了新朋友
S000048,2025-10-17 12:20:00,校园论坛,今天作业不多，可以早点休息。,neutral,今天作业不多 可以早点休息
S000048,2025-10-27 02:51:00,校园论坛,快递到了，要去菜鸟驿站取。 给自己加油！,neutral,快递到了 要去菜鸟驿站取 给自己加油
S000048,2025-11-02 06:07:00,校园论坛,和朋友们一起吃饭好开心呀！ #记录,positive,和朋友们一起吃饭好开心呀
S000048,2025-11-26 14:23:00,校园论坛,最近压力好大，睡不着觉。 希望明天会更好,negative,最近压力好大 睡不着觉 希望明天会更好
S000049,2025-09-09 09:25:00,校园论坛,下周有社团活动，需要招募志愿者。 分享给大家~,neutral,下周有社团活动 需要招募志愿者 分享给大家
S000049,2025-09-09 17:34:00,匿名留言板,和同学讨论问题很有收获，团队合作很重要。,positive,和同学讨论问题很有收获 团队合作很重要
S000049,2025-09-26 04:15:00,匿名留言板,今天上了三节课，分别是高数、英语和体育。 #校园生活,neutral,今天上了三节课 分别是高数 英语和体育
S000049,2025-10-18 14:51:00,树洞,这周生活费还剩一半，需要省着点花。 希望明天会更好,neutral,这周生活费还剩一半 需要省着点花 希望明天会更好
S000049,2025-10-23 18:04:00,校园论坛,今天的阳光很温暖，适合出去走走。 给自己加油！,positive,今天的阳光很温暖 适合出去走走 给自己加油
S000049,2025-11-29 20:11:00,校园论坛,耳机丢了，最近只能外放了。,neutral,耳机丢了 最近只能外放了
S000050,2025-09-17 13:32:00,匿名留言板,食堂今天的菜色和昨天差不多。,neutral,食堂今天的菜色和昨天差不多
S000050,2025-09-22 18:37:00,树洞,和新同学认识聊得很愉快，交到了新朋友。 加油！,positive,和新同学认识聊得很愉快 交到了新朋友 加油
S000050,2025-10-06 04:40:00,匿名留言板,感觉和周围的人格格不入。,negative,感觉和周围的人格格不入
S000050,2025-10-09 05:10:00,树洞,最近食欲不好，什么都不想吃。 #校园生活,negative,最近食欲不好 什么都不想吃
S000050,2025-10-30 21:33:00,匿名留言板,感觉和周围的人格格不入。 给自己加油！,negative,感觉和周围的人格格不入 给自己加油
S000050,2025-11-06 09:54:00,树洞,周末和室友一起去看了电影，很放松！ 给自己加油！,positive,周末和室友一起去看了电影 很放松 给自己加油
S000051,2025-09-04 15:56:00,树洞,学校最近在举办运动会报名。 给自己加油！,neutral,学校最近在举办运动会报名 给自己加油
S000051,2025-10-14 18:02:00,校园论坛,今天上了三节课，分别是高数、英语和体育。,neutral,今天上了三节课 分别是高数 英语和体育
S000051,2025-11-01 07:51:00,校园论坛,下节课换到了更大的教室。 #日常,neutral,下节课换到了更大的教室
S000051,2025-11-17 04:20:00,树洞,快递到了，要去菜鸟驿站取。 加油！,neutral,快递到了 要去菜鸟驿站取 加油
S000051,2025-11-22 18:16:00,匿名留言板,图书馆二楼的自习室比较安静。 #今天,neutral,图书馆二楼的自习室比较安静
S000051,2025-11-28 01:10:00,校园论坛,被同学误会了，解释也没人听... #记录,negative,被同学误会了 解释也没人听
S000052,2025-10-01 14:07:00,校园论坛,完成了一个月的早起打卡计划，坚持就是胜利！,positive,完成了一个月的早起打卡计划 坚持就是胜利
S000052,2025-10-08 12:55:00,树洞,今天作业不多，可以早点休息。,neutral,今天作业不多 可以早点休息
S000052,2025-10-15 12:08:00,校园论坛,耳机丢了，最近只能外放了。 分享给大家~,neutral,耳机丢了 最近只能外放了 分享给大家
S000052,2025-10-30 15:56:00,树洞,今天感觉好累，什么都不想做。,negative,今天感觉好累 什么都不想做
S000052,2025-11-04 14:15:00,校园论坛,完成了所有作业，可以好好休息一下了。,positive,完成了所有作业 可以好好休息一下了
S000052,2025-11-13 23:20:00,树洞,今天上课老师讲的内容很有趣，学到了很多新知识。 #记录,positive,今天上课老师讲的内容很有趣 学到了很多新知识
S000053,2025-09-14 13:08:00,校园论坛,室友今天生日，准备买个蛋糕。 #今天,neutral,室友今天生日 准备买个蛋糕
S000053,2025-09-16 04:06:00,树洞,今天的课好难，完全听不懂。 分享给大家~,negative,今天的课好难 完全听不懂 分享给大家
S000053,2025-09-19 06:38:00,校园论坛,论文写不出来，deadline又快到了。,negative,论文写不出来 又快到了 deadline
S000053,2025-10-20 16:28:00,匿名留言板,下个月有英语四级考试，要开始准备了。 希望明天会更好,neutral,下个月有英语四级考试 要开始准备了 希望明天会更好
S000053,2025-10-22 01:36:00,校园论坛,生活费快花完了，又不好意思向家里要... 分享给大家~,negative,生活费快花完了 又不好意思向家里要 分享给大家
S000053,2025-11-03 19:56:00,匿名留言板,下周有社团活动，需要招募志愿者。 #日常,neutral,下周有社团活动 需要招募志愿者
S000054,2025-09-18 22:21:00,校园论坛,耳机丢了，最近只能外放了。 #记录,neutral,耳机丢了 最近只能外放了
S000054,2025-11-05 04:20:00,校园论坛,快递到了，要去菜鸟驿站取。,neutral,快递到了 要去菜鸟驿站取
S000054,2025-11-08 15:45:00,校园论坛,被同学误会了，解释也没人听...,negative,被同学误会了 解释也没人听
S000054,2025-11-18 23:53:00,树洞,今天的阳光很温暖，适合出去走走。 分享给大家~,positive,今天的阳光很温暖 适合出去走走 分享给大家
S000054,2025-11-23 18:36:00,校园论坛,考试终于结束了，感觉发挥得不错！ 希望明天会更好,positive,考试终于结束了 感觉发挥得不错 希望明天会更好
S000054,2025-11-26 03:26:00,校园论坛,今天感觉好累，什么都不想做。 希望明天会更好,negative,今天感觉好累 什么都不想做 希望明天会更好
S000055,2025-09-23 14:58:00,匿名留言板,感觉和周围的人格格不入。 #校园生活,negative,感觉和周围的人格格不入
S000055,2025-09-27 17:20:00,校园论坛,下周有社团活动，需要招募志愿者。 分享给大家~,neutral,下周有社团活动 需要招募志愿者 分享给大家
S000055,2025-10-02 01:36:00,校园论坛,明天有小组会议，要准备一下PPT。,neutral,明天有小组会议 要准备一下 ppt
S000055,2025-10-11 13:09:00,匿名留言板,感觉自己什么都做不好，好失败... #今天,negative,感觉自己什么都做不好 好失败
S000055,2025-11-07 20:46:00,树洞,下节课换到了更大的教室。,neutral,下节课换到了更大的教室
S000055,2025-11-18 15:55:00,校园论坛,食堂今天的菜色和昨天差不多。 加油！,neutral,食堂今天的菜色和昨天差不多 加油
S000056,2025-09-11 11:59:00,校园论坛,期末复习太累了，脑子转不动。 加油！,negative,期末复习太累了 脑子转不动 加油
S000056,2025-10-02 08:35:00,匿名留言板,和同学讨论问题很有收获，团队合作很重要。 #日常,positive,和同学讨论问题很有收获 团队合作很重要
S000056,2025-10-06 09:07:00,树洞,感觉和周围的人格格不入。 #今天,negative,感觉和周围的人格格不入
S000056,2025-10-21 11:49:00,校园论坛,学校最近在举办运动会报名。,neutral,学校最近在举办运动会报名
S000056,2025-11-27 20:51:00,校园论坛,明天早八有课，要定闹钟了。 #记录,neutral,明天早八有课 要定闹钟了
S000056,2025-11-28 22:31:00,树洞,生活费快花完了，又不好意思向家里要... 分享给大家~,negative,生活费快花完了 又不好意思向家里要 分享给大家
S000057,2025-09-07 03:26:00,匿名留言板,被同学误会了，解释也没人听...,negative,被同学误会了 解释也没人听
S000057,2025-09-08 02:41:00,匿名留言板,感觉和周围的人格格不入。 加油！,negative,感觉和周围的人格格不入 加油
S000057,2025-09-18 00:35:00,匿名留言板,天气预报说明天会下雨，记得带伞。 #今天,neutral,天气预报说明天会下雨 记得带伞
S000057,2025-09-26 17:17:00,校园论坛,下个月有英语四级考试，要开始准备了。,neutral,下个月有英语四级考试 要开始准备了
S000057,2025-10-31 15:41:00,校园论坛,和同学讨论问题很有收获，团队合作很重要。 #校园生活,positive,和同学讨论问题很有收获 团队合作很重要
S000057,2025-11-15 07:15:00,匿名留言板,天气凉爽，适合跑步，感觉状态很好。,positive,天气凉爽 适合跑步 感觉状态很好
S000058,2025-09-05 05:26:00,树洞,天气预报说明天会下雨，记得带伞。,neutral,天气预报说明天会下雨 记得带伞
S000058,2025-09-24 00:47:00,匿名留言板,想家了，好想回家... 希望明天会更好,negative,想家了 好想回家 希望明天会更好
S000058,2025-09-25 03:21:00,校园论坛,今天尝试了一道新菜，很成功！ 给自己加油！,positive,今天尝试了一道新菜 很成功 给自己加油
S000058,2025-10-21 15:11:00,校园论坛,学校最近在举办运动会报名。,neutral,学校最近在举办运动会报名
S000058,2025-11-12 19:06:00,校园论坛,快递到了，要去菜鸟驿站取。 #日常,neutral,快递到了 要去菜鸟驿站取
S000058,2025-11-22 17:33:00,校园论坛,对未来很迷茫，不知道该怎么办。 分享给大家~,negative,对未来很迷茫 不知道该怎么办 分享给大家
S000059,2025-09-12 12:42:00,校园论坛,收到了心仪公司的offer，太激动了！ #记录,positive,收到了心仪公司的 太激动了 offer
S000059,2025-09-25 05:39:00,匿名留言板,下节课换到了更大的教室。 #今天,neutral,下节课换到了更大的教室
S000059,2025-10-01 01:42:00,校园论坛,和同学讨论问题很有收获，团队合作很重要。,positive,和同学讨论问题很有收获 团队合作很重要
S000059,2025-10-02 00:16:00,树洞,最近总是莫名的焦虑不安。 #日常,negative,最近总是莫名的焦虑不安
S000059,2025-10-09 18:46:00,校园论坛,期末复习太累了，脑子转不动。 给自己加油！,negative,期末复习太累了 脑子转不动 给自己加油
S000059,2025-11-04 22:49:00,树洞,感觉好孤独，没有人理解我... 给自己加油！,negative,感觉好孤独 没有人理解我 给自己加油
S000060,2025-09-28 07:43:00,校园论坛,图书馆九点闭馆，需要早点去。 分享给大家~,neutral,图书馆九点闭馆 需要早点去 分享给大家
S000060,2025-10-08 11:39:00,校园论坛,收到了心仪公司的offer，太激动了！ #记录,positive,收到了心仪公司的 太激动了 offer
S000060,2025-10-27 03:43:00,校园论坛,解决了困扰我好久的问题，太开心了！ #记录,positive,解决了困扰我好久的问题 太开心了
S000060,2025-11-04 06:36:00,树洞,今天和室友闹矛盾了，心情很差。 #校园生活,negative,今天和室友闹矛盾了 心情很差
S000060,2025-11-17 11:26:00,树洞,下周有社团活动，需要招募志愿者。 分享给大家~,neutral,下周有社团活动 需要招募志愿者 分享给大家
S000060,2025-11-30 11:04:00,树洞,明天有小组会议，要准备一下PPT。,neutral,明天有小组会议 要准备一下 ppt
S000061,2025-10-03 00:47:00,校园论坛,和朋友们一起吃饭好开心呀！,positive,和朋友们一起吃饭好开心呀
S000061,2025-10-19 14:55:00,校园论坛,下节课换到了更大的教室。 #今天,neutral,下节课换到了更大的教室
S000061,2025-10-23 05:49:00,树洞,收到了好朋友的礼物，感动！ #校园生活,positive,收到了好朋友的礼物 感动
S000061,2025-11-05 14:51:00,校园论坛,收到了心仪公司的offer，太激动了！ 分享给大家~,positive,收到了心仪公司的 太激动了 分享给大家 offer
S000061,2025-11-12 01:35:00,校园论坛,想家了，好想回家... 加油！,negative,想家了 好想回家 加油
S000061,2025-11-29 02:34:00,校园论坛,图书馆九点闭馆，需要早点去。 #记录,neutral,图书馆九点闭馆 需要早点去
S000062,2025-09-09 03:38:00,匿名留言板,和新同学认识聊得很愉快，交到了新朋友。 给自己加油！,positive,和新同学认识聊得很愉快 交到了新朋友 给自己加油
S000062,2025-09-15 01:51:00,校园论坛,明天早八有课，要定闹钟了。,neutral,明天早八有课 要定闹钟了
S000062,2025-09-30 07:29:00,树洞,期末复习太累了，脑子转不动。,negative,期末复习太累了 脑子转不动
S000062,2025-10-09 14:43:00,校园论坛,手机内存不够了，需要清理一下。 分享给大家~,neutral,手机内存不够了 需要清理一下 分享给大家
S000062,2025-11-08 12:33:00,匿名留言板,完成了一个月的早起打卡计划，坚持就是胜利！,positive,完成了一个月的早起打卡计划 坚持就是胜利
S000062,2025-11-24 17:08:00,校园论坛,室友今天生日，准备买个蛋糕。,neutral,室友今天生日 准备买个蛋糕
S000063,2025-09-07 07:47:00,匿名留言板,今天尝试了一道新菜，很成功！,positive,今天尝试了一道新菜 很成功
S000063,2025-09-08 04:32:00,匿名留言板,今天作业不多，可以早点休息。 加油！,neutral,今天作业不多 可以早点休息 加油
S000063,2025-09-19 21:33:00,校园论坛,和同学讨论问题很有收获，团队合作很重要。 #日常,positive,和同学讨论问题很有收获 团队合作很重要
S000063,2025-10-15 20:42:00,匿名留言板,论文写不出来，deadline又快到了。 #校园生活,negative,论文写不出来 又快到了 deadline
S000063,2025-11-13 19:49:00,校园论坛,快递到了，要去菜鸟驿站取。,neutral,快递到了 要去菜鸟驿站取
S000063,2025-11-15 23:58:00,校园论坛,收到了好朋友的礼物，感动！ 分享给大家~,positive,收到了好朋友的礼物 感动 分享给大家
S000064,2025-09-10 06:51:00,校园论坛,电脑风扇声音很大，该清灰了。,neutral,电脑风扇声音很大 该清灰了
S000064,2025-09-25 01:17:00,校园论坛,连续几天失眠，白天没精神。 希望明天会更好,negative,连续几天失眠 白天没精神 希望明天会更好
S000064,2025-09-29 09:54:00,匿名留言板,今天食堂推出了新菜品，排队的人很多。,neutral,今天食堂推出了新菜品 排队的人很多
S000064,2025-10-23 04:19:00,校园论坛,感觉和周围的人格格不入。 #记录,negative,感觉和周围的人格格不入
S000064,2025-10-24 17:33:00,校园论坛,完成了一个月的早起打卡计划，坚持就是胜利！ #日常,positive,完成了一个月的早起打卡计划 坚持就是胜利
S000064,2025-11-22 02:59:00,匿名留言板,生活费快花完了，又不好意思向家里要...,negative,生活费快花完了 又不好意思向家里要
S000065,2025-09-29 23:09:00,匿名留言板,今天被老师表扬了，有点小骄傲！ 希望明天会更好,positive,今天被老师表扬了 有点小骄傲 希望明天会更好
S000065,2025-10-10 08:23:00,校园论坛,被同学误会了，解释也没人听... #记录,negative,被同学误会了 解释也没人听
S000065,2025-10-13 09:58:00,校园论坛,周末和室友一起去看了电影，很放松！ 加油！,positive,周末和室友一起去看了电影 很放松 加油
S000065,2025-10-31 10:58:00,校园论坛,今天的阳光很温暖，适合出去走走。 #今天,positive,今天的阳光很温暖 适合出去走走
S000065,2025-11-01 07:44:00,树洞,周末打算去超市买点日用品。 #今天,neutral,周末打算去超市买点日用品
S000065,2025-11-10 10:49:00,匿名留言板,今天尝试了一道新菜，很成功！ 分享给大家~,positive,今天尝试了一道新菜 很成功 分享给大家
S000066,2025-09-01 13:08:00,匿名留言板,今天作业不多，可以早点休息。,neutral,今天作业不多 可以早点休息
S000066,2025-10-02 15:35:00,匿名留言板,快递到了，要去菜鸟驿站取。 #日常,neutral,快递到了 要去菜鸟驿站取
S000066,2025-10-16 05:08:00,树洞,下周有社团活动，需要招募志愿者。,neutral,下周有社团活动 需要招募志愿者
S000066,2025-10-24 09:09:00,匿名留言板,完成了一个月的早起打卡计划，坚持就是胜利！ #今天,positive,完成了一个月的早起打卡计划 坚持就是胜利
S000066,2025-11-02 23:41:00,匿名留言板,今天食堂推出了新菜品，排队的人很多。,neutral,今天食堂推出了新菜品 排队的人很多
S000066,2025-11-09 20:03:00,校园论坛,最近压力好大，睡不着觉。 给自己加油！,negative,最近压力好大 睡不着觉 给自己加油
S000067,2025-09-02 00:33:00,校园论坛,电脑风扇声音很大，该清灰了。 #日常,neutral,电脑风扇声音很大 该清灰了
S000067,2025-09-02 06:32:00,匿名留言板,考试没考好，心情很低落... 希望明天会更好,negative,考试没考好 心情很低落 希望明天会更好
S000067,2025-10-05 12:05:00,匿名留言板,人际交往好复杂，感觉好累。 #记录,negative,人际交往好复杂 感觉好累
S000067,2025-11-07 04:15:00,树洞,天气凉爽，适合跑步，感觉状态很好。 #日常,positive,天气凉爽 适合跑步 感觉状态很好
S000067,2025-11-18 15:42:00,匿名留言板,今天感觉好累，什么都不想做。 分享给大家~,negative,今天感觉好累 什么都不想做 分享给大家
S000067,2025-11-29 21:27:00,树洞,天气预报说明天会下雨，记得带伞。,neutral,天气预报说明天会下雨 记得带伞
S000068,2025-10-13 18:54:00,校园论坛,耳机丢了，最近只能外放了。,neutral,耳机丢了 最近只能外放了
S000068,2025-11-09 18:42:00,树洞,今天的阳光很温暖，适合出去走走。,positive,今天的阳光很温暖 适合出去走走
S000068,2025-11-21 00:44:00,匿名留言板,小组项目进展顺利，大家配合得很好。 #今天,positive,小组项目进展顺利 大家配合得很好
S000068,2025-11-23 01:05:00,校园论坛,人际交往好复杂，感觉好累。 分享给大家~,negative,人际交往好复杂 感觉好累 分享给大家
S000068,2025-11-28 18:30:00,树洞,和朋友们一起吃饭好开心呀！ 给自己加油！,positive,和朋友们一起吃饭好开心呀 给自己加油
S000068,2025-11-29 07:19:00,树洞,图书馆九点闭馆，需要早点去。 给自己加油！,neutral,图书馆九点闭馆 需要早点去 给自己加油
S000069,2025-10-13 12:48:00,匿名留言板,图书馆九点闭馆，需要早点去。 分享给大家~,neutral,图书馆九点闭馆 需要早点去 分享给大家
S000069,2025-10-15 01:06:00,匿名留言板,最近压力好大，睡不着觉。 #校园生活,negative,最近压力好大 睡不着觉
S000069,2025-10-28 15:14:00,校园论坛,人际交往好复杂，感觉好累。 #今天,negative,人际交往好复杂 感觉好累
S000069,2025-11-12 07:36:00,树洞,下节课换到了更大的教室。 给自己加油！,neutral,下节课换到了更大的教室 给自己加油
S000069,2025-11-15 04:48:00,校园论坛,下节课换到了更大的教室。,neutral,下节课换到了更大的教室
S000069,2025-11-18 19:25:00,匿名留言板,快递到了，要去菜鸟驿站取。,neutral,快递到了 要去菜鸟驿站取
S000070,2025-09-10 02:17:00,校园论坛,收到了心仪公司的offer，太激动了！ 加油！,positive,收到了心仪公司的 太激动了 加油 offer
S000070,2025-10-05 03:08:00,匿名留言板,收到了好朋友的礼物，感动！ #记录,positive,收到了好朋友的礼物 感动
S000070,2025-10-17 03:05:00,校园论坛,和同学讨论问题很有收获，团队合作很重要。 #记录,positive,和同学讨论问题很有收获 团队合作很重要
S000070,2025-11-05 13:06:00,校园论坛,完成了所有作业，可以好好休息一下了。 分享给大家~,positive,完成了所有作业 可以好好休息一下了 分享给大家
S000070,2025-11-14 21:24:00,匿名留言板,和新同学认识聊得很愉快，交到了新朋友。 #日常,positive,和新同学认识聊得很愉快 交到了新朋友
S000070,2025-11-16 10:55:00,校园论坛,想家了，好想回家... #今天,negative,想家了 好想回家
S000071,2025-09-09 05:27:00,匿名留言板,和同学讨论问题很有收获，团队合作很重要。 #记录,positive,和同学讨论问题很有收获 团队合作很重要
S000071,2025-09-11 23:57:00,匿名留言板,最近食欲不好，什么都不想吃。 希望明天会更好,negative,最近食欲不好 什么都不想吃 希望明天会更好
S000071,2025-10-17 08:15:00,匿名留言板,下周有社团活动，需要招募志愿者。 希望明天会更好,neutral,下周有社团活动 需要招募志愿者 希望明天会更好
S000071,2025-10-19 10:28:00,校园论坛,连续几天失眠，白天没精神。,negative,连续几天失眠 白天没精神
S000071,2025-10-29 03:08:00,树洞,人际交往好复杂，感觉好累。 #校园生活,negative,人际交往好复杂 感觉好累
S000071,2025-11-27 12:10:00,校园论坛,和同学讨论问题很有收获，团队合作很重要。 #日常,positive,和同学讨论问题很有收获 团队合作很重要
S000072,2025-09-18 20:19:00,校园论坛,收到了心仪公司的offer，太激动了！ 加油！,positive,收到了心仪公司的 太激动了 加油 offer
S000072,2025-10-06 12:23:00,匿名留言板,解决了困扰我好久的问题，太开心了！,positive,解决了困扰我好久的问题 太开心了
S000072,2025-10-08 23:44:00,校园论坛,图书馆二楼的自习室比较安静。,neutral,图书馆二楼的自习室比较安静
S000072,2025-11-09 05:43:00,校园论坛,今天上了三节课，分别是高数、英语和体育。 加油！,neutral,今天上了三节课 分别是高数 英语和体育 加油
S000072,2025-11-17 22:12:00,树洞,今天和室友闹矛盾了，心情很差。 #今天,negative,今天和室友闹矛盾了 心情很差
S000072,2025-11-30 06:28:00,匿名留言板,图书馆九点闭馆，需要早点去。 #今天,neutral,图书馆九点闭馆 需要早点去
S000073,2025-10-16 05:41:00,匿名留言板,图书馆二楼的自习室比较安静。 给自己加油！,neutral,图书馆二楼的自习室比较安静 给自己加油
S000073,2025-10-19 02:28:00,校园论坛,下周有社团活动，需要招募志愿者。 希望明天会更好,neutral,下周有社团活动 需要招募志愿者 希望明天会更好
S000073,2025-10-22 10:50:00,校园论坛,今天感觉好累，什么都不想做。,negative,今天感觉好累 什么都不想做
S000073,2025-11-04 22:26:00,树洞,生活费快花完了，又不好意思向家里要... 加油！,negative,生活费快花完了 又不好意思向家里要 加油
S000073,2025-11-05 23:33:00,校园论坛,今天摔了一跤，膝盖好疼...,negative,今天摔了一跤 膝盖好疼
S000073,2025-11-08 19:40:00,匿名留言板,明天有小组会议，要准备一下PPT。,neutral,明天有小组会议 要准备一下 ppt
S000074,2025-09-04 15:06:00,树洞,和朋友们一起吃饭好开心呀！,positive,和朋友们一起吃饭好开心呀
S000074,2025-09-06 22:07:00,校园论坛,今天的阳光很温暖，适合出去走走。 给自己加油！,positive,今天的阳光很温暖 适合出去走走 给自己加油
S000074,2025-09-19 11:19:00,校园论坛,感觉自己什么都做不好，好失败... 分享给大家~,negative,感觉自己什么都做不好 好失败 分享给大家
S000074,2025-09-22 23:15:00,校园论坛,感觉和周围的人格格不入。,negative,感觉和周围的人格格不入
S000074,2025-10-21 14:49:00,校园论坛,耳机丢了，最近只能外放了。,neutral,耳机丢了 最近只能外放了
S000074,2025-10-31 03:28:00,校园论坛,今天食堂推出了新菜品，排队的人很多。 #校园生活,neutral,今天食堂推出了新菜品 排队的人很多
S000075,2025-09-09 18:06:00,校园论坛,电脑风扇声音很大，该清灰了。,neutral,电脑风扇声音很大 该清灰了
S000075,2025-09-26 14:07:00,树洞,小组项目进展顺利，大家配合得很好。 分享给大家~,positive,小组项目进展顺利 大家配合得很好 分享给大家
S000075,2025-10-11 19:24:00,校园论坛,图书馆二楼的自习室比较安静。,neutral,图书馆二楼的自习室比较安静
S000075,2025-10-20 00:45:00,树洞,今天的午餐特别好吃，食堂阿姨太棒了！ 加油！,positive,今天的午餐特别好吃 食堂阿姨太棒了 加油
S000075,2025-10-25 14:14:00,匿名留言板,天气预报说明天会下雨，记得带伞。,neutral,天气预报说明天会下雨 记得带伞
S000075,2025-10-26 12:01:00,匿名留言板,周末打算去超市买点日用品。 #记录,neutral,周末打算去超市买点日用品
S000076,2025-10-07 04:11:00,校园论坛,最近总是莫名的焦虑不安。 希望明天会更好,negative,最近总是莫名的焦虑不安 希望明天会更好
S000076,2025-10-16 00:31:00,匿名留言板,图书馆的氛围很好，学习效率很高。 分享给大家~,positive,图书馆的氛围很好 学习效率很高 分享给大家
S000076,2025-10-25 05:31:00,校园论坛,天气预报说明天会下雨，记得带伞。 分享给大家~,neutral,天气预报说明天会下雨 记得带伞 分享给大家
S000076,2025-10-29 19:11:00,匿名留言板,学校最近在举办运动会报名。 希望明天会更好,neutral,学校最近在举办运动会报名 希望明天会更好
S000076,2025-11-26 04:20:00,校园论坛,和同学讨论问题很有收获，团队合作很重要。,positive,和同学讨论问题很有收获 团队合作很重要
S000076,2025-11-28 04:32:00,匿名留言板,连续几天失眠，白天没精神。,negative,连续几天失眠 白天没精神
S000077,2025-10-17 17:52:00,校园论坛,今天食堂推出了新菜品，排队的人很多。 分享给大家~,neutral,今天食堂推出了新菜品 排队的人很多 分享给大家
S000077,2025-10-25 03:47:00,树洞,今天作业不多，可以早点休息。 #日常,neutral,今天作业不多 可以早点休息
S000077,2025-11-03 13:43:00,校园论坛,最近总是莫名的焦虑不安。 #记录,negative,最近总是莫名的焦虑不安
S000077,2025-11-03 17:32:00,匿名留言板,运动完之后整个人都轻松了，强烈推荐大家多锻炼！ #日常,positive,运动完之后整个人都轻松了 强烈推荐大家多锻炼
S000077,2025-11-08 09:10:00,匿名留言板,图书馆二楼的自习室比较安静。 加油！,neutral,图书馆二楼的自习室比较安静 加油
S000077,2025-11-12 00:50:00,校园论坛,学校最近在举办运动会报名。,neutral,学校最近在举办运动会报名
S000078,2025-09-05 14:16:00,树洞,最近压力好大，睡不着觉。 #记录,negative,最近压力好大 睡不着觉
S000078,2025-09-16 07:13:00,校园论坛,图书馆二楼的自习室比较安静。 加油！,neutral,图书馆二楼的自习室比较安静 加油
S000078,2025-09-27 01:36:00,匿名留言板,期末复习太累了，脑子转不动。 希望明天会更好,negative,期末复习太累了 脑子转不动 希望明天会更好
S000078,2025-10-12 22:18:00,树洞,今天的午餐特别好吃，食堂阿姨太棒了！ 分享给大家~,positive,今天的午餐特别好吃 食堂阿姨太棒了 分享给大家
S000078,2025-11-26 03:08:00,树洞,手机内存不够了，需要清理一下。,neutral,手机内存不够了 需要清理一下
S000078,2025-11-30 19:40:00,匿名留言板,连续几天失眠，白天没精神。,negative,连续几天失眠 白天没精神
S000079,2025-09-01 23:05:00,匿名留言板,今天食堂推出了新菜品，排队的人很多。 给自己加油！,neutral,今天食堂推出了新菜品 排队的人很多 给自己加油
S000079,2025-10-02 21:25:00,校园论坛,今天摔了一跤，膝盖好疼... 给自己加油！,negative,今天摔了一跤 膝盖好疼 给自己加油
S000079,2025-10-06 22:59:00,校园论坛,今天食堂推出了新菜品，排队的人很多。 #记录,neutral,今天食堂推出了新菜品 排队的人很多
S000079,2025-10-16 02:50:00,树洞,感觉自己什么都做不好，好失败... #今天,negative,感觉自己什么都做不好 好失败
S000079,2025-10-24 12:28:00,匿名留言板,和朋友们一起吃饭好开心呀！ #今天,positive,和朋友们一起吃饭好开心呀
S000079,2025-11-23 04:44:00,匿名留言板,今天作业不多，可以早点休息。,neutral,今天作业不多 可以早点休息
S000080,2025-10-06 02:41:00,匿名留言板,最近压力好大，睡不着觉。 #校园生活,negative,最近压力好大 睡不着觉
S000080,2025-10-25 06:44:00,树洞,学校最近在举办运动会报名。,neutral,学校最近在举办运动会报名
S000080,2025-10-29 00:07:00,校园论坛,天气预报说明天会下雨，记得带伞。 #记录,neutral,天气预报说明天会下雨 记得带伞
S000080,2025-11-03 08:20:00,匿名留言板,快递到了，要去菜鸟驿站取。 分享给大家~,neutral,快递到了 要去菜鸟驿站取 分享给大家
S000080,2025-11-12 15:50:00,校园论坛,考试没考好，心情很低落...,negative,考试没考好 心情很低落
S000080,2025-11-23 05:03:00,匿名留言板,想家了，好想回家... 加油！,negative,想家了 好想回家 加油
S000081,2025-09-10 04:37:00,校园论坛,今天尝试了一道新菜，很成功！,positive,今天尝试了一道新菜 很成功
S000081,2025-09-19 02:33:00,校园论坛,连续几天失眠，白天没精神。 给自己加油！,negative,连续几天失眠 白天没精神 给自己加油
S000081,2025-09-30 13:41:00,校园论坛,运动完之后整个人都轻松了，强烈推荐大家多锻炼！,positive,运动完之后整个人都轻松了 强烈推荐大家多锻炼
S000081,2025-10-09 04:24:00,树洞,这周生活费还剩一半，需要省着点花。 给自己加油！,neutral,这周生活费还剩一半 需要省着点花 给自己加油
S000081,2025-10-14 03:55:00,校园论坛,对未来很迷茫，不知道该怎么办。 #记录,negative,对未来很迷茫 不知道该怎么办
S000081,2025-10-20 02:46:00,校园论坛,明天有小组会议，要准备一下PPT。 #校园生活,neutral,明天有小组会议 要准备一下 ppt
S000082,2025-09-11 07:35:00,匿名留言板,明天早八有课，要定闹钟了。 #日常,neutral,明天早八有课 要定闹钟了
S000082,2025-10-15 23:13:00,匿名留言板,这周生活费还剩一半，需要省着点花。 #今天,neutral,这周生活费还剩一半 需要省着点花
S000082,2025-10-20 11:27:00,校园论坛,对未来很迷茫，不知道该怎么办。,negative,对未来很迷茫 不知道该怎么办
S000082,2025-10-27 06:05:00,匿名留言板,这周生活费还剩一半，需要省着点花。,neutral,这周生活费还剩一半 需要省着点花
S000082,2025-11-05 06:47:00,校园论坛,考试没考好，心情很低落...,negative,考试没考好 心情很低落
S000082,2025-11-28 00:54:00,匿名留言板,学校最近在举办运动会报名。,neutral,学校最近在举办运动会报名
S000083,2025-09-02 08:13:00,匿名留言板,考试终于结束了，感觉发挥得不错！ #今天,positive,考试终于结束了 感觉发挥得不错
S000083,2025-09-02 11:59:00,校园论坛,人际交往好复杂，感觉好累。 希望明天会更好,negative,人际交往好复杂 感觉好累 希望明天会更好
S000083,2025-09-15 07:31:00,树洞,图书馆九点闭馆，需要早点去。 分享给大家~,neutral,图书馆九点闭馆 需要早点去 分享给大家
S000083,2025-11-09 21:11:00,匿名留言板,图书馆九点闭馆，需要早点去。,neutral,图书馆九点闭馆 需要早点去
S000083,2025-11-20 22:32:00,校园论坛,手机内存不够了，需要清理一下。 加油！,neutral,手机内存不够了 需要清理一下 加油
S000083,2025-11-21 17:34:00,校园论坛,下个月有英语四级考试，要开始准备了。,neutral,下个月有英语四级考试 要开始准备了
S000084,2025-09-18 22:00:00,匿名留言板,完成了所有作业，可以好好休息一下了。 分享给大家~,positive,完成了所有作业 可以好好休息一下了 分享给大家
S000084,2025-10-01 01:15:00,校园论坛,收到了好朋友的礼物，感动！,positive,收到了好朋友的礼物 感动
S000084,2025-10-04 05:23:00,树洞,今天的午餐特别好吃，食堂阿姨太棒了！ 加油！,positive,今天的午餐特别好吃 食堂阿姨太棒了 加油
S000084,2025-11-05 06:51:00,匿名留言板,今天的阳光很温暖，适合出去走走。 #今天,positive,今天的阳光很温暖 适合出去走走
S000084,2025-11-17 01:19:00,校园论坛,天气预报说明天会下雨，记得带伞。,neutral,天气预报说明天会下雨 记得带伞
S000084,2025-11-23 21:41:00,树洞,收到了好朋友的礼物，感动！ 加油！,positive,收到了好朋友的礼物 感动 加油
S000085,2025-09-04 10:51:00,校园论坛,论文写不出来，deadline又快到了。,negative,论文写不出来 又快到了 deadline
S000085,2025-09-15 07:47:00,校园论坛,考试没考好，心情很低落...,negative,考试没考好 心情很低落
S000085,2025-10-31 11:24:00,匿名留言板,天气预报说明天会下雨，记得带伞。,neutral,天气预报说明天会下雨 记得带伞
S000085,2025-11-12 05:23:00,匿名留言板,运动完之后整个人都轻松了，强烈推荐大家多锻炼！ 希望明天会更好,positive,运动完之后整个人都轻松了 强烈推荐大家多锻炼 希望明天会更好
S000085,2025-11-13 20:04:00,校园论坛,论文写不出来，deadline又快到了。 #校园生活,negative,论文写不出来 又快到了 deadline
S000085,2025-11-23 13:14:00,校园论坛,每天都很忙碌但又觉得没有意义... 加油！,negative,每天都很忙碌但又觉得没有意义 加油
S000086,2025-09-10 18:23:00,校园论坛,考试终于结束了，感觉发挥得不错！,positive,考试终于结束了 感觉发挥得不错
S000086,2025-10-10 10:05:00,校园论坛,今天感觉好累，什么都不想做。 #校园生活,negative,今天感觉好累 什么都不想做
S000086,2025-10-23 00:14:00,校园论坛,今天感觉好累，什么都不想做。 #校园生活,negative,今天感觉好累 什么都不想做
S000086,2025-11-03 06:46:00,校园论坛,今天作业不多，可以早点休息。,neutral,今天作业不多 可以早点休息
S000086,2025-11-06 01:25:00,匿名留言板,今天尝试了一道新菜，很成功！ #日常,positive,今天尝试了一道新菜 很成功
S000086,2025-11-12 09:47:00,匿名留言板,今天食堂推出了新菜品，排队的人很多。 #校园生活,neutral,今天食堂推出了新菜品 排队的人很多
S000087,2025-09-06 07:57:00,树洞,手机内存不够了，需要清理一下。 加油！,neutral,手机内存不够了 需要清理一下 加油
S000087,2025-10-01 09:16:00,树洞,下节课换到了更大的教室。 加油！,neutral,下节课换到了更大的教室 加油
S000087,2025-10-01 13:31:00,校园论坛,这周生活费还剩一半，需要省着点花。 加油！,neutral,这周生活费还剩一半 需要省着点花 加油
S000087,2025-10-21 02:37:00,树洞,每天都很忙碌但又觉得没有意义... 给自己加油！,negative,每天都很忙碌但又觉得没有意义 给自己加油
S000087,2025-10-29 23:05:00,匿名留言板,论文写不出来，deadline又快到了。,negative,论文写不出来 又快到了 deadline
S000087,2025-11-24 12:54:00,校园论坛,学校最近在举办运动会报名。,neutral,学校最近在举办运动会报名
S000088,2025-09-06 06:53:00,匿名留言板,这周生活费还剩一半，需要省着点花。,neutral,这周生活费还剩一半 需要省着点花
S000088,2025-09-16 17:22:00,校园论坛,周末打算去超市买点日用品。 #记录,neutral,周末打算去超市买点日用品
S000088,2025-10-04 03:05:00,匿名留言板,和同学讨论问题很有收获，团队合作很重要。 加油！,positive,和同学讨论问题很有收获 团队合作很重要 加油
S000088,2025-10-12 10:28:00,校园论坛,和朋友们一起吃饭好开心呀！,positive,和朋友们一起吃饭好开心呀
S000088,2025-10-16 12:32:00,树洞,和同学讨论问题很有收获，团队合作很重要。 #日常,positive,和同学讨论问题很有收获 团队合作很重要
S000088,2025-11-14 03:09:00,校园论坛,今天尝试了一道新菜，很成功！ #记录,positive,今天尝试了一道新菜 很成功
S000089,2025-09-13 14:06:00,校园论坛,这周生活费还剩一半，需要省着点花。,neutral,这周生活费还剩一半 需要省着点花
S000089,2025-09-23 00:25:00,匿名留言板,电脑风扇声音很大，该清灰了。 加油！,neutral,电脑风扇声音很大 该清灰了 加油
S000089,2025-09-26 20:28:00,校园论坛,图书馆九点闭馆，需要早点去。 #校园生活,neutral,图书馆九点闭馆 需要早点去
S000089,2025-09-29 04:12:00,匿名留言板,室友今天生日，准备买个蛋糕。 给自己加油！,neutral,室友今天生日 准备买个蛋糕 给自己加油
S000089,2025-10-30 01:10:00,校园论坛,手机内存不够了，需要清理一下。 加油！,neutral,手机内存不够了 需要清理一下 加油
S000089,2025-11-22 02:37:00,树洞,最近压力好大，睡不着觉。,negative,最近压力好大 睡不着觉
S000090,2025-09-04 12:43:00,树洞,生活费快花完了，又不好意思向家里要...,negative,生活费快花完了 又不好意思向家里要
S000090,2025-10-02 20:18:00,校园论坛,感觉和周围的人格格不入。 #记录,negative,感觉和周围的人格格不入
S000090,2025-10-06 08:28:00,匿名留言板,食堂今天的菜色和昨天差不多。 希望明天会更好,neutral,食堂今天的菜色和昨天差不多 希望明天会更好
S000090,2025-10-06 12:08:00,匿名留言板,论文写不出来，deadline又快到了。,negative,论文写不出来 又快到了 deadline
S000090,2025-11-02 11:58:00,校园论坛,今天的课好难，完全听不懂。 #今天,negative,今天的课好难 完全听不懂
S000090,2025-11-09 00:24:00,匿名留言板,室友今天生日，准备买个蛋糕。 #记录,neutral,室友今天生日 准备买个蛋糕
S000091,2025-09-04 10:38:00,树洞,今天的午餐特别好吃，食堂阿姨太棒了！,positive,今天的午餐特别好吃 食堂阿姨太棒了
S000091,2025-10-11 23:44:00,匿名留言板,今天摔了一跤，膝盖好疼...,negative,今天摔了一跤 膝盖好疼
S000091,2025-10-16 18:36:00,匿名留言板,周末和室友一起去看了电影，很放松！ #记录,positive,周末和室友一起去看了电影 很放松
S000091,2025-10-20 11:59:00,校园论坛,天气预报说明天会下雨，记得带伞。,neutral,天气预报说明天会下雨 记得带伞
S000091,2025-10-31 16:22:00,校园论坛,今天作业不多，可以早点休息。,neutral,今天作业不多 可以早点休息
S000091,2025-11-24 07:17:00,匿名留言板,考试没考好，心情很低落...,negative,考试没考好 心情很低落
S000092,2025-09-10 11:45:00,校园论坛,下节课换到了更大的教室。 希望明天会更好,neutral,下节课换到了更大的教室 希望明天会更好
S000092,2025-09-23 15:02:00,校园论坛,完成了一个月的早起打卡计划，坚持就是胜利！ 希望明天会更好,positive,完成了一个月的早起打卡计划 坚持就是胜利 希望明天会更好
S000092,2025-10-09 10:08:00,树洞,手机内存不够了，需要清理一下。 给自己加油！,neutral,手机内存不够了 需要清理一下 给自己加油
S000092,2025-10-14 22:11:00,校园论坛,快递到了，要去菜鸟驿站取。,neutral,快递到了 要去菜鸟驿站取
S000092,2025-11-07 15:00:00,树洞,连续几天失眠，白天没精神。,negative,连续几天失眠 白天没精神
S000092,2025-11-15 22:58:00,树洞,运动完之后整个人都轻松了，强烈推荐大家多锻炼！ 分享给大家~,positive,运动完之后整个人都轻松了 强烈推荐大家多锻炼 分享给大家
S000093,2025-10-15 10:10:00,匿名留言板,图书馆九点闭馆，需要早点去。 加油！,neutral,图书馆九点闭馆 需要早点去 加油
S000093,2025-10-21 18:02:00,校园论坛,今天的阳光很温暖，适合出去走走。 希望明天会更好,positive,今天的阳光很温暖 适合出去走走 希望明天会更好
S000093,2025-11-12 03:59:00,校园论坛,今天的课好难，完全听不懂。 加油！,negative,今天的课好难 完全听不懂 加油
S000093,2025-11-18 11:14:00,校园论坛,天气预报说明天会下雨，记得带伞。 #今天,neutral,天气预报说明天会下雨 记得带伞
S000093,2025-11-23 10:11:00,树洞,电脑风扇声音很大，该清灰了。 加油！,neutral,电脑风扇声音很大 该清灰了 加油
S000093,2025-11-28 09:08:00,树洞,今天天气真好，心情也很棒！ 加油！,positive,今天天气真好 心情也很棒 加油
S000094,2025-09-05 09:01:00,校园论坛,感觉好孤独，没有人理解我...,negative,感觉好孤独 没有人理解我
S000094,2025-09-22 13:31:00,校园论坛,室友今天生日，准备买个蛋糕。 分享给大家~,neutral,室友今天生日 准备买个蛋糕 分享给大家
S000094,2025-10-03 03:46:00,匿名留言板,图书馆的氛围很好，学习效率很高。 #记录,positive,图书馆的氛围很好 学习效率很高
S000094,2025-10-13 14:00:00,校园论坛,完成了一个月的早起打卡计划，坚持就是胜利！ 加油！,positive,完成了一个月的早起打卡计划 坚持就是胜利 加油
S000094,2025-10-19 05:46:00,匿名留言板,和朋友们一起吃饭好开心呀！ #校园生活,positive,和朋友们一起吃饭好开心呀
S000094,2025-11-01 18:41:00,校园论坛,今天作业不多，可以早点休息。,neutral,今天作业不多 可以早点休息
S000095,2025-09-04 06:10:00,树洞,图书馆九点闭馆，需要早点去。 #记录,neutral,图书馆九点闭馆 需要早点去
S000095,2025-09-12 09:52:00,校园论坛,明天早八有课，要定闹钟了。 #记录,neutral,明天早八有课 要定闹钟了
S000095,2025-09-21 01:06:00,匿名留言板,感觉自己什么都做不好，好失败... #今天,negative,感觉自己什么都做不好 好失败
S000095,2025-11-09 08:42:00,校园论坛,完成了一个月的早起打卡计划，坚持就是胜利！,positive,完成了一个月的早起打卡计划 坚持就是胜利
S000095,2025-11-13 17:53:00,校园论坛,考试没考好，心情很低落... #校园生活,negative,考试没考好 心情很低落
S000095,2025-11-18 15:45:00,树洞,今天上课老师讲的内容很有趣，学到了很多新知识。 希望明天会更好,positive,今天上课老师讲的内容很有趣 学到了很多新知识 希望明天会更好
S000096,2025-10-04 14:29:00,校园论坛,今天的午餐特别好吃，食堂阿姨太棒了！ 希望明天会更好,positive,今天的午餐特别好吃 食堂阿姨太棒了 希望明天会更好
S000096,2025-10-10 12:30:00,匿名留言板,期末复习太累了，脑子转不动。,negative,期末复习太累了 脑子转不动
S000096,2025-10-20 05:23:00,校园论坛,室友今天生日，准备买个蛋糕。,neutral,室友今天生日 准备买个蛋糕
S000096,2025-11-08 21:55:00,校园论坛,图书馆二楼的自习室比较安静。,neutral,图书馆二楼的自习室比较安静
S000096,2025-11-15 07:35:00,校园论坛,图书馆的氛围很好，学习效率很高。 分享给大家~,positive,图书馆的氛围很好 学习效率很高 分享给大家
S000096,2025-11-29 21:06:00,校园论坛,完成了所有作业，可以好好休息一下了。 分享给大家~,positive,完成了所有作业 可以好好休息一下了 分享给大家
S000097,2025-09-09 02:24:00,树洞,感觉和周围的人格格不入。 #校园生活,negative,感觉和周围的人格格不入
S000097,2025-09-11 12:57:00,匿名留言板,食堂今天的菜色和昨天差不多。 分享给大家~,neutral,食堂今天的菜色和昨天差不多 分享给大家
S000097,2025-09-11 21:27:00,校园论坛,收到了心仪公司的offer，太激动了！ 希望明天会更好,positive,收到了心仪公司的 太激动了 希望明天会更好 offer
S000097,2025-10-28 05:10:00,校园论坛,周末打算去超市买点日用品。,neutral,周末打算去超市买点日用品
S000097,2025-11-06 14:58:00,匿名留言板,明天早八有课，要定闹钟了。 希望明天会更好,neutral,明天早八有课 要定闹钟了 希望明天会更好
S000097,2025-11-06 18:43:00,树洞,这周生活费还剩一半，需要省着点花。,neutral,这周生活费还剩一半 需要省着点花
S000098,2025-09-05 12:56:00,匿名留言板,今天作业不多，可以早点休息。,neutral,今天作业不多 可以早点休息
S000098,2025-09-13 03:36:00,树洞,学校最近在举办运动会报名。 分享给大家~,neutral,学校最近在举办运动会报名 分享给大家
S000098,2025-09-23 08:25:00,匿名留言板,和新同学认识聊得很愉快，交到了新朋友。 给自己加油！,positive,和新同学认识聊得很愉快 交到了新朋友 给自己加油
S000098,2025-10-05 11:01:00,校园论坛,想家了，好想回家... #日常,negative,想家了 好想回家
S000098,2025-10-23 08:24:00,校园论坛,图书馆二楼的自习室比较安静。 希望明天会更好,neutral,图书馆二楼的自习室比较安静 希望明天会更好
S000098,2025-10-24 03:26:00,匿名留言板,解决了困扰我好久的问题，太开心了！ 希望明天会更好,positive,解决了困扰我好久的问题 太开心了 希望明天会更好
S000099,2025-09-08 16:50:00,匿名留言板,和同学讨论问题很有收获，团队合作很重要。 加油！,positive,和同学讨论问题很有收获 团队合作很重要 加油
S000099,2025-09-18 16:56:00,树洞,今天和室友闹矛盾了，心情很差。,negative,今天和室友闹矛盾了 心情很差
S000099,2025-09-26 01:15:00,匿名留言板,考试终于结束了，感觉发挥得不错！ #校园生活,positive,考试终于结束了 感觉发挥得不错
S000099,2025-10-27 06:58:00,树洞,下周有社团活动，需要招募志愿者。 分享给大家~,neutral,下周有社团活动 需要招募志愿者 分享给大家
S000099,2025-10-27 10:17:00,校园论坛,明天早八有课，要定闹钟了。 给自己加油！,neutral,明天早八有课 要定闹钟了 给自己加油
S000099,2025-11-02 22:43:00,校园论坛,完成了一个月的早起打卡计划，坚持就是胜利！,positive,完成了一个月的早起打卡计划 坚持就是胜利
S000100,2025-09-28 07:41:00,匿名留言板,周末和室友一起去看了电影，很放松！ #日常,positive,周末和室友一起去看了电影 很放松
S000100,2025-10-06 11:52:00,树洞,人际交往好复杂，感觉好累。 给自己加油！,negative,人际交往好复杂 感觉好累 给自己加油
S000100,2025-10-31 18:35:00,匿名留言板,今天和室友闹矛盾了，心情很差。 #日常,negative,今天和室友闹矛盾了 心情很差
S000100,2025-11-05 00:55:00,树洞,今天上了三节课，分别是高数、英语和体育。 #记录,neutral,今天上了三节课 分别是高数 英语和体育
S000100,2025-11-27 00:15:00,校园论坛,连续几天失眠，白天没精神。 #记录,negative,连续几天失眠 白天没精神
S000100,2025-11-28 02:18:00,树洞,考试终于结束了，感觉发挥得不错！,positive,考试终于结束了 感觉发挥得不错
S000101,2025-09-14 00:32:00,匿名留言板,室友今天生日，准备买个蛋糕。 分享给大家~,neutral,室友今天生日 准备买个蛋糕 分享给大家
S000101,2025-10-06 20:20:00,匿名留言板,下个月有英语四级考试，要开始准备了。 给自己加油！,neutral,下个月有英语四级考试 要开始准备了 给自己加油
S000101,2025-10-10 22:45:00,树洞,手机内存不够了，需要清理一下。 #今天,neutral,手机内存不够了 需要清理一下
S000101,2025-10-29 08:13:00,校园论坛,论文写不出来，deadline又快到了。 希望明天会更好,negative,论文写不出来 又快到了 希望明天会更好 deadline
S000101,2025-11-17 09:19:00,校园论坛,下周有社团活动，需要招募志愿者。,neutral,下周有社团活动 需要招募志愿者
S000101,2025-11-22 05:38:00,匿名留言板,今天作业不多，可以早点休息。 #日常,neutral,今天作业不多 可以早点休息
S000102,2025-09-22 21:56:00,校园论坛,想家了，好想回家...,negative,想家了 好想回家
S000102,2025-11-03 09:16:00,匿名留言板,下节课换到了更大的教室。 #今天,neutral,下节课换到了更大的教室
S000102,2025-11-14 22:36:00,匿名留言板,快递到了，要去菜鸟驿站取。 加油！,neutral,快递到了 要去菜鸟驿站取 加油
S000102,2025-11-16 12:42:00,校园论坛,对未来很迷茫，不知道该怎么办。 加油！,negative,对未来很迷茫 不知道该怎么办 加油
S000102,2025-11-23 09:12:00,树洞,完成了一个月的早起打卡计划，坚持就是胜利！,positive,完成了一个月的早起打卡计划 坚持就是胜利
S000102,2025-11-27 17:40:00,校园论坛,室友今天生日，准备买个蛋糕。 分享给大家~,neutral,室友今天生日 准备买个蛋糕 分享给大家
S000103,2025-09-20 04:12:00,校园论坛,今天摔了一跤，膝盖好疼... #记录,negative,今天摔了一跤 膝盖好疼
S000103,2025-10-04 23:51:00,树洞,今天和室友闹矛盾了，心情很差。 给自己加油！,negative,今天和室友闹矛盾了 心情很差 给自己加油
S000103,2025-10-13 11:16:00,校园论坛,最近总是莫名的焦虑不安。,negative,最近总是莫名的焦虑不安
S000103,2025-11-04 03:55:00,校园论坛,耳机丢了，最近只能外放了。 #日常,neutral,耳机丢了 最近只能外放了
S000103,2025-11-21 18:37:00,树洞,图书馆九点闭馆，需要早点去。 #记录,neutral,图书馆九点闭馆 需要早点去
S000103,2025-11-23 02:14:00,匿名留言板,想家了，好想回家... #今天,negative,想家了 好想回家
S000104,2025-09-01 14:17:00,匿名留言板,今天上课老师讲的内容很有趣，学到了很多新知识。 希望明天会更好,positive,今天上课老师讲的内容很有趣 学到了很多新知识 希望明天会更好
S000104,2025-09-02 10:48:00,匿名留言板,周末打算去超市买点日用品。,neutral,周末打算去超市买点日用品
S000104,2025-09-24 02:31:00,匿名留言板,今天和室友闹矛盾了，心情很差。 #校园生活,negative,今天和室友闹矛盾了 心情很差
S000104,2025-11-01 12:00:00,校园论坛,周末和室友一起去看了电影，很放松！ 加油！,positive,周末和室友一起去看了电影 很放松 加油
S000104,2025-11-02 02:08:00,校园论坛,手机内存不够了，需要清理一下。 #今天,neutral,手机内存不够了 需要清理一下
S000104,2025-11-20 23:15:00,校园论坛,完成了所有作业，可以好好休息一下了。 #日常,positive,完成了所有作业 可以好好休息一下了
S000105,2025-09-22 12:01:00,匿名留言板,收到了心仪公司的offer，太激动了！,positive,收到了心仪公司的 太激动了 offer
S000105,2025-10-03 17:39:00,校园论坛,考试终于结束了，感觉发挥得不错！ 给自己加油！,positive,考试终于结束了 感觉发挥得不错 给自己加油
S000105,2025-10-08 14:46:00,校园论坛,论文写不出来，deadline又快到了。 #校园生活,negative,论文写不出来 又快到了 deadline
S000105,2025-10-20 16:37:00,校园论坛,最近压力好大，睡不着觉。,negative,最近压力好大 睡不着觉
S000105,2025-11-15 16:10:00,树洞,考试终于结束了，感觉发挥得不错！ #今天,positive,考试终于结束了 感觉发挥得不错
S000105,2025-11-27 04:21:00,匿名留言板,下周有社团活动，需要招募志愿者。 #校园生活,neutral,下周有社团活动 需要招募志愿者
S000106,2025-09-03 01:44:00,校园论坛,今天尝试了一道新菜，很成功！ #今天,positive,今天尝试了一道新菜 很成功
S000106,2025-09-13 21:33:00,校园论坛,和新同学认识聊得很愉快，交到了新朋友。 加油！,positive,和新同学认识聊得很愉快 交到了新朋友 加油
S000106,2025-09-14 16:46:00,匿名留言板,学校最近在举办运动会报名。,neutral,学校最近在举办运动会报名
S000106,2025-10-03 15:44:00,校园论坛,今天天气真好，心情也很棒！ #日常,positive,今天天气真好 心情也很棒
S000106,2025-10-16 22:26:00,校园论坛,考试终于结束了，感觉发挥得不错！ 分享给大家~,positive,考试终于结束了 感觉发挥得不错 分享给大家
S000106,2025-11-03 06:38:00,树洞,今天的午餐特别好吃，食堂阿姨太棒了！ 分享给大家~,positive,今天的午餐特别好吃 食堂阿姨太棒了 分享给大家
S000107,2025-09-06 00:54:00,校园论坛,今天上课老师讲的内容很有趣，学到了很多新知识。 #校园生活,positive,今天上课老师讲的内容很有趣 学到了很多新知识
S000107,2025-09-12 03:53:00,树洞,被同学误会了，解释也没人听...,negative,被同学误会了 解释也没人听
S000107,2025-09-27 22:59:00,校园论坛,最近食欲不好，什么都不想吃。,negative,最近食欲不好 什么都不想吃
S000107,2025-10-08 08:29:00,树洞,今天上课老师讲的内容很有趣，学到了很多新知识。,positive,今天上课老师讲的内容很有趣 学到了很多新知识
S000107,2025-10-17 21:20:00,树洞,感觉好孤独，没有人理解我...,negative,感觉好孤独 没有人理解我
S000107,2025-11-05 02:46:00,校园论坛,下个月有英语四级考试，要开始准备了。 给自己加油！,neutral,下个月有英语四级考试 要开始准备了 给自己加油
S000108,2025-09-08 05:06:00,树洞,今天摔了一跤，膝盖好疼... #记录,negative,今天摔了一跤 膝盖好疼
S000108,2025-09-24 03:25:00,树洞,最近总是莫名的焦虑不安。 #日常,negative,最近总是莫名的焦虑不安
S000108,2025-10-27 19:17:00,树洞,图书馆九点闭馆，需要早点去。 #校园生活,neutral,图书馆九点闭馆 需要早点去
S000108,2025-11-26 14:11:00,校园论坛,室友今天生日，准备买个蛋糕。 希望明天会更好,neutral,室友今天生日 准备买个蛋糕 希望明天会更好
S000108,2025-11-27 23:57:00,树洞,小组项目进展顺利，大家配合得很好。,positive,小组项目进展顺利 大家配合得很好
S000108,2025-11-28 15:51:00,校园论坛,今天和室友闹矛盾了，心情很差。,negative,今天和室友闹矛盾了 心情很差
S000109,2025-10-02 15:22:00,树洞,下节课换到了更大的教室。,neutral,下节课换到了更大的教室
S000109,2025-10-27 01:04:00,匿名留言板,今天的阳光很温暖，适合出去走走。,positive,今天的阳光很温暖 适合出去走走
S000109,2025-11-03 05:04:00,校园论坛,快递到了，要去菜鸟驿站取。,neutral,快递到了 要去菜鸟驿站取
S000109,2025-11-11 19:03:00,树洞,今天上课老师讲的内容很有趣，学到了很多新知识。 分享给大家~,positive,今天上课老师讲的内容很有趣 学到了很多新知识 分享给大家
S000109,2025-11-25 10:33:00,校园论坛,连续几天失眠，白天没精神。,negative,连续几天失眠 白天没精神
S000109,2025-11-26 16:49:00,树洞,图书馆二楼的自习室比较安静。,neutral,图书馆二楼的自习室比较安静
S000110,2025-09-05 17:35:00,树洞,和朋友们一起吃饭好开心呀！ 希望明天会更好,positive,和朋友们一起吃饭好开心呀 希望明天会更好
S000110,2025-09-11 14:28:00,树洞,今天食堂推出了新菜品，排队的人很多。,neutral,今天食堂推出了新菜品 排队的人很多
S000110,2025-10-06 01:32:00,树洞,图书馆的氛围很好，学习效率很高。 #今天,positive,图书馆的氛围很好 学习效率很高
S000110,2025-10-14 11:52:00,校园论坛,完成了一个月的早起打卡计划，坚持就是胜利！ #记录,positive,完成了一个月的早起打卡计划 坚持就是胜利
S000110,2025-10-28 10:07:00,校园论坛,今天上了三节课，分别是高数、英语和体育。,neutral,今天上了三节课 分别是高数 英语和体育
S000110,2025-11-21 09:56:00,匿名留言板,感觉自己什么都做不好，好失败... 给自己加油！,negative,感觉自己什么都做不好 好失败 给自己加油
S000111,2025-09-13 21:14:00,树洞,完成了所有作业，可以好好休息一下了。 给自己加油！,positive,完成了所有作业 可以好好休息一下了 给自己加油
S000111,2025-09-25 22:21:00,树洞,收到了好朋友的礼物，感动！,positive,收到了好朋友的礼物 感动
S000111,2025-09-26 06:07:00,校园论坛,下节课换到了更大的教室。,neutral,下节课换到了更大的教室
S000111,2025-10-08 17:33:00,树洞,感觉好孤独，没有人理解我...,negative,感觉好孤独 没有人理解我
S000111,2025-11-03 04:52:00,校园论坛,手机内存不够了，需要清理一下。,neutral,手机内存不够了 需要清理一下
S000111,2025-11-19 19:30:00,校园论坛,室友今天生日，准备买个蛋糕。 加油！,neutral,室友今天生日 准备买个蛋糕 加油
S000112,2025-09-17 03:24:00,匿名留言板,明天早八有课，要定闹钟了。 #校园生活,neutral,明天早八有课 要定闹钟了
S000112,2025-10-14 09:28:00,匿名留言板,这周生活费还剩一半，需要省着点花。 #今天,neutral,这周生活费还剩一半 需要省着点花
S000112,2025-10-20 13:38:00,校园论坛,今天作业不多，可以早点休息。 #日常,neutral,今天作业不多 可以早点休息
S000112,2025-11-04 04:31:00,树洞,考试终于结束了，感觉发挥得不错！ 分享给大家~,positive,考试终于结束了 感觉发挥得不错 分享给大家
S000112,2025-11-14 15:59:00,匿名留言板,今天和室友闹矛盾了，心情很差。 加油！,negative,今天和室友闹矛盾了 心情很差 加油
S000112,2025-11-26 18:07:00,匿名留言板,今天食堂推出了新菜品，排队的人很多。 #记录,neutral,今天食堂推出了新菜品 排队的人很多
S000113,2025-10-15 21:08:00,匿名留言板,天气预报说明天会下雨，记得带伞。 分享给大家~,neutral,天气预报说明天会下雨 记得带伞 分享给大家
S000113,2025-10-25 00:33:00,校园论坛,图书馆的氛围很好，学习效率很高。,positive,图书馆的氛围很好 学习效率很高
S000113,2025-11-05 09:53:00,匿名留言板,快递到了，要去菜鸟驿站取。 加油！,neutral,快递到了 要去菜鸟驿站取 加油
S000113,2025-11-10 20:13:00,校园论坛,和新同学认识聊得很愉快，交到了新朋友。 加油！,positive,和新同学认识聊得很愉快 交到了新朋友 加油
S000113,2025-11-13 21:45:00,树洞,感觉和周围的人格格不入。 #日常,negative,感觉和周围的人格格不入
S000113,2025-11-21 10:45:00,校园论坛,完成了所有作业，可以好好休息一下了。 分享给大家~,positive,完成了所有作业 可以好好休息一下了 分享给大家
S000114,2025-09-08 06:17:00,匿名留言板,天气预报说明天会下雨，记得带伞。 #日常,neutral,天气预报说明天会下雨 记得带伞
S000114,2025-09-19 01:44:00,校园论坛,周末打算去超市买点日用品。 分享给大家~,neutral,周末打算去超市买点日用品 分享给大家
S000114,2025-10-03 06:39:00,树洞,今天食堂推出了新菜品，排队的人很多。,neutral,今天食堂推出了新菜品 排队的人很多
S000114,2025-10-19 12:26:00,校园论坛,快递到了，要去菜鸟驿站取。 分享给大家~,neutral,快递到了 要去菜鸟驿站取 分享给大家
S000114,2025-10-28 03:39:00,匿名留言板,电脑风扇声音很大，该清灰了。,neutral,电脑风扇声音很大 该清灰了
S000114,2025-11-11 12:15:00,匿名留言板,想家了，好想回家... 加油！,negative,想家了 好想回家 加油
S000115,2025-09-23 23:32:00,校园论坛,考试终于结束了，感觉发挥得不错！ #今天,positive,考试终于结束了 感觉发挥得不错
S000115,2025-09-26 23:12:00,校园论坛,今天上课老师讲的内容很有趣，学到了很多新知识。 给自己加油！,positive,今天上课老师讲的内容很有趣 学到了很多新知识 给自己加油
S000115,2025-10-04 04:10:00,校园论坛,期末复习太累了，脑子转不动。,negative,期末复习太累了 脑子转不动
S000115,2025-11-20 19:53:00,匿名留言板,下周有社团活动，需要招募志愿者。 希望明天会更好,neutral,下周有社团活动 需要招募志愿者 希望明天会更好
S000115,2025-11-30 04:02:00,校园论坛,今天的阳光很温暖，适合出去走走。 希望明天会更好,positive,今天的阳光很温暖 适合出去走走 希望明天会更好
S000115,2025-11-30 22:41:00,匿名留言板,今天摔了一跤，膝盖好疼... 分享给大家~,negative,今天摔了一跤 膝盖好疼 分享给大家
S000116,2025-09-10 22:20:00,校园论坛,今天和室友闹矛盾了，心情很差。 分享给大家~,negative,今天和室友闹矛盾了 心情很差 分享给大家
S000116,2025-09-28 21:21:00,树洞,想家了，好想回家...,negative,想家了 好想回家
S000116,2025-10-28 07:57:00,树洞,明天早八有课，要定闹钟了。,neutral,明天早八有课 要定闹钟了
S000116,2025-11-04 05:26:00,校园论坛,人际交往好复杂，感觉好累。,negative,人际交往好复杂 感觉好累
S000116,2025-11-19 16:30:00,匿名留言板,今天上了三节课，分别是高数、英语和体育。,neutral,今天上了三节课 分别是高数 英语和体育
S000116,2025-11-27 10:24:00,校园论坛,明天有小组会议，要准备一下PPT。 #今天,neutral,明天有小组会议 要准备一下 ppt
S000117,2025-09-04 14:45:00,校园论坛,最近压力好大，睡不着觉。,negative,最近压力好大 睡不着觉
S000117,2025-09-13 05:49:00,校园论坛,今天感觉好累，什么都不想做。 给自己加油！,negative,今天感觉好累 什么都不想做 给自己加油
S000117,2025-10-07 00:58:00,树洞,生活费快花完了，又不好意思向家里要... 分享给大家~,negative,生活费快花完了 又不好意思向家里要 分享给大家
S000117,2025-10-28 15:02:00,匿名留言板,周末和室友一起去看了电影，很放松！ #校园生活,positive,周末和室友一起去看了电影 很放松
S000117,2025-11-25 20:49:00,校园论坛,收到了好朋友的礼物，感动！,positive,收到了好朋友的礼物 感动
S000117,2025-11-29 23:49:00,匿名留言板,最近压力好大，睡不着觉。 加油！,negative,最近压力好大 睡不着觉 加油
S000118,2025-10-03 17:04:00,校园论坛,最近食欲不好，什么都不想吃。 #日常,negative,最近食欲不好 什么都不想吃
S000118,2025-10-09 19:05:00,校园论坛,今天尝试了一道新菜，很成功！ #今天,positive,今天尝试了一道新菜 很成功
S000118,2025-10-28 20:25:00,匿名留言板,今天感觉好累，什么都不想做。 #今天,negative,今天感觉好累 什么都不想做
S000118,2025-11-08 00:41:00,匿名留言板,图书馆九点闭馆，需要早点去。 加油！,neutral,图书馆九点闭馆 需要早点去 加油
S000118,2025-11-24 00:30:00,匿名留言板,完成了一个月的早起打卡计划，坚持就是胜利！,positive,完成了一个月的早起打卡计划 坚持就是胜利
S000118,2025-11-29 02:22:00,匿名留言板,明天有小组会议，要准备一下PPT。 #日常,neutral,明天有小组会议 要准备一下 ppt
S000119,2025-09-25 03:11:00,树洞,图书馆二楼的自习室比较安静。,neutral,图书馆二楼的自习室比较安静
S000119,2025-11-09 09:40:00,匿名留言板,完成了所有作业，可以好好休息一下了。,positive,完成了所有作业 可以好好休息一下了
S000119,2025-11-10 02:19:00,校园论坛,完成了所有作业，可以好好休息一下了。,positive,完成了所有作业 可以好好休息一下了
S000119,2025-11-10 14:41:00,校园论坛,想家了，好想回家... 给自己加油！,negative,想家了 好想回家 给自己加油
S000119,2025-11-11 04:07:00,校园论坛,解决了困扰我好久的问题，太开心了！ 希望明天会更好,positive,解决了困扰我好久的问题 太开心了 希望明天会更好
S000119,2025-11-22 16:09:00,树洞,完成了一个月的早起打卡计划，坚持就是胜利！ 希望明天会更好,positive,完成了一个月的早起打卡计划 坚持就是胜利 希望明天会更好
S000120,2025-09-13 06:46:00,校园论坛,今天的课好难，完全听不懂。 #校园生活,negative,今天的课好难 完全听不懂
S000120,2025-10-17 10:27:00,匿名留言板,今天的阳光很温暖，适合出去走走。,positive,今天的阳光很温暖 适合出去走走
S000120,2025-10-28 10:39:00,匿名留言板,图书馆二楼的自习室比较安静。,neutral,图书馆二楼的自习室比较安静
S000120,2025-11-01 14:28:00,匿名留言板,想家了，好想回家... #记录,negative,想家了 好想回家
S000120,2025-11-22 13:17:00,匿名留言板,这周生活费还剩一半，需要省着点花。 给自己加油！,neutral,这周生活费还剩一半 需要省着点花 给自己加油
S000120,2025-11-23 07:06:00,校园论坛,和朋友们一起吃饭好开心呀！,positive,和朋友们一起吃饭好开心呀
S000121,2025-09-03 16:40:00,校园论坛,解决了困扰我好久的问题，太开心了！ 希望明天会更好,positive,解决了困扰我好久的问题 太开心了 希望明天会更好
S000121,2025-09-23 20:38:00,树洞,今天的午餐特别好吃，食堂阿姨太棒了！,positive,今天的午餐特别好吃 食堂阿姨太棒了
S000121,2025-09-26 08:46:00,校园论坛,图书馆九点闭馆，需要早点去。 加油！,neutral,图书馆九点闭馆 需要早点去 加油
S000121,2025-11-09 15:41:00,校园论坛,室友今天生日，准备买个蛋糕。 #今天,neutral,室友今天生日 准备买个蛋糕
S000121,2025-11-15 06:58:00,树洞,今天的午餐特别好吃，食堂阿姨太棒了！ 分享给大家~,positive,今天的午餐特别好吃 食堂阿姨太棒了 分享给大家
S000121,2025-11-15 23:54:00,匿名留言板,今天尝试了一道新菜，很成功！ 分享给大家~,positive,今天尝试了一道新菜 很成功 分享给大家
S000122,2025-09-19 23:46:00,校园论坛,生活费快花完了，又不好意思向家里要...,negative,生活费快花完了 又不好意思向家里要
S000122,2025-10-21 11:32:00,匿名留言板,完成了一个月的早起打卡计划，坚持就是胜利！ 希望明天会更好,positive,完成了一个月的早起打卡计划 坚持就是胜利 希望明天会更好
S000122,2025-11-02 07:04:00,匿名留言板,完成了一个月的早起打卡计划，坚持就是胜利！,positive,完成了一个月的早起打卡计划 坚持就是胜利
S000122,2025-11-05 04:28:00,匿名留言板,解决了困扰我好久的问题，太开心了！ 希望明天会更好,positive,解决了困扰我好久的问题 太开心了 希望明天会更好
S000122,2025-11-06 11:24:00,校园论坛,最近总是莫名的焦虑不安。,negative,最近总是莫名的焦虑不安
S000122,2025-11-23 10:06:00,树洞,耳机丢了，最近只能外放了。 给自己加油！,neutral,耳机丢了 最近只能外放了 给自己加油
S000123,2025-09-16 21:14:00,校园论坛,今天的课好难，完全听不懂。 加油！,negative,今天的课好难 完全听不懂 加油
S000123,2025-09-29 16:25:00,匿名留言板,生活费快花完了，又不好意思向家里要... #记录,negative,生活费快花完了 又不好意思向家里要
S000123,2025-10-04 18:34:00,校园论坛,人际交往好复杂，感觉好累。 给自己加油！,negative,人际交往好复杂 感觉好累 给自己加油
S000123,2025-11-05 20:17:00,校园论坛,今天上课老师讲的内容很有趣，学到了很多新知识。,positive,今天上课老师讲的内容很有趣 学到了很多新知识
S000123,2025-11-15 20:57:00,校园论坛,耳机丢了，最近只能外放了。 #日常,neutral,耳机丢了 最近只能外放了
S000123,2025-11-17 00:32:00,校园论坛,今天食堂推出了新菜品，排队的人很多。,neutral,今天食堂推出了新菜品 排队的人很多
S000124,2025-09-03 07:02:00,校园论坛,解决了困扰我好久的问题，太开心了！,positive,解决了困扰我好久的问题 太开心了
S000124,2025-09-22 07:53:00,树洞,对未来很迷茫，不知道该怎么办。 希望明天会更好,negative,对未来很迷茫 不知道该怎么办 希望明天会更好
S000124,2025-09-24 16:25:00,校园论坛,今天摔了一跤，膝盖好疼... 给自己加油！,negative,今天摔了一跤 膝盖好疼 给自己加油
S000124,2025-11-05 01:57:00,校园论坛,考试没考好，心情很低落...,negative,考试没考好 心情很低落
S000124,2025-11-24 09:05:00,树洞,和新同学认识聊得很愉快，交到了新朋友。 #记录,positive,和新同学认识聊得很愉快 交到了新朋友
S000124,2025-11-26 15:30:00,树洞,今天上课老师讲的内容很有趣，学到了很多新知识。 给自己加油！,positive,今天上课老师讲的内容很有趣 学到了很多新知识 给自己加油
S000125,2025-09-03 06:33:00,校园论坛,耳机丢了，最近只能外放了。 给自己加油！,neutral,耳机丢了 最近只能外放了 给自己加油
S000125,2025-09-20 19:06:00,校园论坛,和新同学认识聊得很愉快，交到了新朋友。 希望明天会更好,positive,和新同学认识聊得很愉快 交到了新朋友 希望明天会更好
S000125,2025-09-24 19:42:00,匿名留言板,今天和室友闹矛盾了，心情很差。 加油！,negative,今天和室友闹矛盾了 心情很差 加油
S000125,2025-10-29 19:37:00,校园论坛,图书馆的氛围很好，学习效率很高。 #今天,positive,图书馆的氛围很好 学习效率很高
S000125,2025-11-08 16:48:00,校园论坛,小组项目进展顺利，大家配合得很好。 给自己加油！,positive,小组项目进展顺利 大家配合得很好 给自己加油
S000125,2025-11-17 17:52:00,校园论坛,收到了好朋友的礼物，感动！ 分享给大家~,positive,收到了好朋友的礼物 感动 分享给大家
S000126,2025-09-06 22:33:00,校园论坛,被同学误会了，解释也没人听... #今天,negative,被同学误会了 解释也没人听
S000126,2025-09-11 09:38:00,校园论坛,手机内存不够了，需要清理一下。 #日常,neutral,手机内存不够了 需要清理一下
S000126,2025-09-20 13:41:00,校园论坛,期末复习太累了，脑子转不动。 分享给大家~,negative,期末复习太累了 脑子转不动 分享给大家
S000126,2025-10-19 20:13:00,校园论坛,快递到了，要去菜鸟驿站取。 #今天,neutral,快递到了 要去菜鸟驿站取
S000126,2025-11-29 18:06:00,匿名留言板,期末复习太累了，脑子转不动。 #记录,negative,期末复习太累了 脑子转不动
S000126,2025-11-30 23:50:00,匿名留言板,天气凉爽，适合跑步，感觉状态很好。,positive,天气凉爽 适合跑步 感觉状态很好
S000127,2025-10-10 18:22:00,校园论坛,下节课换到了更大的教室。 加油！,neutral,下节课换到了更大的教室 加油
S000127,2025-10-17 19:17:00,校园论坛,下节课换到了更大的教室。,neutral,下节课换到了更大的教室
S000127,2025-10-22 10:51:00,校园论坛,考试没考好，心情很低落...,negative,考试没考好 心情很低落
S000127,2025-11-11 15:11:00,校园论坛,感觉和周围的人格格不入。 #记录,negative,感觉和周围的人格格不入
S000127,2025-11-21 00:51:00,树洞,收到了心仪公司的offer，太激动了！ #记录,positive,收到了心仪公司的 太激动了 offer
S000127,2025-11-24 03:47:00,校园论坛,今天上课老师讲的内容很有趣，学到了很多新知识。,positive,今天上课老师讲的内容很有趣 学到了很多新知识
S000128,2025-09-08 05:40:00,树洞,今天感觉好累，什么都不想做。,negative,今天感觉好累 什么都不想做
S000128,2025-09-21 02:17:00,校园论坛,室友今天生日，准备买个蛋糕。 给自己加油！,neutral,室友今天生日 准备买个蛋糕 给自己加油
S000128,2025-09-30 19:10:00,匿名留言板,室友今天生日，准备买个蛋糕。,neutral,室友今天生日 准备买个蛋糕
S000128,2025-10-20 12:39:00,树洞,学校最近在举办运动会报名。 加油！,neutral,学校最近在举办运动会报名 加油
S000128,2025-10-26 02:04:00,匿名留言板,完成了所有作业，可以好好休息一下了。,positive,完成了所有作业 可以好好休息一下了
S000128,2025-11-06 09:12:00,匿名留言板,和新同学认识聊得很愉快，交到了新朋友。 分享给大家~,positive,和新同学认识聊得很愉快 交到了新朋友 分享给大家
S000129,2025-09-25 14:59:00,校园论坛,今天感觉好累，什么都不想做。 #日常,negative,今天感觉好累 什么都不想做
S000129,2025-10-19 18:30:00,匿名留言板,快递到了，要去菜鸟驿站取。 #记录,neutral,快递到了 要去菜鸟驿站取
S000129,2025-11-04 03:35:00,树洞,和同学讨论问题很有收获，团队合作很重要。 #校园生活,positive,和同学讨论问题很有收获 团队合作很重要
S000129,2025-11-05 08:56:00,匿名留言板,今天摔了一跤，膝盖好疼... #日常,negative,今天摔了一跤 膝盖好疼
S000129,2025-11-11 18:22:00,匿名留言板,期末复习太累了，脑子转不动。,negative,期末复习太累了 脑子转不动
S000129,2025-11-15 06:33:00,匿名留言板,和朋友们一起吃饭好开心呀！,positive,和朋友们一起吃饭好开心呀
S000130,2025-09-29 21:44:00,树洞,今天的阳光很温暖，适合出去走走。 #今天,positive,今天的阳光很温暖 适合出去走走
S000130,2025-10-22 21:47:00,树洞,图书馆九点闭馆，需要早点去。 分享给大家~,neutral,图书馆九点闭馆 需要早点去 分享给大家
S000130,2025-10-31 10:22:00,校园论坛,解决了困扰我好久的问题，太开心了！ #日常,positive,解决了困扰我好久的问题 太开心了
S000130,2025-11-06 17:00:00,校园论坛,下个月有英语四级考试，要开始准备了。,neutral,下个月有英语四级考试 要开始准备了
S000130,2025-11-15 00:30:00,匿名留言板,和朋友们一起吃饭好开心呀！ #今天,positive,和朋友们一起吃饭好开心呀
S000130,2025-11-27 06:31:00,校园论坛,今天作业不多，可以早点休息。 加油！,neutral,今天作业不多 可以早点休息 加油
S000131,2025-09-05 16:22:00,树洞,今天和室友闹矛盾了，心情很差。 #记录,negative,今天和室友闹矛盾了 心情很差
S000131,2025-09-14 03:58:00,校园论坛,小组项目进展顺利，大家配合得很好。 希望明天会更好,positive,小组项目进展顺利 大家配合得很好 希望明天会更好
S000131,2025-10-04 06:14:00,校园论坛,完成了一个月的早起打卡计划，坚持就是胜利！ 希望明天会更好,positive,完成了一个月的早起打卡计划 坚持就是胜利 希望明天会更好
S000131,2025-11-09 01:54:00,校园论坛,连续几天失眠，白天没精神。 #校园生活,negative,连续几天失眠 白天没精神
S000131,2025-11-13 04:03:00,树洞,每天都很忙碌但又觉得没有意义... #记录,negative,每天都很忙碌但又觉得没有意义
S000131,2025-11-13 08:31:00,校园论坛,天气凉爽，适合跑步，感觉状态很好。 #日常,positive,天气凉爽 适合跑步 感觉状态很好
S000132,2025-09-13 23:17:00,树洞,电脑风扇声音很大，该清灰了。 #今天,neutral,电脑风扇声音很大 该清灰了
S000132,2025-10-04 07:17:00,校园论坛,连续几天失眠，白天没精神。 #校园生活,negative,连续几天失眠 白天没精神
S000132,2025-10-06 14:11:00,校园论坛,今天摔了一跤，膝盖好疼... 给自己加油！,negative,今天摔了一跤 膝盖好疼 给自己加油
S000132,2025-10-19 18:06:00,校园论坛,连续几天失眠，白天没精神。 #日常,negative,连续几天失眠 白天没精神
S000132,2025-11-03 13:13:00,树洞,生活费快花完了，又不好意思向家里要... #校园生活,negative,生活费快花完了 又不好意思向家里要
S000132,2025-11-29 16:29:00,匿名留言板,今天感觉好累，什么都不想做。,negative,今天感觉好累 什么都不想做
S000133,2025-09-13 14:47:00,匿名留言板,生活费快花完了，又不好意思向家里要... #校园生活,negative,生活费快花完了 又不好意思向家里要
S000133,2025-09-23 13:31:00,匿名留言板,天气凉爽，适合跑步，感觉状态很好。 分享给大家~,positive,天气凉爽 适合跑步 感觉状态很好 分享给大家
S000133,2025-09-26 04:51:00,树洞,这周生活费还剩一半，需要省着点花。 #记录,neutral,这周生活费还剩一半 需要省着点花
S000133,2025-10-03 11:01:00,树洞,生活费快花完了，又不好意思向家里要... 给自己加油！,negative,生活费快花完了 又不好意思向家里要 给自己加油
S000133,2025-11-02 09:16:00,校园论坛,今天摔了一跤，膝盖好疼...,negative,今天摔了一跤 膝盖好疼
S000133,2025-11-28 05:03:00,树洞,今天的午餐特别好吃，食堂阿姨太棒了！ #记录,positive,今天的午餐特别好吃 食堂阿姨太棒了
S000134,2025-09-11 12:39:00,匿名留言板,收到了心仪公司的offer，太激动了！,positive,收到了心仪公司的 太激动了 offer
S000134,2025-09-26 18:36:00,树洞,电脑风扇声音很大，该清灰了。,neutral,电脑风扇声音很大 该清灰了
S000134,2025-10-07 11:20:00,校园论坛,下周有社团活动，需要招募志愿者。 加油！,neutral,下周有社团活动 需要招募志愿者 加油
S000134,2025-10-14 07:20:00,校园论坛,想家了，好想回家... 加油！,negative,想家了 好想回家 加油
S000134,2025-10-14 13:40:00,校园论坛,下节课换到了更大的教室。,neutral,下节课换到了更大的教室
S000134,2025-11-22 12:17:00,匿名留言板,室友今天生日，准备买个蛋糕。 加油！,neutral,室友今天生日 准备买个蛋糕 加油
S000135,2025-09-11 20:59:00,校园论坛,学校最近在举办运动会报名。,neutral,学校最近在举办运动会报名
S000135,2025-09-14 03:04:00,校园论坛,下周有社团活动，需要招募志愿者。 分享给大家~,neutral,下周有社团活动 需要招募志愿者 分享给大家
S000135,2025-10-07 14:40:00,校园论坛,天气凉爽，适合跑步，感觉状态很好。,positive,天气凉爽 适合跑步 感觉状态很好
S000135,2025-10-21 16:48:00,匿名留言板,明天有小组会议，要准备一下PPT。 #日常,neutral,明天有小组会议 要准备一下 ppt
S000135,2025-10-28 13:10:00,匿名留言板,今天天气真好，心情也很棒！,positive,今天天气真好 心情也很棒
S000135,2025-11-24 08:47:00,校园论坛,图书馆九点闭馆，需要早点去。,neutral,图书馆九点闭馆 需要早点去
S000136,2025-09-01 16:52:00,校园论坛,这周生活费还剩一半，需要省着点花。 #校园生活,neutral,这周生活费还剩一半 需要省着点花
S000136,2025-09-12 14:19:00,校园论坛,期末复习太累了，脑子转不动。,negative,期末复习太累了 脑子转不动
S000136,2025-10-29 20:47:00,匿名留言板,图书馆二楼的自习室比较安静。 #今天,neutral,图书馆二楼的自习室比较安静
S000136,2025-11-09 08:35:00,匿名留言板,感觉和周围的人格格不入。,negative,感觉和周围的人格格不入
S000136,2025-11-21 17:19:00,校园论坛,下周有社团活动，需要招募志愿者。 分享给大家~,neutral,下周有社团活动 需要招募志愿者 分享给大家
S000136,2025-11-24 11:55:00,树洞,下周有社团活动，需要招募志愿者。 #记录,neutral,下周有社团活动 需要招募志愿者
S000137,2025-09-09 05:08:00,校园论坛,今天尝试了一道新菜，很成功！ 希望明天会更好,positive,今天尝试了一道新菜 很成功 希望明天会更好
S000137,2025-10-20 12:14:00,校园论坛,收到了好朋友的礼物，感动！ 给自己加油！,positive,收到了好朋友的礼物 感动 给自己加油
S000137,2025-10-23 17:27:00,匿名留言板,今天和室友闹矛盾了，心情很差。 加油！,negative,今天和室友闹矛盾了 心情很差 加油
S000137,2025-10-26 09:38:00,校园论坛,今天天气真好，心情也很棒！ 分享给大家~,positive,今天天气真好 心情也很棒 分享给大家
S000137,2025-11-08 00:44:00,校园论坛,下周有社团活动，需要招募志愿者。 #日常,neutral,下周有社团活动 需要招募志愿者
S000137,2025-11-18 22:43:00,校园论坛,今天被老师表扬了，有点小骄傲！ #日常,positive,今天被老师表扬了 有点小骄傲
S000138,2025-09-05 10:05:00,校园论坛,这周生活费还剩一半，需要省着点花。,neutral,这周生活费还剩一半 需要省着点花
S000138,2025-10-14 13:19:00,校园论坛,下周有社团活动，需要招募志愿者。 #校园生活,neutral,下周有社团活动 需要招募志愿者
S000138,2025-10-21 02:34:00,树洞,感觉自己什么都做不好，好失败... #日常,negative,感觉自己什么都做不好 好失败
S000138,2025-10-27 23:00:00,校园论坛,收到了心仪公司的offer，太激动了！,positive,收到了心仪公司的 太激动了 offer
S000138,2025-11-08 00:11:00,校园论坛,学校最近在举办运动会报名。 #日常,neutral,学校最近在举办运动会报名
S000138,2025-11-29 19:31:00,校园论坛,今天天气真好，心情也很棒！,positive,今天天气真好 心情也很棒
S000139,2025-09-02 03:49:00,校园论坛,下节课换到了更大的教室。 #记录,neutral,下节课换到了更大的教室
S000139,2025-09-05 06:29:00,匿名留言板,明天有小组会议，要准备一下PPT。 分享给大家~,neutral,明天有小组会议 要准备一下 分享给大家 ppt
S000139,2025-09-06 23:59:00,校园论坛,感觉好孤独，没有人理解我... #日常,negative,感觉好孤独 没有人理解我
S000139,2025-09-27 15:24:00,校园论坛,学校最近在举办运动会报名。 #校园生活,neutral,学校最近在举办运动会报名
S000139,2025-10-09 06:23:00,校园论坛,周末打算去超市买点日用品。,neutral,周末打算去超市买点日用品
S000139,2025-10-26 10:00:00,校园论坛,今天的午餐特别好吃，食堂阿姨太棒了！ 希望明天会更好,positive,今天的午餐特别好吃 食堂阿姨太棒了 希望明天会更好
S000140,2025-09-14 04:31:00,匿名留言板,今天被老师表扬了，有点小骄傲！ 给自己加油！,positive,今天被老师表扬了 有点小骄傲 给自己加油
S000140,2025-10-02 00:02:00,匿名留言板,被同学误会了，解释也没人听... 加油！,negative,被同学误会了 解释也没人听 加油
S000140,2025-10-03 01:31:00,匿名留言板,电脑风扇声音很大，该清灰了。 #日常,neutral,电脑风扇声音很大 该清灰了
S000140,2025-10-18 02:15:00,匿名留言板,和朋友们一起吃饭好开心呀！ 给自己加油！,positive,和朋友们一起吃饭好开心呀 给自己加油
S000140,2025-10-27 23:12:00,匿名留言板,图书馆的氛围很好，学习效率很高。 #校园生活,positive,图书馆的氛围很好 学习效率很高
S000140,2025-11-20 01:03:00,匿名留言板,对未来很迷茫，不知道该怎么办。 加油！,negative,对未来很迷茫 不知道该怎么办 加油
S000141,2025-10-06 19:58:00,匿名留言板,天气预报说明天会下雨，记得带伞。,neutral,天气预报说明天会下雨 记得带伞
S000141,2025-10-28 09:52:00,校园论坛,完成了所有作业，可以好好休息一下了。 #记录,positive,完成了所有作业 可以好好休息一下了
S000141,2025-11-02 06:36:00,匿名留言板,完成了所有作业，可以好好休息一下了。 #校园生活,positive,完成了所有作业 可以好好休息一下了
S000141,2025-11-19 07:20:00,校园论坛,电脑风扇声音很大，该清灰了。 #今天,neutral,电脑风扇声音很大 该清灰了
S000141,2025-11-21 16:24:00,树洞,今天上了三节课，分别是高数、英语和体育。 希望明天会更好,neutral,今天上了三节课 分别是高数 英语和体育 希望明天会更好
S000141,2025-11-27 15:49:00,校园论坛,连续几天失眠，白天没精神。 #日常,negative,连续几天失眠 白天没精神
S000142,2025-09-05 18:41:00,匿名留言板,下周有社团活动，需要招募志愿者。 分享给大家~,neutral,下周有社团活动 需要招募志愿者 分享给大家
S000142,2025-09-08 11:35:00,匿名留言板,手机内存不够了，需要清理一下。 #校园生活,neutral,手机内存不够了 需要清理一下
S000142,2025-09-17 05:55:00,校园论坛,运动完之后整个人都轻松了，强烈推荐大家多锻炼！ #记录,positive,运动完之后整个人都轻松了 强烈推荐大家多锻炼
S000142,2025-09-27 20:31:00,树洞,图书馆九点闭馆，需要早点去。 #记录,neutral,图书馆九点闭馆 需要早点去
S000142,2025-11-15 08:03:00,校园论坛,连续几天失眠，白天没精神。 加油！,negative,连续几天失眠 白天没精神 加油
S000142,2025-11-22 10:07:00,树洞,和朋友们一起吃饭好开心呀！,positive,和朋友们一起吃饭好开心呀
S000143,2025-09-08 19:17:00,校园论坛,最近压力好大，睡不着觉。 #日常,negative,最近压力好大 睡不着觉
S000143,2025-09-25 16:42:00,匿名留言板,今天上课老师讲的内容很有趣，学到了很多新知识。 分享给大家~,positive,今天上课老师讲的内容很有趣 学到了很多新知识 分享给大家
S000143,2025-09-28 16:06:00,校园论坛,完成了一个月的早起打卡计划，坚持就是胜利！ 分享给大家~,positive,完成了一个月的早起打卡计划 坚持就是胜利 分享给大家
S000143,2025-10-24 23:06:00,匿名留言板,图书馆二楼的自习室比较安静。 #校园生活,neutral,图书馆二楼的自习室比较安静
S000143,2025-11-04 10:42:00,树洞,和新同学认识聊得很愉快，交到了新朋友。 #记录,positive,和新同学认识聊得很愉快 交到了新朋友
S000143,2025-11-29 21:27:00,匿名留言板,天气预报说明天会下雨，记得带伞。,neutral,天气预报说明天会下雨 记得带伞
S000144,2025-09-29 06:54:00,匿名留言板,期末复习太累了，脑子转不动。 分享给大家~,negative,期末复习太累了 脑子转不动 分享给大家
S000144,2025-10-03 11:28:00,匿名留言板,人际交往好复杂，感觉好累。,negative,人际交往好复杂 感觉好累
S000144,2025-10-07 19:01:00,校园论坛,想家了，好想回家...,negative,想家了 好想回家
S000144,2025-10-11 17:20:00,校园论坛,手机内存不够了，需要清理一下。 给自己加油！,neutral,手机内存不够了 需要清理一下 给自己加油
S000144,2025-10-12 19:15:00,匿名留言板,感觉自己什么都做不好，好失败... #今天,negative,感觉自己什么都做不好 好失败
S000144,2025-11-13 18:09:00,校园论坛,今天尝试了一道新菜，很成功！ #校园生活,positive,今天尝试了一道新菜 很成功
S000145,2025-09-12 18:25:00,校园论坛,感觉自己什么都做不好，好失败... 加油！,negative,感觉自己什么都做不好 好失败 加油
S000145,2025-09-30 23:41:00,匿名留言板,今天上了三节课，分别是高数、英语和体育。 给自己加油！,neutral,今天上了三节课 分别是高数 英语和体育 给自己加油
S000145,2025-10-04 11:56:00,树洞,最近食欲不好，什么都不想吃。 #日常,negative,最近食欲不好 什么都不想吃
S000145,2025-10-09 01:46:00,匿名留言板,下节课换到了更大的教室。,neutral,下节课换到了更大的教室
S000145,2025-10-12 15:11:00,匿名留言板,今天摔了一跤，膝盖好疼...,negative,今天摔了一跤 膝盖好疼
S000145,2025-10-13 11:56:00,树洞,手机内存不够了，需要清理一下。,neutral,手机内存不够了 需要清理一下
S000146,2025-09-07 17:25:00,校园论坛,图书馆的氛围很好，学习效率很高。 分享给大家~,positive,图书馆的氛围很好 学习效率很高 分享给大家
S000146,2025-10-08 12:09:00,匿名留言板,和朋友们一起吃饭好开心呀！ #记录,positive,和朋友们一起吃饭好开心呀
S000146,2025-10-12 16:44:00,匿名留言板,考试终于结束了，感觉发挥得不错！ 给自己加油！,positive,考试终于结束了 感觉发挥得不错 给自己加油
S000146,2025-10-19 01:19:00,匿名留言板,今天的课好难，完全听不懂。 分享给大家~,negative,今天的课好难 完全听不懂 分享给大家
S000146,2025-10-21 14:48:00,校园论坛,论文写不出来，deadline又快到了。,negative,论文写不出来 又快到了 deadline
S000146,2025-11-29 04:48:00,校园论坛,今天被老师表扬了，有点小骄傲！,positive,今天被老师表扬了 有点小骄傲
S000147,2025-09-04 09:10:00,匿名留言板,明天早八有课，要定闹钟了。 #记录,neutral,明天早八有课 要定闹钟了
S000147,2025-09-11 03:47:00,树洞,和新同学认识聊得很愉快，交到了新朋友。,positive,和新同学认识聊得很愉快 交到了新朋友
S000147,2025-10-05 13:20:00,校园论坛,图书馆二楼的自习室比较安静。,neutral,图书馆二楼的自习室比较安静
S000147,2025-10-23 13:23:00,匿名留言板,今天的课好难，完全听不懂。 #校园生活,negative,今天的课好难 完全听不懂
S000147,2025-10-27 01:59:00,校园论坛,周末打算去超市买点日用品。 给自己加油！,neutral,周末打算去超市买点日用品 给自己加油
S000147,2025-11-23 18:12:00,校园论坛,论文写不出来，deadline又快到了。,negative,论文写不出来 又快到了 deadline
S000148,2025-09-03 10:13:00,匿名留言板,周末打算去超市买点日用品。,neutral,周末打算去超市买点日用品
S000148,2025-09-03 12:37:00,校园论坛,耳机丢了，最近只能外放了。,neutral,耳机丢了 最近只能外放了
S000148,2025-09-08 09:12:00,校园论坛,明天早八有课，要定闹钟了。 #日常,neutral,明天早八有课 要定闹钟了
S000148,2025-10-04 17:30:00,匿名留言板,这周生活费还剩一半，需要省着点花。 加油！,neutral,这周生活费还剩一半 需要省着点花 加油
S000148,2025-10-07 00:21:00,校园论坛,明天有小组会议，要准备一下PPT。 #日常,neutral,明天有小组会议 要准备一下 ppt
S000148,2025-11-23 00:04:00,树洞,期末复习太累了，脑子转不动。 给自己加油！,negative,期末复习太累了 脑子转不动 给自己加油
S000149,2025-09-03 01:15:00,校园论坛,学校最近在举办运动会报名。 #校园生活,neutral,学校最近在举办运动会报名
S000149,2025-09-21 00:22:00,校园论坛,室友今天生日，准备买个蛋糕。 给自己加油！,neutral,室友今天生日 准备买个蛋糕 给自己加油
S000149,2025-10-19 16:45:00,树洞,今天的阳光很温暖，适合出去走走。 #记录,positive,今天的阳光很温暖 适合出去走走
S000149,2025-11-04 08:51:00,树洞,今天的午餐特别好吃，食堂阿姨太棒了！ #今天,positive,今天的午餐特别好吃 食堂阿姨太棒了
S000149,2025-11-08 02:11:00,树洞,今天尝试了一道新菜，很成功！ 分享给大家~,positive,今天尝试了一道新菜 很成功 分享给大家
S000149,2025-11-24 11:55:00,校园论坛,和同学讨论问题很有收获，团队合作很重要。 给自己加油！,positive,和同学讨论问题很有收获 团队合作很重要 给自己加油
S000150,2025-09-04 17:17:00,匿名留言板,今天的阳光很温暖，适合出去走走。 #今天,positive,今天的阳光很温暖 适合出去走走
S000150,2025-09-12 23:24:00,匿名留言板,连续几天失眠，白天没精神。 给自己加油！,negative,连续几天失眠 白天没精神 给自己加油
S000150,2025-09-19 20:59:00,校园论坛,今天和室友闹矛盾了，心情很差。 #校园生活,negative,今天和室友闹矛盾了 心情很差
S000150,2025-09-26 04:19:00,校园论坛,耳机丢了，最近只能外放了。,neutral,耳机丢了 最近只能外放了
S000150,2025-10-24 07:36:00,校园论坛,和同学讨论问题很有收获，团队合作很重要。 希望明天会更好,positive,和同学讨论问题很有收获 团队合作很重要 希望明天会更好
S000150,2025-11-09 04:13:00,匿名留言板,图书馆二楼的自习室比较安静。 分享给大家~,neutral,图书馆二楼的自习室比较安静 分享给大家
S000151,2025-09-11 22:49:00,校园论坛,论文写不出来，deadline又快到了。 希望明天会更好,negative,论文写不出来 又快到了 希望明天会更好 deadline
S000151,2025-09-14 04:11:00,校园论坛,和新同学认识聊得很愉快，交到了新朋友。 希望明天会更好,positive,和新同学认识聊得很愉快 交到了新朋友 希望明天会更好
S000151,2025-10-11 13:26:00,匿名留言板,期末复习太累了，脑子转不动。,negative,期末复习太累了 脑子转不动
S000151,2025-11-08 23:07:00,校园论坛,收到了心仪公司的offer，太激动了！ 加油！,positive,收到了心仪公司的 太激动了 加油 offer
S000151,2025-11-12 19:14:00,校园论坛,最近食欲不好，什么都不想吃。 给自己加油！,negative,最近食欲不好 什么都不想吃 给自己加油
S000151,2025-11-23 11:11:00,校园论坛,下周有社团活动，需要招募志愿者。 #记录,neutral,下周有社团活动 需要招募志愿者
S000152,2025-09-06 19:47:00,匿名留言板,快递到了，要去菜鸟驿站取。 #今天,neutral,快递到了 要去菜鸟驿站取
S000152,2025-09-25 07:02:00,树洞,今天感觉好累，什么都不想做。 #日常,negative,今天感觉好累 什么都不想做
S000152,2025-09-29 23:42:00,校园论坛,周末打算去超市买点日用品。,neutral,周末打算去超市买点日用品
S000152,2025-10-27 19:31:00,校园论坛,今天食堂推出了新菜品，排队的人很多。,neutral,今天食堂推出了新菜品 排队的人很多
S000152,2025-10-29 01:56:00,校园论坛,耳机丢了，最近只能外放了。 分享给大家~,neutral,耳机丢了 最近只能外放了 分享给大家
S000152,2025-11-13 19:34:00,校园论坛,考试没考好，心情很低落... 分享给大家~,negative,考试没考好 心情很低落 分享给大家
S000153,2025-09-06 17:24:00,校园论坛,考试没考好，心情很低落...,negative,考试没考好 心情很低落
S000153,2025-10-21 09:49:00,校园论坛,今天食堂推出了新菜品，排队的人很多。,neutral,今天食堂推出了新菜品 排队的人很多
S000153,2025-10-28 02:46:00,树洞,今天和室友闹矛盾了，心情很差。 希望明天会更好,negative,今天和室友闹矛盾了 心情很差 希望明天会更好
S000153,2025-10-29 18:57:00,校园论坛,周末打算去超市买点日用品。 #记录,neutral,周末打算去超市买点日用品
S000153,2025-11-18 01:44:00,树洞,对未来很迷茫，不知道该怎么办。 #记录,negative,对未来很迷茫 不知道该怎么办
S000153,2025-11-29 17:08:00,校园论坛,今天的课好难，完全听不懂。 #记录,negative,今天的课好难 完全听不懂
S000154,2025-09-12 03:45:00,匿名留言板,生活费快花完了，又不好意思向家里要...,negative,生活费快花完了 又不好意思向家里要
S000154,2025-09-20 05:55:00,校园论坛,考试终于结束了，感觉发挥得不错！ #今天,positive,考试终于结束了 感觉发挥得不错
S000154,2025-10-12 22:41:00,匿名留言板,天气预报说明天会下雨，记得带伞。 加油！,neutral,天气预报说明天会下雨 记得带伞 加油
S000154,2025-10-19 01:49:00,树洞,今天的阳光很温暖，适合出去走走。 希望明天会更好,positive,今天的阳光很温暖 适合出去走走 希望明天会更好
S000154,2025-10-20 23:50:00,校园论坛,明天早八有课，要定闹钟了。,neutral,明天早八有课 要定闹钟了
S000154,2025-10-28 09:40:00,校园论坛,收到了心仪公司的offer，太激动了！,positive,收到了心仪公司的 太激动了 offer
S000155,2025-09-11 19:38:00,匿名留言板,今天被老师表扬了，有点小骄傲！ #日常,positive,今天被老师表扬了 有点小骄傲
S000155,2025-09-12 01:06:00,匿名留言板,今天和室友闹矛盾了，心情很差。,negative,今天和室友闹矛盾了 心情很差
S000155,2025-09-19 01:42:00,校园论坛,连续几天失眠，白天没精神。 #日常,negative,连续几天失眠 白天没精神
S000155,2025-10-03 00:29:00,树洞,被同学误会了，解释也没人听... 分享给大家~,negative,被同学误会了 解释也没人听 分享给大家
S000155,2025-11-11 06:03:00,校园论坛,考试终于结束了，感觉发挥得不错！ 给自己加油！,positive,考试终于结束了 感觉发挥得不错 给自己加油
S000155,2025-11-17 15:15:00,校园论坛,小组项目进展顺利，大家配合得很好。 #记录,positive,小组项目进展顺利 大家配合得很好
S000156,2025-09-09 09:30:00,匿名留言板,今天的午餐特别好吃，食堂阿姨太棒了！ #校园生活,positive,今天的午餐特别好吃 食堂阿姨太棒了
S000156,2025-10-12 11:57:00,树洞,最近压力好大，睡不着觉。 #今天,negative,最近压力好大 睡不着觉
S000156,2025-10-29 23:37:00,匿名留言板,考试没考好，心情很低落...,negative,考试没考好 心情很低落
S000156,2025-11-07 06:44:00,匿名留言板,考试终于结束了，感觉发挥得不错！,positive,考试终于结束了 感觉发挥得不错
S000156,2025-11-18 21:44:00,校园论坛,图书馆二楼的自习室比较安静。 分享给大家~,neutral,图书馆二楼的自习室比较安静 分享给大家
S000156,2025-11-20 16:05:00,校园论坛,连续几天失眠，白天没精神。 加油！,negative,连续几天失眠 白天没精神 加油
S000157,2025-10-23 01:21:00,匿名留言板,感觉自己什么都做不好，好失败...,negative,感觉自己什么都做不好 好失败
S000157,2025-10-30 20:50:00,树洞,周末和室友一起去看了电影，很放松！ 希望明天会更好,positive,周末和室友一起去看了电影 很放松 希望明天会更好
S000157,2025-11-17 10:16:00,树洞,连续几天失眠，白天没精神。 #校园生活,negative,连续几天失眠 白天没精神
S000157,2025-11-18 07:45:00,校园论坛,周末和室友一起去看了电影，很放松！,positive,周末和室友一起去看了电影 很放松
S000157,2025-11-18 18:31:00,树洞,被同学误会了，解释也没人听... #记录,negative,被同学误会了 解释也没人听
S000157,2025-11-28 09:16:00,匿名留言板,学校最近在举办运动会报名。 #日常,neutral,学校最近在举办运动会报名
S000158,2025-09-27 18:43:00,树洞,生活费快花完了，又不好意思向家里要...,negative,生活费快花完了 又不好意思向家里要
S000158,2025-10-12 00:07:00,匿名留言板,快递到了，要去菜鸟驿站取。 #今天,neutral,快递到了 要去菜鸟驿站取
S000158,2025-10-29 17:57:00,校园论坛,每天都很忙碌但又觉得没有意义... 加油！,negative,每天都很忙碌但又觉得没有意义 加油
S000158,2025-11-01 15:51:00,校园论坛,收到了心仪公司的offer，太激动了！ #记录,positive,收到了心仪公司的 太激动了 offer
S000158,2025-11-06 09:36:00,匿名留言板,快递到了，要去菜鸟驿站取。 分享给大家~,neutral,快递到了 要去菜鸟驿站取 分享给大家
S000158,2025-11-18 00:53:00,树洞,今天的阳光很温暖，适合出去走走。 #校园生活,positive,今天的阳光很温暖 适合出去走走
S000159,2025-09-26 02:28:00,校园论坛,被同学误会了，解释也没人听... 分享给大家~,negative,被同学误会了 解释也没人听 分享给大家
S000159,2025-10-06 00:21:00,匿名留言板,电脑风扇声音很大，该清灰了。,neutral,电脑风扇声音很大 该清灰了
S000159,2025-10-09 06:33:00,匿名留言板,感觉好孤独，没有人理解我... #校园生活,negative,感觉好孤独 没有人理解我
S000159,2025-10-14 15:46:00,校园论坛,学校最近在举办运动会报名。 #校园生活,neutral,学校最近在举办运动会报名
S000159,2025-10-20 05:38:00,树洞,和同学讨论问题很有收获，团队合作很重要。 加油！,positive,和同学讨论问题很有收获 团队合作很重要 加油
S000159,2025-11-30 01:17:00,校园论坛,被同学误会了，解释也没人听...,negative,被同学误会了 解释也没人听
S000160,2025-09-13 16:43:00,校园论坛,周末打算去超市买点日用品。 加油！,neutral,周末打算去超市买点日用品 加油
S000160,2025-10-12 06:12:00,匿名留言板,今天被老师表扬了，有点小骄傲！ #校园生活,positive,今天被老师表扬了 有点小骄傲
S000160,2025-10-20 22:55:00,树洞,今天感觉好累，什么都不想做。 #日常,negative,今天感觉好累 什么都不想做
S000160,2025-11-24 23:19:00,树洞,和同学讨论问题很有收获，团队合作很重要。 给自己加油！,positive,和同学讨论问题很有收获 团队合作很重要 给自己加油
S000160,2025-11-25 03:17:00,校园论坛,今天的午餐特别好吃，食堂阿姨太棒了！,positive,今天的午餐特别好吃 食堂阿姨太棒了
S000160,2025-11-27 19:55:00,校园论坛,今天尝试了一道新菜，很成功！,positive,今天尝试了一道新菜 很成功
S000161,2025-09-23 22:38:00,校园论坛,今天食堂推出了新菜品，排队的人很多。 希望明天会更好,neutral,今天食堂推出了新菜品 排队的人很多 希望明天会更好
S000161,2025-10-05 04:45:00,校园论坛,图书馆二楼的自习室比较安静。,neutral,图书馆二楼的自习室比较安静
S000161,2025-10-10 19:57:00,校园论坛,最近总是莫名的焦虑不安。,negative,最近总是莫名的焦虑不安
S000161,2025-10-13 06:45:00,树洞,电脑风扇声音很大，该清灰了。,neutral,电脑风扇声音很大 该清灰了
S000161,2025-10-31 21:03:00,校园论坛,考试终于结束了，感觉发挥得不错！,positive,考试终于结束了 感觉发挥得不错
S000161,2025-11-19 17:32:00,匿名留言板,今天被老师表扬了，有点小骄傲！ #校园生活,positive,今天被老师表扬了 有点小骄傲
S000162,2025-09-09 15:07:00,校园论坛,最近总是莫名的焦虑不安。,negative,最近总是莫名的焦虑不安
S000162,2025-09-19 19:16:00,匿名留言板,下节课换到了更大的教室。,neutral,下节课换到了更大的教室
S000162,2025-10-15 19:36:00,树洞,运动完之后整个人都轻松了，强烈推荐大家多锻炼！ #今天,positive,运动完之后整个人都轻松了 强烈推荐大家多锻炼
S000162,2025-10-30 18:08:00,校园论坛,今天尝试了一道新菜，很成功！,positive,今天尝试了一道新菜 很成功
S000162,2025-11-25 10:50:00,校园论坛,快递到了，要去菜鸟驿站取。 #记录,neutral,快递到了 要去菜鸟驿站取
S000162,2025-11-27 20:45:00,树洞,下周有社团活动，需要招募志愿者。,neutral,下周有社团活动 需要招募志愿者
S000163,2025-09-10 23:59:00,匿名留言板,下周有社团活动，需要招募志愿者。,neutral,下周有社团活动 需要招募志愿者
S000163,2025-09-14 10:35:00,校园论坛,学校最近在举办运动会报名。 分享给大家~,neutral,学校最近在举办运动会报名 分享给大家
S000163,2025-10-20 02:21:00,匿名留言板,解决了困扰我好久的问题，太开心了！ #今天,positive,解决了困扰我好久的问题 太开心了
S000163,2025-10-26 18:50:00,匿名留言板,最近食欲不好，什么都不想吃。,negative,最近食欲不好 什么都不想吃
S000163,2025-10-30 10:35:00,校园论坛,今天尝试了一道新菜，很成功！,positive,今天尝试了一道新菜 很成功
S000163,2025-11-15 13:15:00,树洞,电脑风扇声音很大，该清灰了。,neutral,电脑风扇声音很大 该清灰了
S000164,2025-10-09 18:50:00,匿名留言板,学校最近在举办运动会报名。 #今天,neutral,学校最近在举办运动会报名
S000164,2025-10-15 02:37:00,树洞,天气凉爽，适合跑步，感觉状态很好。 #今天,positive,天气凉爽 适合跑步 感觉状态很好
S000164,2025-10-20 19:36:00,树洞,感觉自己什么都做不好，好失败... 给自己加油！,negative,感觉自己什么都做不好 好失败 给自己加油
S000164,2025-10-22 02:38:00,校园论坛,和新同学认识聊得很愉快，交到了新朋友。 #今天,positive,和新同学认识聊得很愉快 交到了新朋友
S000164,2025-11-21 00:48:00,匿名留言板,收到了心仪公司的offer，太激动了！ #记录,positive,收到了心仪公司的 太激动了 offer
S000164,2025-11-22 21:03:00,树洞,收到了心仪公司的offer，太激动了！ 希望明天会更好,positive,收到了心仪公司的 太激动了 希望明天会更好 offer
S000165,2025-10-08 01:23:00,匿名留言板,食堂今天的菜色和昨天差不多。,neutral,食堂今天的菜色和昨天差不多
S000165,2025-10-16 03:55:00,校园论坛,今天天气真好，心情也很棒！,positive,今天天气真好 心情也很棒
S000165,2025-10-17 13:09:00,校园论坛,收到了心仪公司的offer，太激动了！,positive,收到了心仪公司的 太激动了 offer
S000165,2025-11-09 06:42:00,匿名留言板,收到了心仪公司的offer，太激动了！,positive,收到了心仪公司的 太激动了 offer
S000165,2025-11-15 12:40:00,校园论坛,人际交往好复杂，感觉好累。 #今天,negative,人际交往好复杂 感觉好累
S000165,2025-11-22 00:09:00,校园论坛,下周有社团活动，需要招募志愿者。 给自己加油！,neutral,下周有社团活动 需要招募志愿者 给自己加油
S000166,2025-09-18 02:08:00,树洞,手机内存不够了，需要清理一下。 #记录,neutral,手机内存不够了 需要清理一下
S000166,2025-10-18 03:37:00,匿名留言板,最近压力好大，睡不着觉。,negative,最近压力好大 睡不着觉
S000166,2025-11-09 18:23:00,校园论坛,考试终于结束了，感觉发挥得不错！ 希望明天会更好,positive,考试终于结束了 感觉发挥得不错 希望明天会更好
S000166,2025-11-10 14:24:00,匿名留言板,今天和室友闹矛盾了，心情很差。 #今天,negative,今天和室友闹矛盾了 心情很差
S000166,2025-11-13 15:54:00,校园论坛,耳机丢了，最近只能外放了。 #日常,neutral,耳机丢了 最近只能外放了
S000166,2025-11-29 19:59:00,匿名留言板,今天和室友闹矛盾了，心情很差。 #记录,negative,今天和室友闹矛盾了 心情很差
S000167,2025-10-16 09:18:00,校园论坛,和新同学认识聊得很愉快，交到了新朋友。 加油！,positive,和新同学认识聊得很愉快 交到了新朋友 加油
S000167,2025-10-31 14:32:00,校园论坛,图书馆二楼的自习室比较安静。 加油！,neutral,图书馆二楼的自习室比较安静 加油
S000167,2025-10-31 20:47:00,匿名留言板,图书馆九点闭馆，需要早点去。 给自己加油！,neutral,图书馆九点闭馆 需要早点去 给自己加油
S000167,2025-11-07 08:29:00,校园论坛,论文写不出来，deadline又快到了。 希望明天会更好,negative,论文写不出来 又快到了 希望明天会更好 deadline
S000167,2025-11-12 08:03:00,匿名留言板,图书馆二楼的自习室比较安静。,neutral,图书馆二楼的自习室比较安静
S000167,2025-11-14 09:39:00,匿名留言板,今天的阳光很温暖，适合出去走走。 分享给大家~,positive,今天的阳光很温暖 适合出去走走 分享给大家
S000168,2025-09-11 04:38:00,匿名留言板,这周生活费还剩一半，需要省着点花。 #记录,neutral,这周生活费还剩一半 需要省着点花
S000168,2025-09-17 16:04:00,校园论坛,下个月有英语四级考试，要开始准备了。 #日常,neutral,下个月有英语四级考试 要开始准备了
S000168,2025-10-06 08:54:00,校园论坛,运动完之后整个人都轻松了，强烈推荐大家多锻炼！ 希望明天会更好,positive,运动完之后整个人都轻松了 强烈推荐大家多锻炼 希望明天会更好
S000168,2025-11-15 23:09:00,校园论坛,室友今天生日，准备买个蛋糕。,neutral,室友今天生日 准备买个蛋糕
S000168,2025-11-24 09:51:00,校园论坛,今天上了三节课，分别是高数、英语和体育。 #日常,neutral,今天上了三节课 分别是高数 英语和体育
S000168,2025-11-29 07:31:00,校园论坛,天气凉爽，适合跑步，感觉状态很好。,positive,天气凉爽 适合跑步 感觉状态很好
S000169,2025-09-13 17:40:00,树洞,每天都很忙碌但又觉得没有意义... 希望明天会更好,negative,每天都很忙碌但又觉得没有意义 希望明天会更好
S000169,2025-10-15 01:41:00,校园论坛,运动完之后整个人都轻松了，强烈推荐大家多锻炼！,positive,运动完之后整个人都轻松了 强烈推荐大家多锻炼
S000169,2025-10-22 15:19:00,校园论坛,感觉和周围的人格格不入。,negative,感觉和周围的人格格不入
S000169,2025-10-23 12:15:00,匿名留言板,天气预报说明天会下雨，记得带伞。,neutral,天气预报说明天会下雨 记得带伞
S000169,2025-10-28 12:43:00,树洞,论文写不出来，deadline又快到了。 给自己加油！,negative,论文写不出来 又快到了 给自己加油 deadline
S000169,2025-11-30 12:30:00,校园论坛,天气凉爽，适合跑步，感觉状态很好。 #今天,positive,天气凉爽 适合跑步 感觉状态很好
S000170,2025-09-04 19:05:00,树洞,和新同学认识聊得很愉快，交到了新朋友。 给自己加油！,positive,和新同学认识聊得很愉快 交到了新朋友 给自己加油
S000170,2025-09-25 16:21:00,匿名留言板,天气预报说明天会下雨，记得带伞。 #校园生活,neutral,天气预报说明天会下雨 记得带伞
S000170,2025-10-05 10:17:00,匿名留言板,运动完之后整个人都轻松了，强烈推荐大家多锻炼！ #日常,positive,运动完之后整个人都轻松了 强烈推荐大家多锻炼
S000170,2025-10-21 14:49:00,匿名留言板,今天作业不多，可以早点休息。 加油！,neutral,今天作业不多 可以早点休息 加油
S000170,2025-11-26 00:53:00,匿名留言板,收到了好朋友的礼物，感动！,positive,收到了好朋友的礼物 感动
S000170,2025-11-27 14:22:00,校园论坛,和同学讨论问题很有收获，团队合作很重要。 #日常,positive,和同学讨论问题很有收获 团队合作很重要
S000171,2025-09-10 08:49:00,树洞,图书馆的氛围很好，学习效率很高。 #校园生活,positive,图书馆的氛围很好 学习效率很高
S000171,2025-09-17 12:42:00,树洞,图书馆二楼的自习室比较安静。,neutral,图书馆二楼的自习室比较安静
S000171,2025-09-28 19:40:00,树洞,运动完之后整个人都轻松了，强烈推荐大家多锻炼！,positive,运动完之后整个人都轻松了 强烈推荐大家多锻炼
S000171,2025-10-04 08:11:00,匿名留言板,被同学误会了，解释也没人听...,negative,被同学误会了 解释也没人听
S000171,2025-10-06 13:44:00,校园论坛,快递到了，要去菜鸟驿站取。 #日常,neutral,快递到了 要去菜鸟驿站取
S000171,2025-11-29 05:16:00,校园论坛,和朋友们一起吃饭好开心呀！ 给自己加油！,positive,和朋友们一起吃饭好开心呀 给自己加油
S000172,2025-09-10 18:46:00,树洞,今天尝试了一道新菜，很成功！,positive,今天尝试了一道新菜 很成功
S000172,2025-09-20 20:40:00,校园论坛,考试终于结束了，感觉发挥得不错！ 给自己加油！,positive,考试终于结束了 感觉发挥得不错 给自己加油
S000172,2025-09-20 22:21:00,匿名留言板,图书馆二楼的自习室比较安静。,neutral,图书馆二楼的自习室比较安静
S000172,2025-09-23 20:31:00,校园论坛,今天被老师表扬了，有点小骄傲！ #今天,positive,今天被老师表扬了 有点小骄傲
S000172,2025-11-02 15:27:00,校园论坛,最近压力好大，睡不着觉。 分享给大家~,negative,最近压力好大 睡不着觉 分享给大家
S000172,2025-11-22 03:58:00,校园论坛,期末复习太累了，脑子转不动。,negative,期末复习太累了 脑子转不动
S000173,2025-10-08 20:12:00,匿名留言板,考试终于结束了，感觉发挥得不错！ #今天,positive,考试终于结束了 感觉发挥得不错
S000173,2025-10-09 22:24:00,校园论坛,室友今天生日，准备买个蛋糕。 #记录,neutral,室友今天生日 准备买个蛋糕
S000173,2025-10-16 10:43:00,树洞,考试没考好，心情很低落... 给自己加油！,negative,考试没考好 心情很低落 给自己加油
S000173,2025-10-20 22:52:00,匿名留言板,明天有小组会议，要准备一下PPT。 希望明天会更好,neutral,明天有小组会议 要准备一下 希望明天会更好 ppt
S000173,2025-11-20 14:47:00,校园论坛,考试终于结束了，感觉发挥得不错！,positive,考试终于结束了 感觉发挥得不错
S000173,2025-11-22 02:23:00,树洞,今天的课好难，完全听不懂。,negative,今天的课好难 完全听不懂
S000174,2025-09-06 12:07:00,树洞,天气凉爽，适合跑步，感觉状态很好。 #记录,positive,天气凉爽 适合跑步 感觉状态很好
S000174,2025-11-02 20:01:00,校园论坛,连续几天失眠，白天没精神。,negative,连续几天失眠 白天没精神
S000174,2025-11-08 04:47:00,匿名留言板,最近压力好大，睡不着觉。,negative,最近压力好大 睡不着觉
S000174,2025-11-08 14:01:00,匿名留言板,考试终于结束了，感觉发挥得不错！ #校园生活,positive,考试终于结束了 感觉发挥得不错
S000174,2025-11-15 07:31:00,校园论坛,感觉和周围的人格格不入。 给自己加油！,negative,感觉和周围的人格格不入 给自己加油
S000174,2025-11-23 04:00:00,树洞,考试终于结束了，感觉发挥得不错！ #日常,positive,考试终于结束了 感觉发挥得不错
S000175,2025-09-13 14:39:00,树洞,解决了困扰我好久的问题，太开心了！,positive,解决了困扰我好久的问题 太开心了
S000175,2025-09-14 03:31:00,校园论坛,连续几天失眠，白天没精神。,negative,连续几天失眠 白天没精神
S000175,2025-09-26 13:21:00,校园论坛,下节课换到了更大的教室。 #校园生活,neutral,下节课换到了更大的教室
S000175,2025-10-13 02:07:00,匿名留言板,收到了好朋友的礼物，感动！,positive,收到了好朋友的礼物 感动
S000175,2025-11-10 05:28:00,校园论坛,解决了困扰我好久的问题，太开心了！,positive,解决了困扰我好久的问题 太开心了
S000175,2025-11-27 18:34:00,匿名留言板,周末和室友一起去看了电影，很放松！,positive,周末和室友一起去看了电影 很放松
S000176,2025-09-01 05:59:00,校园论坛,解决了困扰我好久的问题，太开心了！ #日常,positive,解决了困扰我好久的问题 太开心了
S000176,2025-10-01 05:39:00,匿名留言板,明天早八有课，要定闹钟了。,neutral,明天早八有课 要定闹钟了
S000176,2025-10-31 22:08:00,校园论坛,今天的午餐特别好吃，食堂阿姨太棒了！ 分享给大家~,positive,今天的午餐特别好吃 食堂阿姨太棒了 分享给大家
S000176,2025-11-11 07:12:00,匿名留言板,天气凉爽，适合跑步，感觉状态很好。,positive,天气凉爽 适合跑步 感觉状态很好
S000176,2025-11-18 02:40:00,校园论坛,学校最近在举办运动会报名。 #校园生活,neutral,学校最近在举办运动会报名
S000176,2025-11-20 19:24:00,校园论坛,今天上了三节课，分别是高数、英语和体育。 #记录,neutral,今天上了三节课 分别是高数 英语和体育
S000177,2025-09-07 17:11:00,匿名留言板,今天天气真好，心情也很棒！ #记录,positive,今天天气真好 心情也很棒
S000177,2025-09-10 07:46:00,校园论坛,今天摔了一跤，膝盖好疼... #校园生活,negative,今天摔了一跤 膝盖好疼
S000177,2025-09-15 04:43:00,校园论坛,下周有社团活动，需要招募志愿者。 #记录,neutral,下周有社团活动 需要招募志愿者
S000177,2025-10-13 19:51:00,校园论坛,今天食堂推出了新菜品，排队的人很多。,neutral,今天食堂推出了新菜品 排队的人很多
S000177,2025-11-09 16:14:00,校园论坛,感觉自己什么都做不好，好失败... #日常,negative,感觉自己什么都做不好 好失败
S000177,2025-11-25 01:03:00,校园论坛,学校最近在举办运动会报名。,neutral,学校最近在举办运动会报名
S000178,2025-09-07 13:09:00,校园论坛,和新同学认识聊得很愉快，交到了新朋友。 #记录,positive,和新同学认识聊得很愉快 交到了新朋友
S000178,2025-09-17 01:44:00,校园论坛,期末复习太累了，脑子转不动。,negative,期末复习太累了 脑子转不动
S000178,2025-10-18 04:29:00,校园论坛,室友今天生日，准备买个蛋糕。 #日常,neutral,室友今天生日 准备买个蛋糕
S000178,2025-10-23 06:24:00,匿名留言板,图书馆九点闭馆，需要早点去。 #记录,neutral,图书馆九点闭馆 需要早点去
S000178,2025-10-30 14:26:00,树洞,今天的阳光很温暖，适合出去走走。,positive,今天的阳光很温暖 适合出去走走
S000178,2025-11-26 10:14:00,校园论坛,快递到了，要去菜鸟驿站取。,neutral,快递到了 要去菜鸟驿站取
S000179,2025-09-28 18:30:00,匿名留言板,下个月有英语四级考试，要开始准备了。,neutral,下个月有英语四级考试 要开始准备了
S000179,2025-10-02 07:20:00,树洞,最近食欲不好，什么都不想吃。 希望明天会更好,negative,最近食欲不好 什么都不想吃 希望明天会更好
S000179,2025-11-04 01:27:00,树洞,被同学误会了，解释也没人听... 加油！,negative,被同学误会了 解释也没人听 加油
S000179,2025-11-10 07:05:00,树洞,论文写不出来，deadline又快到了。 #记录,negative,论文写不出来 又快到了 deadline
S000179,2025-11-13 00:26:00,匿名留言板,食堂今天的菜色和昨天差不多。 #记录,neutral,食堂今天的菜色和昨天差不多
S000179,2025-11-17 05:50:00,匿名留言板,明天早八有课，要定闹钟了。,neutral,明天早八有课 要定闹钟了
S000180,2025-09-28 04:22:00,校园论坛,和朋友们一起吃饭好开心呀！,positive,和朋友们一起吃饭好开心呀
S000180,2025-10-10 05:45:00,匿名留言板,今天摔了一跤，膝盖好疼... 加油！,negative,今天摔了一跤 膝盖好疼 加油
S000180,2025-10-18 20:29:00,校园论坛,今天上了三节课，分别是高数、英语和体育。 给自己加油！,neutral,今天上了三节课 分别是高数 英语和体育 给自己加油
S000180,2025-10-28 15:15:00,匿名留言板,今天天气真好，心情也很棒！ 加油！,positive,今天天气真好 心情也很棒 加油
S000180,2025-10-29 14:49:00,匿名留言板,图书馆的氛围很好，学习效率很高。,positive,图书馆的氛围很好 学习效率很高
S000180,2025-11-28 10:33:00,匿名留言板,收到了好朋友的礼物，感动！ #日常,positive,收到了好朋友的礼物 感动
S000181,2025-09-08 16:58:00,校园论坛,食堂今天的菜色和昨天差不多。,neutral,食堂今天的菜色和昨天差不多
S000181,2025-09-09 17:45:00,校园论坛,这周生活费还剩一半，需要省着点花。 #校园生活,neutral,这周生活费还剩一半 需要省着点花
S000181,2025-09-15 20:30:00,校园论坛,图书馆二楼的自习室比较安静。 加油！,neutral,图书馆二楼的自习室比较安静 加油
S000181,2025-09-29 10:22:00,校园论坛,耳机丢了，最近只能外放了。 给自己加油！,neutral,耳机丢了 最近只能外放了 给自己加油
S000181,2025-10-30 19:02:00,匿名留言板,今天和室友闹矛盾了，心情很差。 给自己加油！,negative,今天和室友闹矛盾了 心情很差 给自己加油
S000181,2025-11-18 17:36:00,树洞,图书馆九点闭馆，需要早点去。 希望明天会更好,neutral,图书馆九点闭馆 需要早点去 希望明天会更好
S000182,2025-09-07 02:23:00,匿名留言板,被同学误会了，解释也没人听... 分享给大家~,negative,被同学误会了 解释也没人听 分享给大家
S000182,2025-09-10 03:10:00,校园论坛,收到了心仪公司的offer，太激动了！ #记录,positive,收到了心仪公司的 太激动了 offer
S000182,2025-09-16 15:45:00,校园论坛,感觉和周围的人格格不入。 #日常,negative,感觉和周围的人格格不入
S000182,2025-09-27 16:40:00,匿名留言板,收到了好朋友的礼物，感动！ 给自己加油！,positive,收到了好朋友的礼物 感动 给自己加油
S000182,2025-10-18 21:44:00,树洞,图书馆九点闭馆，需要早点去。,neutral,图书馆九点闭馆 需要早点去
S000182,2025-10-29 02:05:00,树洞,今天和室友闹矛盾了，心情很差。 #日常,negative,今天和室友闹矛盾了 心情很差
S000183,2025-09-03 07:53:00,匿名留言板,快递到了，要去菜鸟驿站取。 #今天,neutral,快递到了 要去菜鸟驿站取
S000183,2025-09-17 15:22:00,校园论坛,今天感觉好累，什么都不想做。 #日常,negative,今天感觉好累 什么都不想做
S000183,2025-10-04 07:30:00,校园论坛,想家了，好想回家...,negative,想家了 好想回家
S000183,2025-10-07 14:10:00,匿名留言板,天气预报说明天会下雨，记得带伞。 加油！,neutral,天气预报说明天会下雨 记得带伞 加油
S000183,2025-11-10 14:29:00,校园论坛,对未来很迷茫，不知道该怎么办。 #日常,negative,对未来很迷茫 不知道该怎么办
S000183,2025-11-23 20:50:00,匿名留言板,今天摔了一跤，膝盖好疼... 给自己加油！,negative,今天摔了一跤 膝盖好疼 给自己加油
S000184,2025-09-06 10:36:00,校园论坛,今天的午餐特别好吃，食堂阿姨太棒了！ #校园生活,positive,今天的午餐特别好吃 食堂阿姨太棒了
S000184,2025-09-19 14:59:00,匿名留言板,今天感觉好累，什么都不想做。 加油！,negative,今天感觉好累 什么都不想做 加油
S000184,2025-09-24 05:53:00,校园论坛,这周生活费还剩一半，需要省着点花。,neutral,这周生活费还剩一半 需要省着点花
S000184,2025-11-04 10:41:00,树洞,下周有社团活动，需要招募志愿者。 #日常,neutral,下周有社团活动 需要招募志愿者
S000184,2025-11-09 05:34:00,树洞,今天感觉好累，什么都不想做。 #今天,negative,今天感觉好累 什么都不想做
S000184,2025-11-11 22:02:00,校园论坛,室友今天生日，准备买个蛋糕。,neutral,室友今天生日 准备买个蛋糕
S000185,2025-09-25 18:33:00,校园论坛,今天的午餐特别好吃，食堂阿姨太棒了！,positive,今天的午餐特别好吃 食堂阿姨太棒了
S000185,2025-11-01 01:08:00,校园论坛,明天有小组会议，要准备一下PPT。 #日常,neutral,明天有小组会议 要准备一下 ppt
S000185,2025-11-02 10:38:00,校园论坛,食堂今天的菜色和昨天差不多。 给自己加油！,neutral,食堂今天的菜色和昨天差不多 给自己加油
S000185,2025-11-08 14:43:00,校园论坛,图书馆九点闭馆，需要早点去。 分享给大家~,neutral,图书馆九点闭馆 需要早点去 分享给大家
S000185,2025-11-13 21:09:00,匿名留言板,今天食堂推出了新菜品，排队的人很多。 #校园生活,neutral,今天食堂推出了新菜品 排队的人很多
S000185,2025-11-19 07:28:00,匿名留言板,今天的课好难，完全听不懂。,negative,今天的课好难 完全听不懂
S000186,2025-09-19 22:54:00,校园论坛,人际交往好复杂，感觉好累。 #校园生活,negative,人际交往好复杂 感觉好累
S000186,2025-09-27 09:30:00,校园论坛,耳机丢了，最近只能外放了。 #校园生活,neutral,耳机丢了 最近只能外放了
S000186,2025-10-15 11:19:00,校园论坛,电脑风扇声音很大，该清灰了。,neutral,电脑风扇声音很大 该清灰了
S000186,2025-10-25 23:57:00,校园论坛,今天摔了一跤，膝盖好疼... 希望明天会更好,negative,今天摔了一跤 膝盖好疼 希望明天会更好
S000186,2025-10-27 23:26:00,树洞,学校最近在举办运动会报名。,neutral,学校最近在举办运动会报名
S000186,2025-11-15 12:05:00,校园论坛,今天的午餐特别好吃，食堂阿姨太棒了！ #今天,positive,今天的午餐特别好吃 食堂阿姨太棒了
S000187,2025-09-09 19:47:00,校园论坛,被同学误会了，解释也没人听... 希望明天会更好,negative,被同学误会了 解释也没人听 希望明天会更好
S000187,2025-10-19 09:35:00,校园论坛,想家了，好想回家... 希望明天会更好,negative,想家了 好想回家 希望明天会更好
S000187,2025-10-30 22:36:00,校园论坛,这周生活费还剩一半，需要省着点花。,neutral,这周生活费还剩一半 需要省着点花
S000187,2025-11-11 23:29:00,校园论坛,今天天气真好，心情也很棒！,positive,今天天气真好 心情也很棒
S000187,2025-11-21 20:30:00,校园论坛,和同学讨论问题很有收获，团队合作很重要。 #今天,positive,和同学讨论问题很有收获 团队合作很重要
S000187,2025-11-28 20:15:00,树洞,今天的午餐特别好吃，食堂阿姨太棒了！ #记录,positive,今天的午餐特别好吃 食堂阿姨太棒了
S000188,2025-10-04 20:43:00,匿名留言板,感觉好孤独，没有人理解我... #校园生活,negative,感觉好孤独 没有人理解我
S000188,2025-10-30 22:08:00,校园论坛,考试没考好，心情很低落... #日常,negative,考试没考好 心情很低落
S000188,2025-11-05 06:49:00,匿名留言板,明天有小组会议，要准备一下PPT。 希望明天会更好,neutral,明天有小组会议 要准备一下 希望明天会更好 ppt
S000188,2025-11-09 10:55:00,匿名留言板,想家了，好想回家... #日常,negative,想家了 好想回家
S000188,2025-11-13 00:54:00,校园论坛,解决了困扰我好久的问题，太开心了！,positive,解决了困扰我好久的问题 太开心了
S000188,2025-11-21 11:03:00,树洞,天气凉爽，适合跑步，感觉状态很好。 给自己加油！,positive,天气凉爽 适合跑步 感觉状态很好 给自己加油
S000189,2025-09-03 15:22:00,树洞,生活费快花完了，又不好意思向家里要...,negative,生活费快花完了 又不好意思向家里要
S000189,2025-09-21 03:13:00,匿名留言板,完成了一个月的早起打卡计划，坚持就是胜利！,positive,完成了一个月的早起打卡计划 坚持就是胜利
S000189,2025-11-06 09:23:00,树洞,手机内存不够了，需要清理一下。 #校园生活,neutral,手机内存不够了 需要清理一下
S000189,2025-11-11 19:44:00,匿名留言板,耳机丢了，最近只能外放了。 分享给大家~,neutral,耳机丢了 最近只能外放了 分享给大家
S000189,2025-11-28 11:06:00,校园论坛,生活费快花完了，又不好意思向家里要...,negative,生活费快花完了 又不好意思向家里要
S000189,2025-11-29 03:26:00,树洞,最近压力好大，睡不着觉。,negative,最近压力好大 睡不着觉
S000190,2025-09-05 21:32:00,树洞,被同学误会了，解释也没人听...,negative,被同学误会了 解释也没人听
S000190,2025-09-06 02:19:00,树洞,明天有小组会议，要准备一下PPT。,neutral,明天有小组会议 要准备一下 ppt
S000190,2025-09-15 02:01:00,校园论坛,手机内存不够了，需要清理一下。,neutral,手机内存不够了 需要清理一下
S000190,2025-09-16 07:08:00,校园论坛,这周生活费还剩一半，需要省着点花。 加油！,neutral,这周生活费还剩一半 需要省着点花 加油
S000190,2025-09-17 06:08:00,匿名留言板,手机内存不够了，需要清理一下。 加油！,neutral,手机内存不够了 需要清理一下 加油
S000190,2025-11-16 16:48:00,校园论坛,天气预报说明天会下雨，记得带伞。 加油！,neutral,天气预报说明天会下雨 记得带伞 加油
S000191,2025-09-13 06:58:00,匿名留言板,被同学误会了，解释也没人听... #校园生活,negative,被同学误会了 解释也没人听
S000191,2025-09-24 14:43:00,树洞,天气预报说明天会下雨，记得带伞。 #校园生活,neutral,天气预报说明天会下雨 记得带伞
S000191,2025-09-25 09:10:00,树洞,电脑风扇声音很大，该清灰了。,neutral,电脑风扇声音很大 该清灰了
S000191,2025-09-27 18:57:00,校园论坛,完成了所有作业，可以好好休息一下了。,positive,完成了所有作业 可以好好休息一下了
S000191,2025-10-06 18:22:00,匿名留言板,论文写不出来，deadline又快到了。 加油！,negative,论文写不出来 又快到了 加油 deadline
S000191,2025-11-04 18:04:00,匿名留言板,解决了困扰我好久的问题，太开心了！,positive,解决了困扰我好久的问题 太开心了
S000192,2025-09-02 21:31:00,匿名留言板,下节课换到了更大的教室。 #记录,neutral,下节课换到了更大的教室
S000192,2025-09-06 02:20:00,校园论坛,人际交往好复杂，感觉好累。 #日常,negative,人际交往好复杂 感觉好累
S000192,2025-09-15 16:08:00,校园论坛,生活费快花完了，又不好意思向家里要... 加油！,negative,生活费快花完了 又不好意思向家里要 加油
S000192,2025-10-10 21:53:00,校园论坛,感觉和周围的人格格不入。 #今天,negative,感觉和周围的人格格不入
S000192,2025-10-25 06:32:00,校园论坛,运动完之后整个人都轻松了，强烈推荐大家多锻炼！ #校园生活,positive,运动完之后整个人都轻松了 强烈推荐大家多锻炼
S000192,2025-10-25 06:54:00,校园论坛,小组项目进展顺利，大家配合得很好。 给自己加油！,positive,小组项目进展顺利 大家配合得很好 给自己加油
S000193,2025-09-14 23:59:00,校园论坛,天气预报说明天会下雨，记得带伞。,neutral,天气预报说明天会下雨 记得带伞
S000193,2025-09-26 10:12:00,校园论坛,人际交往好复杂，感觉好累。,negative,人际交往好复杂 感觉好累
S000193,2025-10-25 23:31:00,校园论坛,解决了困扰我好久的问题，太开心了！ 希望明天会更好,positive,解决了困扰我好久的问题 太开心了 希望明天会更好
S000193,2025-11-05 08:09:00,校园论坛,明天有小组会议，要准备一下PPT。,neutral,明天有小组会议 要准备一下 ppt
S000193,2025-11-22 12:22:00,树洞,连续几天失眠，白天没精神。 #今天,negative,连续几天失眠 白天没精神
S000193,2025-11-26 02:07:00,匿名留言板,图书馆的氛围很好，学习效率很高。 加油！,positive,图书馆的氛围很好 学习效率很高 加油
S000194,2025-09-05 13:56:00,校园论坛,下节课换到了更大的教室。 #记录,neutral,下节课换到了更大的教室
S000194,2025-09-09 15:43:00,匿名留言板,今天上课老师讲的内容很有趣，学到了很多新知识。 #今天,positive,今天上课老师讲的内容很有趣 学到了很多新知识
S000194,2025-10-12 04:19:00,匿名留言板,明天有小组会议，要准备一下PPT。,neutral,明天有小组会议 要准备一下 ppt
S000194,2025-11-03 07:40:00,匿名留言板,今天上了三节课，分别是高数、英语和体育。,neutral,今天上了三节课 分别是高数 英语和体育
S000194,2025-11-04 08:34:00,校园论坛,感觉和周围的人格格不入。 分享给大家~,negative,感觉和周围的人格格不入 分享给大家
S000194,2025-11-06 15:50:00,校园论坛,想家了，好想回家... 给自己加油！,negative,想家了 好想回家 给自己加油
S000195,2025-09-04 18:02:00,树洞,完成了所有作业，可以好好休息一下了。 #校园生活,positive,完成了所有作业 可以好好休息一下了
S000195,2025-10-09 22:10:00,匿名留言板,对未来很迷茫，不知道该怎么办。 #日常,negative,对未来很迷茫 不知道该怎么办
S000195,2025-10-19 14:29:00,匿名留言板,今天上课老师讲的内容很有趣，学到了很多新知识。 分享给大家~,positive,今天上课老师讲的内容很有趣 学到了很多新知识 分享给大家
S000195,2025-10-31 15:35:00,校园论坛,耳机丢了，最近只能外放了。,neutral,耳机丢了 最近只能外放了
S000195,2025-11-02 03:36:00,匿名留言板,电脑风扇声音很大，该清灰了。 给自己加油！,neutral,电脑风扇声音很大 该清灰了 给自己加油
S000195,2025-11-03 18:24:00,校园论坛,室友今天生日，准备买个蛋糕。 #日常,neutral,室友今天生日 准备买个蛋糕
S000196,2025-09-03 10:24:00,校园论坛,今天的课好难，完全听不懂。 希望明天会更好,negative,今天的课好难 完全听不懂 希望明天会更好
S000196,2025-09-22 00:34:00,树洞,最近总是莫名的焦虑不安。 给自己加油！,negative,最近总是莫名的焦虑不安 给自己加油
S000196,2025-10-10 18:05:00,校园论坛,图书馆九点闭馆，需要早点去。 #日常,neutral,图书馆九点闭馆 需要早点去
S000196,2025-10-15 11:26:00,校园论坛,最近食欲不好，什么都不想吃。,negative,最近食欲不好 什么都不想吃
S000196,2025-11-12 16:57:00,校园论坛,今天感觉好累，什么都不想做。 加油！,negative,今天感觉好累 什么都不想做 加油
S000196,2025-11-14 00:48:00,校园论坛,快递到了，要去菜鸟驿站取。 #今天,neutral,快递到了 要去菜鸟驿站取
S000197,2025-10-09 18:25:00,树洞,明天早八有课，要定闹钟了。 加油！,neutral,明天早八有课 要定闹钟了 加油
S000197,2025-10-31 13:13:00,树洞,最近压力好大，睡不着觉。 给自己加油！,negative,最近压力好大 睡不着觉 给自己加油
S000197,2025-11-02 03:44:00,匿名留言板,快递到了，要去菜鸟驿站取。 #记录,neutral,快递到了 要去菜鸟驿站取
S000197,2025-11-14 03:37:00,树洞,最近压力好大，睡不着觉。 希望明天会更好,negative,最近压力好大 睡不着觉 希望明天会更好
S000197,2025-11-21 02:53:00,校园论坛,周末打算去超市买点日用品。 #日常,neutral,周末打算去超市买点日用品
S000197,2025-11-25 10:10:00,校园论坛,室友今天生日，准备买个蛋糕。 #今天,neutral,室友今天生日 准备买个蛋糕
S000198,2025-10-03 19:32:00,树洞,感觉和周围的人格格不入。,negative,感觉和周围的人格格不入
S000198,2025-10-30 08:59:00,树洞,明天早八有课，要定闹钟了。 #今天,neutral,明天早八有课 要定闹钟了
S000198,2025-11-04 09:27:00,校园论坛,快递到了，要去菜鸟驿站取。,neutral,快递到了 要去菜鸟驿站取
S000198,2025-11-20 01:33:00,校园论坛,今天尝试了一道新菜，很成功！,positive,今天尝试了一道新菜 很成功
S000198,2025-11-20 22:33:00,校园论坛,图书馆二楼的自习室比较安静。 #记录,neutral,图书馆二楼的自习室比较安静
S000198,2025-11-27 09:54:00,匿名留言板,今天的课好难，完全听不懂。,negative,今天的课好难 完全听不懂
S000199,2025-09-03 01:55:00,校园论坛,快递到了，要去菜鸟驿站取。 希望明天会更好,neutral,快递到了 要去菜鸟驿站取 希望明天会更好
S000199,2025-09-05 06:10:00,匿名留言板,今天天气真好，心情也很棒！ #日常,positive,今天天气真好 心情也很棒
S000199,2025-10-01 12:15:00,校园论坛,周末和室友一起去看了电影，很放松！,positive,周末和室友一起去看了电影 很放松
S000199,2025-10-06 21:35:00,校园论坛,考试终于结束了，感觉发挥得不错！ 加油！,positive,考试终于结束了 感觉发挥得不错 加油
S000199,2025-10-10 14:31:00,匿名留言板,每天都很忙碌但又觉得没有意义... #今天,negative,每天都很忙碌但又觉得没有意义
S000199,2025-10-23 08:52:00,匿名留言板,今天上课老师讲的内容很有趣，学到了很多新知识。 #日常,positive,今天上课老师讲的内容很有趣 学到了很多新知识
S000200,2025-09-09 13:57:00,树洞,最近压力好大，睡不着觉。 #今天,negative,最近压力好大 睡不着觉
S000200,2025-09-18 07:07:00,匿名留言板,论文写不出来，deadline又快到了。,negative,论文写不出来 又快到了 deadline
S000200,2025-10-03 18:03:00,树洞,生活费快花完了，又不好意思向家里要... 加油！,negative,生活费快花完了 又不好意思向家里要 加油
S000200,2025-10-11 10:53:00,匿名留言板,人际交往好复杂，感觉好累。 加油！,negative,人际交往好复杂 感觉好累 加油
S000200,2025-10-25 06:09:00,校园论坛,周末和室友一起去看了电影，很放松！ #日常,positive,周末和室友一起去看了电影 很放松
S000200,2025-11-14 16:16:00,匿名留言板,最近压力好大，睡不着觉。,negative,最近压力好大 睡不着觉
S000201,2025-09-19 11:30:00,匿名留言板,学校最近在举办运动会报名。,neutral,学校最近在举办运动会报名
S000201,2025-10-11 17:27:00,树洞,最近食欲不好，什么都不想吃。 #日常,negative,最近食欲不好 什么都不想吃
S000201,2025-10-17 21:07:00,校园论坛,最近食欲不好，什么都不想吃。 #记录,negative,最近食欲不好 什么都不想吃
S000201,2025-10-21 08:19:00,校园论坛,完成了一个月的早起打卡计划，坚持就是胜利！ #日常,positive,完成了一个月的早起打卡计划 坚持就是胜利
S000201,2025-11-17 01:53:00,树洞,食堂今天的菜色和昨天差不多。 加油！,neutral,食堂今天的菜色和昨天差不多 加油
S000201,2025-11-25 07:16:00,树洞,想家了，好想回家... 给自己加油！,negative,想家了 好想回家 给自己加油
S000202,2025-09-11 15:30:00,校园论坛,快递到了，要去菜鸟驿站取。 加油！,neutral,快递到了 要去菜鸟驿站取 加油
S000202,2025-09-13 05:44:00,校园论坛,和朋友们一起吃饭好开心呀！ #校园生活,positive,和朋友们一起吃饭好开心呀
S000202,2025-09-21 14:40:00,校园论坛,每天都很忙碌但又觉得没有意义...,negative,每天都很忙碌但又觉得没有意义
S000202,2025-09-24 20:28:00,校园论坛,这周生活费还剩一半，需要省着点花。,neutral,这周生活费还剩一半 需要省着点花
S000202,2025-11-10 23:20:00,匿名留言板,今天感觉好累，什么都不想做。,negative,今天感觉好累 什么都不想做
S000202,2025-11-20 09:20:00,校园论坛,感觉好孤独，没有人理解我...,negative,感觉好孤独 没有人理解我
S000203,2025-09-03 17:41:00,树洞,今天作业不多，可以早点休息。,neutral,今天作业不多 可以早点休息
S000203,2025-09-18 08:11:00,校园论坛,快递到了，要去菜鸟驿站取。 #日常,neutral,快递到了 要去菜鸟驿站取
S000203,2025-09-26 08:44:00,匿名留言板,食堂今天的菜色和昨天差不多。 #今天,neutral,食堂今天的菜色和昨天差不多
S000203,2025-10-24 11:11:00,校园论坛,人际交往好复杂，感觉好累。 希望明天会更好,negative,人际交往好复杂 感觉好累 希望明天会更好
S000203,2025-11-16 08:09:00,树洞,完成了所有作业，可以好好休息一下了。,positive,完成了所有作业 可以好好休息一下了
S000203,2025-11-23 04:54:00,校园论坛,每天都很忙碌但又觉得没有意义... #校园生活,negative,每天都很忙碌但又觉得没有意义
S000204,2025-09-04 09:16:00,校园论坛,今天尝试了一道新菜，很成功！,positive,今天尝试了一道新菜 很成功
S000204,2025-09-16 00:45:00,校园论坛,最近总是莫名的焦虑不安。 给自己加油！,negative,最近总是莫名的焦虑不安 给自己加油
S000204,2025-09-29 22:13:00,匿名留言板,今天的午餐特别好吃，食堂阿姨太棒了！ #日常,positive,今天的午餐特别好吃 食堂阿姨太棒了
S000204,2025-10-07 23:43:00,匿名留言板,今天上课老师讲的内容很有趣，学到了很多新知识。 #今天,positive,今天上课老师讲的内容很有趣 学到了很多新知识
S000204,2025-10-19 04:27:00,树洞,明天早八有课，要定闹钟了。,neutral,明天早八有课 要定闹钟了
S000204,2025-11-27 20:29:00,树洞,小组项目进展顺利，大家配合得很好。,positive,小组项目进展顺利 大家配合得很好
S000205,2025-09-23 08:10:00,校园论坛,今天的课好难，完全听不懂。 #记录,negative,今天的课好难 完全听不懂
S000205,2025-10-01 15:58:00,树洞,连续几天失眠，白天没精神。 给自己加油！,negative,连续几天失眠 白天没精神 给自己加油
S000205,2025-10-19 09:25:00,校园论坛,这周生活费还剩一半，需要省着点花。 分享给大家~,neutral,这周生活费还剩一半 需要省着点花 分享给大家
S000205,2025-11-16 08:04:00,校园论坛,考试终于结束了，感觉发挥得不错！,positive,考试终于结束了 感觉发挥得不错
S000205,2025-11-16 22:47:00,匿名留言板,今天上了三节课，分别是高数、英语和体育。 #日常,neutral,今天上了三节课 分别是高数 英语和体育
S000205,2025-11-28 12:43:00,校园论坛,图书馆的氛围很好，学习效率很高。 加油！,positive,图书馆的氛围很好 学习效率很高 加油
S000206,2025-09-17 15:55:00,校园论坛,下个月有英语四级考试，要开始准备了。 加油！,neutral,下个月有英语四级考试 要开始准备了 加油
S000206,2025-09-24 01:30:00,校园论坛,今天尝试了一道新菜，很成功！ #今天,positive,今天尝试了一道新菜 很成功
S000206,2025-10-11 22:33:00,校园论坛,期末复习太累了，脑子转不动。,negative,期末复习太累了 脑子转不动
S000206,2025-10-26 05:20:00,匿名留言板,下周有社团活动，需要招募志愿者。,neutral,下周有社团活动 需要招募志愿者
S000206,2025-10-26 09:57:00,匿名留言板,明天早八有课，要定闹钟了。 #日常,neutral,明天早八有课 要定闹钟了
S000206,2025-11-24 20:51:00,校园论坛,感觉自己什么都做不好，好失败...,negative,感觉自己什么都做不好 好失败
S000207,2025-09-15 23:55:00,校园论坛,完成了所有作业，可以好好休息一下了。,positive,完成了所有作业 可以好好休息一下了
S000207,2025-09-24 13:58:00,校园论坛,小组项目进展顺利，大家配合得很好。 给自己加油！,positive,小组项目进展顺利 大家配合得很好 给自己加油
S000207,2025-10-07 05:53:00,匿名留言板,天气凉爽，适合跑步，感觉状态很好。 #日常,positive,天气凉爽 适合跑步 感觉状态很好
S000207,2025-10-13 00:18:00,校园论坛,明天有小组会议，要准备一下PPT。 #今天,neutral,明天有小组会议 要准备一下 ppt
S000207,2025-11-03 01:28:00,校园论坛,感觉和周围的人格格不入。 #记录,negative,感觉和周围的人格格不入
S000207,2025-11-24 18:13:00,匿名留言板,今天感觉好累，什么都不想做。 分享给大家~,negative,今天感觉好累 什么都不想做 分享给大家
S000208,2025-09-07 20:18:00,校园论坛,考试没考好，心情很低落... 加油！,negative,考试没考好 心情很低落 加油
S000208,2025-09-14 10:09:00,匿名留言板,今天尝试了一道新菜，很成功！ 加油！,positive,今天尝试了一道新菜 很成功 加油
S000208,2025-10-22 02:01:00,匿名留言板,天气预报说明天会下雨，记得带伞。 #今天,neutral,天气预报说明天会下雨 记得带伞
S000208,2025-10-29 20:17:00,树洞,今天感觉好累，什么都不想做。 #校园生活,negative,今天感觉好累 什么都不想做
S000208,2025-11-17 12:05:00,树洞,今天和室友闹矛盾了，心情很差。,negative,今天和室友闹矛盾了 心情很差
S000208,2025-11-23 19:28:00,校园论坛,今天摔了一跤，膝盖好疼...,negative,今天摔了一跤 膝盖好疼
S000209,2025-09-13 11:32:00,校园论坛,今天尝试了一道新菜，很成功！ #今天,positive,今天尝试了一道新菜 很成功
S000209,2025-10-07 20:48:00,校园论坛,这周生活费还剩一半，需要省着点花。,neutral,这周生活费还剩一半 需要省着点花
S000209,2025-10-26 20:27:00,树洞,天气凉爽，适合跑步，感觉状态很好。 #校园生活,positive,天气凉爽 适合跑步 感觉状态很好
S000209,2025-10-26 23:51:00,校园论坛,明天早八有课，要定闹钟了。,neutral,明天早八有课 要定闹钟了
S000209,2025-11-12 19:27:00,匿名留言板,收到了好朋友的礼物，感动！ #校园生活,positive,收到了好朋友的礼物 感动
S000209,2025-11-26 07:41:00,匿名留言板,这周生活费还剩一半，需要省着点花。 #记录,neutral,这周生活费还剩一半 需要省着点花
S000210,2025-09-23 05:53:00,树洞,最近压力好大，睡不着觉。 #今天,negative,最近压力好大 睡不着觉
S000210,2025-10-08 18:03:00,校园论坛,考试没考好，心情很低落... 分享给大家~,negative,考试没考好 心情很低落 分享给大家
S000210,2025-10-25 13:06:00,校园论坛,今天摔了一跤，膝盖好疼... #日常,negative,今天摔了一跤 膝盖好疼
S000210,2025-11-01 09:09:00,匿名留言板,学校最近在举办运动会报名。,neutral,学校最近在举办运动会报名
S000210,2025-11-14 02:49:00,匿名留言板,感觉好孤独，没有人理解我... 加油！,negative,感觉好孤独 没有人理解我 加油
S000210,2025-11-22 16:05:00,树洞,收到了好朋友的礼物，感动！,positive,收到了好朋友的礼物 感动
S000211,2025-09-14 13:34:00,校园论坛,图书馆的氛围很好，学习效率很高。,positive,图书馆的氛围很好 学习效率很高
S000211,2025-09-18 00:12:00,树洞,今天天气真好，心情也很棒！ 加油！,positive,今天天气真好 心情也很棒 加油
S000211,2025-10-09 10:37:00,树洞,今天食堂推出了新菜品，排队的人很多。 希望明天会更好,neutral,今天食堂推出了新菜品 排队的人很多 希望明天会更好
S000211,2025-10-14 05:13:00,树洞,和新同学认识聊得很愉快，交到了新朋友。 #日常,positive,和新同学认识聊得很愉快 交到了新朋友
S000211,2025-11-19 19:23:00,校园论坛,下节课换到了更大的教室。 #日常,neutral,下节课换到了更大的教室
S000211,2025-11-23 15:29:00,校园论坛,明天早八有课，要定闹钟了。 加油！,neutral,明天早八有课 要定闹钟了 加油
S000212,2025-09-02 03:40:00,树洞,手机内存不够了，需要清理一下。 #今天,neutral,手机内存不够了 需要清理一下
S000212,2025-09-03 03:10:00,校园论坛,今天食堂推出了新菜品，排队的人很多。 #记录,neutral,今天食堂推出了新菜品 排队的人很多
S000212,2025-09-04 06:30:00,树洞,今天作业不多，可以早点休息。 #今天,neutral,今天作业不多 可以早点休息
S000212,2025-10-28 18:15:00,校园论坛,解决了困扰我好久的问题，太开心了！ #今天,positive,解决了困扰我好久的问题 太开心了
S000212,2025-11-08 06:05:00,校园论坛,最近总是莫名的焦虑不安。,negative,最近总是莫名的焦虑不安
S000212,2025-11-14 19:46:00,校园论坛,想家了，好想回家...,negative,想家了 好想回家
S000213,2025-10-14 19:54:00,树洞,今天食堂推出了新菜品，排队的人很多。,neutral,今天食堂推出了新菜品 排队的人很多
S000213,2025-10-15 14:44:00,匿名留言板,今天和室友闹矛盾了，心情很差。 #日常,negative,今天和室友闹矛盾了 心情很差
S000213,2025-10-31 11:28:00,树洞,完成了一个月的早起打卡计划，坚持就是胜利！ 希望明天会更好,positive,完成了一个月的早起打卡计划 坚持就是胜利 希望明天会更好
S000213,2025-11-02 16:37:00,匿名留言板,下周有社团活动，需要招募志愿者。,neutral,下周有社团活动 需要招募志愿者
S000213,2025-11-07 00:27:00,校园论坛,感觉和周围的人格格不入。,negative,感觉和周围的人格格不入
S000213,2025-11-22 13:56:00,树洞,被同学误会了，解释也没人听... 希望明天会更好,negative,被同学误会了 解释也没人听 希望明天会更好
S000214,2025-09-21 19:13:00,校园论坛,和朋友们一起吃饭好开心呀！ 给自己加油！,positive,和朋友们一起吃饭好开心呀 给自己加油
S000214,2025-09-23 06:10:00,树洞,明天有小组会议，要准备一下PPT。 #今天,neutral,明天有小组会议 要准备一下 ppt
S000214,2025-10-04 11:43:00,树洞,天气凉爽，适合跑步，感觉状态很好。,positive,天气凉爽 适合跑步 感觉状态很好
S000214,2025-10-14 13:07:00,校园论坛,明天有小组会议，要准备一下PPT。 分享给大家~,neutral,明天有小组会议 要准备一下 分享给大家 ppt
S000214,2025-10-20 13:53:00,匿名留言板,室友今天生日，准备买个蛋糕。 #记录,neutral,室友今天生日 准备买个蛋糕
S000214,2025-11-03 09:15:00,校园论坛,考试终于结束了，感觉发挥得不错！,positive,考试终于结束了 感觉发挥得不错
S000215,2025-09-13 04:41:00,树洞,对未来很迷茫，不知道该怎么办。,negative,对未来很迷茫 不知道该怎么办
S000215,2025-09-14 17:02:00,校园论坛,今天和室友闹矛盾了，心情很差。 给自己加油！,negative,今天和室友闹矛盾了 心情很差 给自己加油
S000215,2025-09-20 22:55:00,校园论坛,感觉好孤独，没有人理解我... 加油！,negative,感觉好孤独 没有人理解我 加油
S000215,2025-09-27 11:10:00,校园论坛,今天食堂推出了新菜品，排队的人很多。 分享给大家~,neutral,今天食堂推出了新菜品 排队的人很多 分享给大家
S000215,2025-10-04 10:50:00,校园论坛,考试没考好，心情很低落... 分享给大家~,negative,考试没考好 心情很低落 分享给大家
S000215,2025-10-27 14:53:00,匿名留言板,明天有小组会议，要准备一下PPT。 希望明天会更好,neutral,明天有小组会议 要准备一下 希望明天会更好 ppt
S000216,2025-09-09 02:21:00,校园论坛,今天和室友闹矛盾了，心情很差。 #今天,negative,今天和室友闹矛盾了 心情很差
S000216,2025-10-02 04:48:00,校园论坛,手机内存不够了，需要清理一下。,neutral,手机内存不够了 需要清理一下
S000216,2025-10-17 00:28:00,树洞,今天天气真好，心情也很棒！ 加油！,positive,今天天气真好 心情也很棒 加油
S000216,2025-10-25 13:58:00,匿名留言板,最近总是莫名的焦虑不安。 分享给大家~,negative,最近总是莫名的焦虑不安 分享给大家
S000216,2025-10-27 13:49:00,校园论坛,今天作业不多，可以早点休息。 #记录,neutral,今天作业不多 可以早点休息
S000216,2025-11-04 05:05:00,匿名留言板,收到了好朋友的礼物，感动！ #校园生活,positive,收到了好朋友的礼物 感动
S000217,2025-09-05 21:59:00,树洞,图书馆二楼的自习室比较安静。,neutral,图书馆二楼的自习室比较安静
S000217,2025-09-11 01:34:00,树洞,对未来很迷茫，不知道该怎么办。 分享给大家~,negative,对未来很迷茫 不知道该怎么办 分享给大家
S000217,2025-10-11 11:00:00,树洞,耳机丢了，最近只能外放了。 希望明天会更好,neutral,耳机丢了 最近只能外放了 希望明天会更好
S000217,2025-11-23 14:44:00,树洞,人际交往好复杂，感觉好累。,negative,人际交往好复杂 感觉好累
S000217,2025-11-24 16:18:00,匿名留言板,感觉和周围的人格格不入。 #日常,negative,感觉和周围的人格格不入
S000217,2025-11-29 12:28:00,匿名留言板,电脑风扇声音很大，该清灰了。 希望明天会更好,neutral,电脑风扇声音很大 该清灰了 希望明天会更好
S000218,2025-09-16 14:19:00,校园论坛,今天感觉好累，什么都不想做。 #记录,negative,今天感觉好累 什么都不想做
S000218,2025-10-01 23:37:00,校园论坛,感觉和周围的人格格不入。 希望明天会更好,negative,感觉和周围的人格格不入 希望明天会更好
S000218,2025-10-07 06:05:00,校园论坛,想家了，好想回家... 分享给大家~,negative,想家了 好想回家 分享给大家
S000218,2025-10-09 23:27:00,校园论坛,明天有小组会议，要准备一下PPT。 加油！,neutral,明天有小组会议 要准备一下 加油 ppt
S000218,2025-10-18 08:40:00,匿名留言板,感觉好孤独，没有人理解我...,negative,感觉好孤独 没有人理解我
S000218,2025-11-21 05:01:00,校园论坛,今天被老师表扬了，有点小骄傲！ 希望明天会更好,positive,今天被老师表扬了 有点小骄傲 希望明天会更好
S000219,2025-09-08 13:56:00,校园论坛,周末和室友一起去看了电影，很放松！ #记录,positive,周末和室友一起去看了电影 很放松
S000219,2025-10-09 09:42:00,校园论坛,图书馆二楼的自习室比较安静。 给自己加油！,neutral,图书馆二楼的自习室比较安静 给自己加油
S000219,2025-10-17 14:06:00,校园论坛,收到了好朋友的礼物，感动！ #今天,positive,收到了好朋友的礼物 感动
S000219,2025-10-19 16:47:00,匿名留言板,今天的阳光很温暖，适合出去走走。 分享给大家~,positive,今天的阳光很温暖 适合出去走走 分享给大家
S000219,2025-11-14 15:40:00,树洞,最近总是莫名的焦虑不安。 加油！,negative,最近总是莫名的焦虑不安 加油
S000219,2025-11-26 16:25:00,树洞,论文写不出来，deadline又快到了。 #今天,negative,论文写不出来 又快到了 deadline
S000220,2025-09-06 16:09:00,校园论坛,和同学讨论问题很有收获，团队合作很重要。 #校园生活,positive,和同学讨论问题很有收获 团队合作很重要
S000220,2025-09-16 19:54:00,匿名留言板,感觉好孤独，没有人理解我... #校园生活,negative,感觉好孤独 没有人理解我
S000220,2025-10-29 04:45:00,匿名留言板,论文写不出来，deadline又快到了。,negative,论文写不出来 又快到了 deadline
S000220,2025-10-29 15:02:00,树洞,电脑风扇声音很大，该清灰了。 #校园生活,neutral,电脑风扇声音很大 该清灰了
S000220,2025-11-02 00:50:00,校园论坛,解决了困扰我好久的问题，太开心了！ #今天,positive,解决了困扰我好久的问题 太开心了
S000220,2025-11-02 23:26:00,校园论坛,这周生活费还剩一半，需要省着点花。 分享给大家~,neutral,这周生活费还剩一半 需要省着点花 分享给大家
S000221,2025-10-10 09:13:00,校园论坛,小组项目进展顺利，大家配合得很好。,positive,小组项目进展顺利 大家配合得很好
S000221,2025-10-12 02:51:00,校园论坛,明天早八有课，要定闹钟了。 #今天,neutral,明天早八有课 要定闹钟了
S000221,2025-10-15 02:55:00,校园论坛,小组项目进展顺利，大家配合得很好。 希望明天会更好,positive,小组项目进展顺利 大家配合得很好 希望明天会更好
S000221,2025-10-21 10:34:00,校园论坛,今天尝试了一道新菜，很成功！ 加油！,positive,今天尝试了一道新菜 很成功 加油
S000221,2025-10-28 10:50:00,匿名留言板,连续几天失眠，白天没精神。,negative,连续几天失眠 白天没精神
S000221,2025-11-04 20:29:00,树洞,今天食堂推出了新菜品，排队的人很多。,neutral,今天食堂推出了新菜品 排队的人很多
S000222,2025-09-07 18:33:00,树洞,小组项目进展顺利，大家配合得很好。 分享给大家~,positive,小组项目进展顺利 大家配合得很好 分享给大家
S000222,2025-09-12 05:45:00,匿名留言板,和同学讨论问题很有收获，团队合作很重要。 分享给大家~,positive,和同学讨论问题很有收获 团队合作很重要 分享给大家
S000222,2025-09-16 21:59:00,匿名留言板,今天感觉好累，什么都不想做。 #日常,negative,今天感觉好累 什么都不想做
S000222,2025-10-02 22:53:00,树洞,今天食堂推出了新菜品，排队的人很多。,neutral,今天食堂推出了新菜品 排队的人很多
S000222,2025-11-17 10:25:00,校园论坛,被同学误会了，解释也没人听...,negative,被同学误会了 解释也没人听
S000222,2025-11-22 17:05:00,匿名留言板,和新同学认识聊得很愉快，交到了新朋友。 分享给大家~,positive,和新同学认识聊得很愉快 交到了新朋友 分享给大家
S000223,2025-09-12 04:19:00,匿名留言板,天气预报说明天会下雨，记得带伞。,neutral,天气预报说明天会下雨 记得带伞
S000223,2025-09-15 03:34:00,校园论坛,收到了心仪公司的offer，太激动了！,positive,收到了心仪公司的 太激动了 offer
S000223,2025-09-19 13:57:00,校园论坛,人际交往好复杂，感觉好累。,negative,人际交往好复杂 感觉好累
S000223,2025-09-24 13:01:00,校园论坛,快递到了，要去菜鸟驿站取。 #今天,neutral,快递到了 要去菜鸟驿站取
S000223,2025-10-01 19:37:00,校园论坛,天气凉爽，适合跑步，感觉状态很好。 分享给大家~,positive,天气凉爽 适合跑步 感觉状态很好 分享给大家
S000223,2025-10-12 05:01:00,校园论坛,学校最近在举办运动会报名。 #今天,neutral,学校最近在举办运动会报名
S000224,2025-09-04 13:40:00,匿名留言板,今天天气真好，心情也很棒！ #日常,positive,今天天气真好 心情也很棒
S000224,2025-09-15 08:03:00,校园论坛,感觉和周围的人格格不入。 #今天,negative,感觉和周围的人格格不入
S000224,2025-09-19 11:34:00,树洞,今天作业不多，可以早点休息。 分享给大家~,neutral,今天作业不多 可以早点休息 分享给大家
S000224,2025-10-09 18:26:00,匿名留言板,论文写不出来，deadline又快到了。,negative,论文写不出来 又快到了 deadline
S000224,2025-11-11 14:02:00,校园论坛,今天尝试了一道新菜，很成功！ 希望明天会更好,positive,今天尝试了一道新菜 很成功 希望明天会更好
S000224,2025-11-15 21:06:00,匿名留言板,今天被老师表扬了，有点小骄傲！ 给自己加油！,positive,今天被老师表扬了 有点小骄傲 给自己加油
S000225,2025-09-22 00:03:00,匿名留言板,下周有社团活动，需要招募志愿者。 #日常,neutral,下周有社团活动 需要招募志愿者
S000225,2025-09-27 19:32:00,树洞,快递到了，要去菜鸟驿站取。 给自己加油！,neutral,快递到了 要去菜鸟驿站取 给自己加油
S000225,2025-10-07 01:10:00,校园论坛,图书馆二楼的自习室比较安静。,neutral,图书馆二楼的自习室比较安静
S000225,2025-10-21 22:07:00,树洞,电脑风扇声音很大，该清灰了。 #日常,neutral,电脑风扇声音很大 该清灰了
S000225,2025-11-21 08:48:00,匿名留言板,下个月有英语四级考试，要开始准备了。,neutral,下个月有英语四级考试 要开始准备了
S000225,2025-11-27 12:22:00,树洞,周末打算去超市买点日用品。 希望明天会更好,neutral,周末打算去超市买点日用品 希望明天会更好
S000226,2025-09-02 21:11:00,匿名留言板,被同学误会了，解释也没人听... #今天,negative,被同学误会了 解释也没人听
S000226,2025-09-25 14:00:00,匿名留言板,今天天气真好，心情也很棒！ #日常,positive,今天天气真好 心情也很棒
S000226,2025-10-12 10:13:00,校园论坛,连续几天失眠，白天没精神。 #校园生活,negative,连续几天失眠 白天没精神
S000226,2025-10-19 19:22:00,校园论坛,今天感觉好累，什么都不想做。,negative,今天感觉好累 什么都不想做
S000226,2025-11-23 20:04:00,校园论坛,最近总是莫名的焦虑不安。 给自己加油！,negative,最近总是莫名的焦虑不安 给自己加油
S000226,2025-11-28 04:41:00,校园论坛,明天早八有课，要定闹钟了。 #记录,neutral,明天早八有课 要定闹钟了
S000227,2025-09-09 04:16:00,匿名留言板,今天作业不多，可以早点休息。 分享给大家~,neutral,今天作业不多 可以早点休息 分享给大家
S000227,2025-09-29 07:31:00,校园论坛,食堂今天的菜色和昨天差不多。 #日常,neutral,食堂今天的菜色和昨天差不多
S000227,2025-10-06 18:32:00,匿名留言板,感觉和周围的人格格不入。,negative,感觉和周围的人格格不入
S000227,2025-11-12 21:43:00,匿名留言板,天气预报说明天会下雨，记得带伞。,neutral,天气预报说明天会下雨 记得带伞
S000227,2025-11-30 11:12:00,校园论坛,和新同学认识聊得很愉快，交到了新朋友。 给自己加油！,positive,和新同学认识聊得很愉快 交到了新朋友 给自己加油
S000227,2025-11-30 22:38:00,校园论坛,周末和室友一起去看了电影，很放松！ 给自己加油！,positive,周末和室友一起去看了电影 很放松 给自己加油
S000228,2025-09-01 12:12:00,树洞,今天摔了一跤，膝盖好疼...,negative,今天摔了一跤 膝盖好疼
S000228,2025-09-06 23:14:00,校园论坛,收到了好朋友的礼物，感动！ 分享给大家~,positive,收到了好朋友的礼物 感动 分享给大家
S000228,2025-09-29 22:27:00,校园论坛,今天作业不多，可以早点休息。,neutral,今天作业不多 可以早点休息
S000228,2025-10-06 06:54:00,校园论坛,电脑风扇声音很大，该清灰了。 希望明天会更好,neutral,电脑风扇声音很大 该清灰了 希望明天会更好
S000228,2025-10-23 08:07:00,校园论坛,今天食堂推出了新菜品，排队的人很多。 #记录,neutral,今天食堂推出了新菜品 排队的人很多
S000228,2025-11-11 14:00:00,校园论坛,食堂今天的菜色和昨天差不多。 #校园生活,neutral,食堂今天的菜色和昨天差不多
S000229,2025-09-04 18:51:00,校园论坛,快递到了，要去菜鸟驿站取。 #日常,neutral,快递到了 要去菜鸟驿站取
S000229,2025-09-10 19:39:00,校园论坛,感觉好孤独，没有人理解我... 给自己加油！,negative,感觉好孤独 没有人理解我 给自己加油
S000229,2025-09-16 02:03:00,树洞,下节课换到了更大的教室。 #校园生活,neutral,下节课换到了更大的教室
S000229,2025-10-10 02:40:00,校园论坛,今天上了三节课，分别是高数、英语和体育。 #记录,neutral,今天上了三节课 分别是高数 英语和体育
S000229,2025-10-31 07:21:00,匿名留言板,快递到了，要去菜鸟驿站取。 分享给大家~,neutral,快递到了 要去菜鸟驿站取 分享给大家
S000229,2025-11-28 02:50:00,校园论坛,今天尝试了一道新菜，很成功！,positive,今天尝试了一道新菜 很成功
S000230,2025-09-25 18:08:00,校园论坛,下个月有英语四级考试，要开始准备了。 #校园生活,neutral,下个月有英语四级考试 要开始准备了
S000230,2025-10-19 12:06:00,树洞,手机内存不够了，需要清理一下。,neutral,手机内存不够了 需要清理一下
S000230,2025-11-15 06:06:00,校园论坛,和新同学认识聊得很愉快，交到了新朋友。 加油！,positive,和新同学认识聊得很愉快 交到了新朋友 加油
S000230,2025-11-19 03:21:00,匿名留言板,今天上了三节课，分别是高数、英语和体育。 #记录,neutral,今天上了三节课 分别是高数 英语和体育
S000230,2025-11-20 13:04:00,校园论坛,考试终于结束了，感觉发挥得不错！ 分享给大家~,positive,考试终于结束了 感觉发挥得不错 分享给大家
S000230,2025-11-24 19:00:00,树洞,最近总是莫名的焦虑不安。 #今天,negative,最近总是莫名的焦虑不安
S000231,2025-09-02 16:37:00,校园论坛,这周生活费还剩一半，需要省着点花。,neutral,这周生活费还剩一半 需要省着点花
S000231,2025-09-09 10:12:00,匿名留言板,今天食堂推出了新菜品，排队的人很多。 希望明天会更好,neutral,今天食堂推出了新菜品 排队的人很多 希望明天会更好
S000231,2025-11-09 04:09:00,校园论坛,连续几天失眠，白天没精神。 #校园生活,negative,连续几天失眠 白天没精神
S000231,2025-11-11 01:27:00,树洞,感觉自己什么都做不好，好失败... 给自己加油！,negative,感觉自己什么都做不好 好失败 给自己加油
S000231,2025-11-14 13:32:00,匿名留言板,室友今天生日，准备买个蛋糕。 #日常,neutral,室友今天生日 准备买个蛋糕
S000231,2025-11-19 14:11:00,校园论坛,考试终于结束了，感觉发挥得不错！,positive,考试终于结束了 感觉发挥得不错
S000232,2025-09-10 11:01:00,校园论坛,对未来很迷茫，不知道该怎么办。 #日常,negative,对未来很迷茫 不知道该怎么办
S000232,2025-09-30 14:39:00,匿名留言板,小组项目进展顺利，大家配合得很好。 加油！,positive,小组项目进展顺利 大家配合得很好 加油
S000232,2025-10-13 23:24:00,校园论坛,今天上课老师讲的内容很有趣，学到了很多新知识。,positive,今天上课老师讲的内容很有趣 学到了很多新知识
S000232,2025-10-29 01:31:00,校园论坛,今天天气真好，心情也很棒！ 给自己加油！,positive,今天天气真好 心情也很棒 给自己加油
S000232,2025-11-14 18:21:00,校园论坛,手机内存不够了，需要清理一下。 #校园生活,neutral,手机内存不够了 需要清理一下
S000232,2025-11-20 18:58:00,校园论坛,食堂今天的菜色和昨天差不多。,neutral,食堂今天的菜色和昨天差不多
S000233,2025-09-17 06:12:00,匿名留言板,生活费快花完了，又不好意思向家里要... #校园生活,negative,生活费快花完了 又不好意思向家里要
S000233,2025-10-02 05:12:00,校园论坛,今天的午餐特别好吃，食堂阿姨太棒了！,positive,今天的午餐特别好吃 食堂阿姨太棒了
S000233,2025-10-07 05:14:00,树洞,天气预报说明天会下雨，记得带伞。 #校园生活,neutral,天气预报说明天会下雨 记得带伞
S000233,2025-10-10 14:15:00,校园论坛,生活费快花完了，又不好意思向家里要... 给自己加油！,negative,生活费快花完了 又不好意思向家里要 给自己加油
S000233,2025-11-07 19:56:00,校园论坛,最近压力好大，睡不着觉。,negative,最近压力好大 睡不着觉
S000233,2025-11-26 04:24:00,树洞,明天有小组会议，要准备一下PPT。 #校园生活,neutral,明天有小组会议 要准备一下 ppt
S000234,2025-09-11 15:50:00,匿名留言板,图书馆九点闭馆，需要早点去。,neutral,图书馆九点闭馆 需要早点去
S000234,2025-10-06 04:54:00,校园论坛,今天摔了一跤，膝盖好疼... #记录,negative,今天摔了一跤 膝盖好疼
S000234,2025-10-18 16:44:00,校园论坛,被同学误会了，解释也没人听... #记录,negative,被同学误会了 解释也没人听
S000234,2025-11-08 09:50:00,匿名留言板,完成了一个月的早起打卡计划，坚持就是胜利！,positive,完成了一个月的早起打卡计划 坚持就是胜利
S000234,2025-11-21 07:58:00,校园论坛,和新同学认识聊得很愉快，交到了新朋友。 希望明天会更好,positive,和新同学认识聊得很愉快 交到了新朋友 希望明天会更好
S000234,2025-11-22 16:23:00,校园论坛,最近总是莫名的焦虑不安。,negative,最近总是莫名的焦虑不安
S000235,2025-09-18 02:18:00,匿名留言板,生活费快花完了，又不好意思向家里要...,negative,生活费快花完了 又不好意思向家里要
S000235,2025-09-26 14:55:00,校园论坛,周末和室友一起去看了电影，很放松！ #日常,positive,周末和室友一起去看了电影 很放松
S000235,2025-10-18 15:20:00,校园论坛,今天天气真好，心情也很棒！,positive,今天天气真好 心情也很棒
S000235,2025-10-19 18:10:00,匿名留言板,室友今天生日，准备买个蛋糕。 #日常,neutral,室友今天生日 准备买个蛋糕
S000235,2025-10-22 20:58:00,校园论坛,食堂今天的菜色和昨天差不多。,neutral,食堂今天的菜色和昨天差不多
S000235,2025-10-30 16:39:00,校园论坛,最近总是莫名的焦虑不安。 #记录,negative,最近总是莫名的焦虑不安
S000236,2025-09-10 11:02:00,匿名留言板,今天的课好难，完全听不懂。,negative,今天的课好难 完全听不懂
S000236,2025-09-18 22:47:00,匿名留言板,期末复习太累了，脑子转不动。,negative,期末复习太累了 脑子转不动
S000236,2025-10-03 09:47:00,匿名留言板,下个月有英语四级考试，要开始准备了。,neutral,下个月有英语四级考试 要开始准备了
S000236,2025-10-04 20:04:00,树洞,最近压力好大，睡不着觉。 #日常,negative,最近压力好大 睡不着觉
S000236,2025-10-07 11:50:00,匿名留言板,下节课换到了更大的教室。 希望明天会更好,neutral,下节课换到了更大的教室 希望明天会更好
S000236,2025-11-05 17:41:00,校园论坛,今天的午餐特别好吃，食堂阿姨太棒了！,positive,今天的午餐特别好吃 食堂阿姨太棒了
S000237,2025-09-02 15:41:00,校园论坛,对未来很迷茫，不知道该怎么办。 #今天,negative,对未来很迷茫 不知道该怎么办
S000237,2025-09-27 15:14:00,匿名留言板,感觉和周围的人格格不入。 #记录,negative,感觉和周围的人格格不入
S000237,2025-10-16 10:14:00,匿名留言板,人际交往好复杂，感觉好累。 加油！,negative,人际交往好复杂 感觉好累 加油
S000237,2025-10-30 10:50:00,匿名留言板,周末和室友一起去看了电影，很放松！ #今天,positive,周末和室友一起去看了电影 很放松
S000237,2025-11-13 04:19:00,树洞,今天上了三节课，分别是高数、英语和体育。 #记录,neutral,今天上了三节课 分别是高数 英语和体育
S000237,2025-11-29 13:13:00,校园论坛,感觉和周围的人格格不入。,negative,感觉和周围的人格格不入
S000238,2025-09-26 02:58:00,校园论坛,学校最近在举办运动会报名。,neutral,学校最近在举办运动会报名
S000238,2025-10-12 18:01:00,校园论坛,考试没考好，心情很低落...,negative,考试没考好 心情很低落
S000238,2025-10-13 18:28:00,校园论坛,学校最近在举办运动会报名。,neutral,学校最近在举办运动会报名
S000238,2025-10-13 18:40:00,树洞,明天早八有课，要定闹钟了。 希望明天会更好,neutral,明天早八有课 要定闹钟了 希望明天会更好
S000238,2025-10-19 06:25:00,校园论坛,图书馆的氛围很好，学习效率很高。,positive,图书馆的氛围很好 学习效率很高
S000238,2025-11-26 17:11:00,校园论坛,和新同学认识聊得很愉快，交到了新朋友。 #记录,positive,和新同学认识聊得很愉快 交到了新朋友
S000239,2025-09-19 14:04:00,匿名留言板,明天早八有课，要定闹钟了。,neutral,明天早八有课 要定闹钟了
S000239,2025-10-10 13:52:00,匿名留言板,下周有社团活动，需要招募志愿者。,neutral,下周有社团活动 需要招募志愿者
S000239,2025-10-10 18:12:00,校园论坛,最近总是莫名的焦虑不安。 #日常,negative,最近总是莫名的焦虑不安
S000239,2025-10-12 13:25:00,匿名留言板,运动完之后整个人都轻松了，强烈推荐大家多锻炼！,positive,运动完之后整个人都轻松了 强烈推荐大家多锻炼
S000239,2025-11-01 23:04:00,树洞,感觉自己什么都做不好，好失败...,negative,感觉自己什么都做不好 好失败
S000239,2025-11-24 16:04:00,校园论坛,生活费快花完了，又不好意思向家里要... 分享给大家~,negative,生活费快花完了 又不好意思向家里要 分享给大家
S000240,2025-09-06 07:56:00,匿名留言板,下个月有英语四级考试，要开始准备了。 给自己加油！,neutral,下个月有英语四级考试 要开始准备了 给自己加油
S000240,2025-09-23 13:15:00,校园论坛,和新同学认识聊得很愉快，交到了新朋友。 加油！,positive,和新同学认识聊得很愉快 交到了新朋友 加油
S000240,2025-10-20 21:11:00,匿名留言板,明天有小组会议，要准备一下PPT。 #今天,neutral,明天有小组会议 要准备一下 ppt
S000240,2025-11-12 15:29:00,校园论坛,考试没考好，心情很低落... 加油！,negative,考试没考好 心情很低落 加油
S000240,2025-11-22 14:22:00,匿名留言板,学校最近在举办运动会报名。 #今天,neutral,学校最近在举办运动会报名
S000240,2025-11-25 02:44:00,校园论坛,周末打算去超市买点日用品。 #记录,neutral,周末打算去超市买点日用品
S000241,2025-09-04 02:40:00,校园论坛,今天食堂推出了新菜品，排队的人很多。 #今天,neutral,今天食堂推出了新菜品 排队的人很多
S000241,2025-09-18 10:42:00,校园论坛,下周有社团活动，需要招募志愿者。 #记录,neutral,下周有社团活动 需要招募志愿者
S000241,2025-10-12 13:28:00,校园论坛,周末和室友一起去看了电影，很放松！ 分享给大家~,positive,周末和室友一起去看了电影 很放松 分享给大家
S000241,2025-10-22 06:25:00,匿名留言板,今天的午餐特别好吃，食堂阿姨太棒了！,positive,今天的午餐特别好吃 食堂阿姨太棒了
S000241,2025-11-10 03:23:00,匿名留言板,运动完之后整个人都轻松了，强烈推荐大家多锻炼！ 分享给大家~,positive,运动完之后整个人都轻松了 强烈推荐大家多锻炼 分享给大家
S000241,2025-11-10 21:15:00,校园论坛,今天食堂推出了新菜品，排队的人很多。,neutral,今天食堂推出了新菜品 排队的人很多
S000242,2025-09-16 17:47:00,匿名留言板,最近压力好大，睡不着觉。 给自己加油！,negative,最近压力好大 睡不着觉 给自己加油
S000242,2025-10-06 05:10:00,校园论坛,明天早八有课，要定闹钟了。,neutral,明天早八有课 要定闹钟了
S000242,2025-10-27 01:38:00,树洞,图书馆的氛围很好，学习效率很高。,positive,图书馆的氛围很好 学习效率很高
S000242,2025-11-22 21:45:00,匿名留言板,明天有小组会议，要准备一下PPT。 #今天,neutral,明天有小组会议 要准备一下 ppt
S000242,2025-11-26 08:09:00,匿名留言板,今天和室友闹矛盾了，心情很差。,negative,今天和室友闹矛盾了 心情很差
S000242,2025-11-26 17:13:00,树洞,考试没考好，心情很低落... 给自己加油！,negative,考试没考好 心情很低落 给自己加油
S000243,2025-09-02 12:41:00,校园论坛,人际交往好复杂，感觉好累。,negative,人际交往好复杂 感觉好累
S000243,2025-10-12 10:35:00,树洞,明天早八有课，要定闹钟了。,neutral,明天早八有课 要定闹钟了
S000243,2025-10-14 06:43:00,匿名留言板,今天作业不多，可以早点休息。,neutral,今天作业不多 可以早点休息
S000243,2025-10-18 07:12:00,树洞,收到了好朋友的礼物，感动！,positive,收到了好朋友的礼物 感动
S000243,2025-10-21 13:07:00,校园论坛,运动完之后整个人都轻松了，强烈推荐大家多锻炼！ #校园生活,positive,运动完之后整个人都轻松了 强烈推荐大家多锻炼
S000243,2025-11-25 05:46:00,校园论坛,收到了好朋友的礼物，感动！ 分享给大家~,positive,收到了好朋友的礼物 感动 分享给大家
S000244,2025-09-09 21:52:00,校园论坛,和新同学认识聊得很愉快，交到了新朋友。 #校园生活,positive,和新同学认识聊得很愉快 交到了新朋友
S000244,2025-09-28 13:19:00,匿名留言板,下周有社团活动，需要招募志愿者。,neutral,下周有社团活动 需要招募志愿者
S000244,2025-11-12 05:16:00,树洞,明天早八有课，要定闹钟了。 #校园生活,neutral,明天早八有课 要定闹钟了
S000244,2025-11-14 14:24:00,匿名留言板,最近食欲不好，什么都不想吃。 分享给大家~,negative,最近食欲不好 什么都不想吃 分享给大家
S000244,2025-11-28 10:54:00,校园论坛,图书馆九点闭馆，需要早点去。 #校园生活,neutral,图书馆九点闭馆 需要早点去
S000244,2025-11-29 12:43:00,校园论坛,这周生活费还剩一半，需要省着点花。 #校园生活,neutral,这周生活费还剩一半 需要省着点花
S000245,2025-09-02 07:01:00,校园论坛,明天有小组会议，要准备一下PPT。 #日常,neutral,明天有小组会议 要准备一下 ppt
S000245,2025-09-06 16:50:00,校园论坛,学校最近在举办运动会报名。,neutral,学校最近在举办运动会报名
S000245,2025-09-26 04:24:00,树洞,考试终于结束了，感觉发挥得不错！,positive,考试终于结束了 感觉发挥得不错
S000245,2025-10-13 10:15:00,树洞,考试终于结束了，感觉发挥得不错！ 给自己加油！,positive,考试终于结束了 感觉发挥得不错 给自己加油
S000245,2025-10-25 07:39:00,校园论坛,收到了心仪公司的offer，太激动了！ #校园生活,positive,收到了心仪公司的 太激动了 offer
S000245,2025-11-16 14:47:00,校园论坛,这周生活费还剩一半，需要省着点花。 #日常,neutral,这周生活费还剩一半 需要省着点花
S000246,2025-09-07 20:09:00,校园论坛,这周生活费还剩一半，需要省着点花。,neutral,这周生活费还剩一半 需要省着点花
S000246,2025-09-22 23:12:00,校园论坛,今天上课老师讲的内容很有趣，学到了很多新知识。 希望明天会更好,positive,今天上课老师讲的内容很有趣 学到了很多新知识 希望明天会更好
S000246,2025-10-07 18:28:00,树洞,周末打算去超市买点日用品。 #日常,neutral,周末打算去超市买点日用品
S000246,2025-10-27 20:00:00,树洞,小组项目进展顺利，大家配合得很好。,positive,小组项目进展顺利 大家配合得很好
S000246,2025-11-10 06:15:00,校园论坛,每天都很忙碌但又觉得没有意义... 加油！,negative,每天都很忙碌但又觉得没有意义 加油
S000246,2025-11-27 22:46:00,校园论坛,图书馆的氛围很好，学习效率很高。 分享给大家~,positive,图书馆的氛围很好 学习效率很高 分享给大家
S000247,2025-09-26 04:58:00,匿名留言板,今天天气真好，心情也很棒！ 分享给大家~,positive,今天天气真好 心情也很棒 分享给大家
S000247,2025-10-19 13:54:00,匿名留言板,和同学讨论问题很有收获，团队合作很重要。 希望明天会更好,positive,和同学讨论问题很有收获 团队合作很重要 希望明天会更好
S000247,2025-10-19 17:38:00,匿名留言板,今天的课好难，完全听不懂。,negative,今天的课好难 完全听不懂
S000247,2025-11-01 02:23:00,校园论坛,今天和室友闹矛盾了，心情很差。 #记录,negative,今天和室友闹矛盾了 心情很差
S000247,2025-11-04 19:47:00,校园论坛,对未来很迷茫，不知道该怎么办。 #记录,negative,对未来很迷茫 不知道该怎么办
S000247,2025-11-10 23:11:00,校园论坛,今天尝试了一道新菜，很成功！ #日常,positive,今天尝试了一道新菜 很成功
S000248,2025-09-16 12:59:00,树洞,感觉自己什么都做不好，好失败... #今天,negative,感觉自己什么都做不好 好失败
S000248,2025-10-15 16:45:00,校园论坛,生活费快花完了，又不好意思向家里要... 加油！,negative,生活费快花完了 又不好意思向家里要 加油
S000248,2025-10-17 20:45:00,匿名留言板,这周生活费还剩一半，需要省着点花。 #日常,neutral,这周生活费还剩一半 需要省着点花
S000248,2025-10-18 15:25:00,校园论坛,下节课换到了更大的教室。 加油！,neutral,下节课换到了更大的教室 加油
S000248,2025-10-20 13:47:00,树洞,小组项目进展顺利，大家配合得很好。,positive,小组项目进展顺利 大家配合得很好
S000248,2025-11-02 09:41:00,树洞,图书馆九点闭馆，需要早点去。 #今天,neutral,图书馆九点闭馆 需要早点去
S000249,2025-09-02 03:49:00,匿名留言板,图书馆的氛围很好，学习效率很高。 #今天,positive,图书馆的氛围很好 学习效率很高
S000249,2025-09-11 16:58:00,树洞,收到了好朋友的礼物，感动！,positive,收到了好朋友的礼物 感动
S000249,2025-10-03 22:19:00,树洞,感觉和周围的人格格不入。 给自己加油！,negative,感觉和周围的人格格不入 给自己加油
S000249,2025-10-15 04:17:00,校园论坛,下节课换到了更大的教室。 加油！,neutral,下节课换到了更大的教室 加油
S000249,2025-11-15 09:46:00,匿名留言板,最近压力好大，睡不着觉。,negative,最近压力好大 睡不着觉
S000249,2025-11-27 04:16:00,树洞,解决了困扰我好久的问题，太开心了！ 给自己加油！,positive,解决了困扰我好久的问题 太开心了 给自己加油
S000250,2025-09-22 15:00:00,校园论坛,收到了好朋友的礼物，感动！ 分享给大家~,positive,收到了好朋友的礼物 感动 分享给大家
S000250,2025-09-26 15:11:00,匿名留言板,感觉好孤独，没有人理解我... #记录,negative,感觉好孤独 没有人理解我
S000250,2025-09-28 05:12:00,校园论坛,今天上课老师讲的内容很有趣，学到了很多新知识。,positive,今天上课老师讲的内容很有趣 学到了很多新知识
S000250,2025-10-07 23:27:00,匿名留言板,完成了所有作业，可以好好休息一下了。,positive,完成了所有作业 可以好好休息一下了
S000250,2025-10-08 02:24:00,校园论坛,和朋友们一起吃饭好开心呀！ #校园生活,positive,和朋友们一起吃饭好开心呀
S000250,2025-10-23 14:40:00,校园论坛,明天有小组会议，要准备一下PPT。 给自己加油！,neutral,明天有小组会议 要准备一下 给自己加油 ppt
S000251,2025-09-01 12:38:00,校园论坛,期末复习太累了，脑子转不动。 #记录,negative,期末复习太累了 脑子转不动
S000251,2025-09-01 21:37:00,校园论坛,食堂今天的菜色和昨天差不多。,neutral,食堂今天的菜色和昨天差不多
S000251,2025-09-13 00:29:00,树洞,下节课换到了更大的教室。 加油！,neutral,下节课换到了更大的教室 加油
S000251,2025-10-01 15:31:00,校园论坛,明天有小组会议，要准备一下PPT。,neutral,明天有小组会议 要准备一下 ppt
S000251,2025-10-14 19:27:00,树洞,今天的课好难，完全听不懂。 #校园生活,negative,今天的课好难 完全听不懂
S000251,2025-10-17 21:25:00,树洞,考试没考好，心情很低落... #校园生活,negative,考试没考好 心情很低落
S000252,2025-09-06 23:20:00,校园论坛,今天作业不多，可以早点休息。 希望明天会更好,neutral,今天作业不多 可以早点休息 希望明天会更好
S000252,2025-09-13 23:24:00,校园论坛,周末和室友一起去看了电影，很放松！ 加油！,positive,周末和室友一起去看了电影 很放松 加油
S000252,2025-09-18 00:38:00,树洞,天气凉爽，适合跑步，感觉状态很好。 #日常,positive,天气凉爽 适合跑步 感觉状态很好
S000252,2025-09-25 00:40:00,匿名留言板,快递到了，要去菜鸟驿站取。,neutral,快递到了 要去菜鸟驿站取
S000252,2025-10-02 11:28:00,校园论坛,下周有社团活动，需要招募志愿者。 分享给大家~,neutral,下周有社团活动 需要招募志愿者 分享给大家
S000252,2025-11-18 02:22:00,树洞,被同学误会了，解释也没人听... 给自己加油！,negative,被同学误会了 解释也没人听 给自己加油
S000253,2025-09-12 09:53:00,校园论坛,电脑风扇声音很大，该清灰了。 #记录,neutral,电脑风扇声音很大 该清灰了
S000253,2025-10-12 12:49:00,校园论坛,今天的午餐特别好吃，食堂阿姨太棒了！ 给自己加油！,positive,今天的午餐特别好吃 食堂阿姨太棒了 给自己加油
S000253,2025-10-28 03:30:00,校园论坛,今天作业不多，可以早点休息。,neutral,今天作业不多 可以早点休息
S000253,2025-11-06 18:50:00,校园论坛,耳机丢了，最近只能外放了。,neutral,耳机丢了 最近只能外放了
S000253,2025-11-24 22:05:00,树洞,今天天气真好，心情也很棒！,positive,今天天气真好 心情也很棒
S000253,2025-11-25 03:42:00,匿名留言板,今天被老师表扬了，有点小骄傲！ 给自己加油！,positive,今天被老师表扬了 有点小骄傲 给自己加油
S000254,2025-09-12 22:21:00,校园论坛,图书馆二楼的自习室比较安静。 希望明天会更好,neutral,图书馆二楼的自习室比较安静 希望明天会更好
S000254,2025-09-15 02:21:00,树洞,周末打算去超市买点日用品。 加油！,neutral,周末打算去超市买点日用品 加油
S000254,2025-10-10 01:37:00,校园论坛,人际交往好复杂，感觉好累。 #今天,negative,人际交往好复杂 感觉好累
S000254,2025-10-14 12:58:00,匿名留言板,下节课换到了更大的教室。 给自己加油！,neutral,下节课换到了更大的教室 给自己加油
S000254,2025-11-11 13:51:00,校园论坛,今天的午餐特别好吃，食堂阿姨太棒了！,positive,今天的午餐特别好吃 食堂阿姨太棒了
S000254,2025-11-13 11:08:00,匿名留言板,下节课换到了更大的教室。 希望明天会更好,neutral,下节课换到了更大的教室 希望明天会更好
S000255,2025-09-16 08:54:00,树洞,下周有社团活动，需要招募志愿者。 给自己加油！,neutral,下周有社团活动 需要招募志愿者 给自己加油
S000255,2025-09-29 03:25:00,校园论坛,今天尝试了一道新菜，很成功！ #校园生活,positive,今天尝试了一道新菜 很成功
S000255,2025-10-08 07:31:00,校园论坛,这周生活费还剩一半，需要省着点花。 希望明天会更好,neutral,这周生活费还剩一半 需要省着点花 希望明天会更好
S000255,2025-10-17 21:59:00,匿名留言板,耳机丢了，最近只能外放了。 给自己加油！,neutral,耳机丢了 最近只能外放了 给自己加油
S000255,2025-11-03 09:45:00,校园论坛,食堂今天的菜色和昨天差不多。 #校园生活,neutral,食堂今天的菜色和昨天差不多
S000255,2025-11-25 22:02:00,树洞,想家了，好想回家... 分享给大家~,negative,想家了 好想回家 分享给大家
S000256,2025-09-27 23:59:00,树洞,食堂今天的菜色和昨天差不多。,neutral,食堂今天的菜色和昨天差不多
S000256,2025-10-14 13:43:00,校园论坛,生活费快花完了，又不好意思向家里要... #今天,negative,生活费快花完了 又不好意思向家里要
S000256,2025-10-21 03:08:00,树洞,今天摔了一跤，膝盖好疼...,negative,今天摔了一跤 膝盖好疼
S000256,2025-10-21 09:52:00,匿名留言板,天气预报说明天会下雨，记得带伞。,neutral,天气预报说明天会下雨 记得带伞
S000256,2025-11-07 23:18:00,树洞,周末和室友一起去看了电影，很放松！ 加油！,positive,周末和室友一起去看了电影 很放松 加油
S000256,2025-11-30 09:29:00,校园论坛,图书馆二楼的自习室比较安静。,neutral,图书馆二楼的自习室比较安静
S000257,2025-09-19 12:27:00,校园论坛,天气预报说明天会下雨，记得带伞。,neutral,天气预报说明天会下雨 记得带伞
S000257,2025-10-21 15:19:00,匿名留言板,天气预报说明天会下雨，记得带伞。 给自己加油！,neutral,天气预报说明天会下雨 记得带伞 给自己加油
S000257,2025-10-26 04:40:00,校园论坛,今天作业不多，可以早点休息。,neutral,今天作业不多 可以早点休息
S000257,2025-10-31 05:03:00,校园论坛,天气凉爽，适合跑步，感觉状态很好。 给自己加油！,positive,天气凉爽 适合跑步 感觉状态很好 给自己加油
S000257,2025-11-01 09:57:00,校园论坛,周末和室友一起去看了电影，很放松！ 加油！,positive,周末和室友一起去看了电影 很放松 加油
S000257,2025-11-23 00:23:00,匿名留言板,图书馆二楼的自习室比较安静。,neutral,图书馆二楼的自习室比较安静
S000258,2025-09-09 22:58:00,校园论坛,电脑风扇声音很大，该清灰了。,neutral,电脑风扇声音很大 该清灰了
S000258,2025-11-01 20:44:00,校园论坛,今天摔了一跤，膝盖好疼...,negative,今天摔了一跤 膝盖好疼
S000258,2025-11-02 20:42:00,匿名留言板,今天作业不多，可以早点休息。,neutral,今天作业不多 可以早点休息
S000258,2025-11-13 15:17:00,校园论坛,明天有小组会议，要准备一下PPT。 希望明天会更好,neutral,明天有小组会议 要准备一下 希望明天会更好 ppt
S000258,2025-11-20 20:28:00,校园论坛,感觉好孤独，没有人理解我...,negative,感觉好孤独 没有人理解我
S000258,2025-11-28 21:42:00,校园论坛,今天尝试了一道新菜，很成功！ 给自己加油！,positive,今天尝试了一道新菜 很成功 给自己加油
S000259,2025-09-16 05:55:00,匿名留言板,今天和室友闹矛盾了，心情很差。,negative,今天和室友闹矛盾了 心情很差
S000259,2025-10-11 03:02:00,校园论坛,周末和室友一起去看了电影，很放松！ 给自己加油！,positive,周末和室友一起去看了电影 很放松 给自己加油
S000259,2025-10-17 17:10:00,校园论坛,今天感觉好累，什么都不想做。,negative,今天感觉好累 什么都不想做
S000259,2025-11-06 18:34:00,树洞,明天有小组会议，要准备一下PPT。,neutral,明天有小组会议 要准备一下 ppt
S000259,2025-11-11 08:54:00,匿名留言板,图书馆九点闭馆，需要早点去。,neutral,图书馆九点闭馆 需要早点去
S000259,2025-11-29 00:25:00,校园论坛,感觉和周围的人格格不入。 分享给大家~,negative,感觉和周围的人格格不入 分享给大家
S000260,2025-09-19 09:54:00,匿名留言板,这周生活费还剩一半，需要省着点花。 希望明天会更好,neutral,这周生活费还剩一半 需要省着点花 希望明天会更好
S000260,2025-09-27 22:06:00,校园论坛,食堂今天的菜色和昨天差不多。,neutral,食堂今天的菜色和昨天差不多
S000260,2025-10-03 08:24:00,校园论坛,天气预报说明天会下雨，记得带伞。 #今天,neutral,天气预报说明天会下雨 记得带伞
S000260,2025-10-11 16:58:00,匿名留言板,室友今天生日，准备买个蛋糕。 希望明天会更好,neutral,室友今天生日 准备买个蛋糕 希望明天会更好
S000260,2025-11-06 09:42:00,校园论坛,对未来很迷茫，不知道该怎么办。 希望明天会更好,negative,对未来很迷茫 不知道该怎么办 希望明天会更好
S000260,2025-11-15 11:17:00,校园论坛,和新同学认识聊得很愉快，交到了新朋友。 #今天,positive,和新同学认识聊得很愉快 交到了新朋友
S000261,2025-09-12 11:58:00,树洞,期末复习太累了，脑子转不动。,negative,期末复习太累了 脑子转不动
S000261,2025-09-16 17:07:00,校园论坛,手机内存不够了，需要清理一下。,neutral,手机内存不够了 需要清理一下
S000261,2025-10-03 21:27:00,校园论坛,这周生活费还剩一半，需要省着点花。 分享给大家~,neutral,这周生活费还剩一半 需要省着点花 分享给大家
S000261,2025-10-11 13:24:00,校园论坛,和新同学认识聊得很愉快，交到了新朋友。,positive,和新同学认识聊得很愉快 交到了新朋友
S000261,2025-11-20 23:17:00,校园论坛,周末打算去超市买点日用品。 加油！,neutral,周末打算去超市买点日用品 加油
S000261,2025-11-24 20:52:00,树洞,今天和室友闹矛盾了，心情很差。 #今天,negative,今天和室友闹矛盾了 心情很差
S000262,2025-09-16 05:33:00,树洞,学校最近在举办运动会报名。 希望明天会更好,neutral,学校最近在举办运动会报名 希望明天会更好
S000262,2025-09-29 08:00:00,树洞,完成了一个月的早起打卡计划，坚持就是胜利！ #今天,positive,完成了一个月的早起打卡计划 坚持就是胜利
S000262,2025-10-04 00:43:00,校园论坛,对未来很迷茫，不知道该怎么办。 给自己加油！,negative,对未来很迷茫 不知道该怎么办 给自己加油
S000262,2025-11-02 03:33:00,匿名留言板,今天摔了一跤，膝盖好疼... #日常,negative,今天摔了一跤 膝盖好疼
S000262,2025-11-17 03:57:00,校园论坛,今天的阳光很温暖，适合出去走走。 #今天,positive,今天的阳光很温暖 适合出去走走
S000262,2025-11-26 17:35:00,匿名留言板,人际交往好复杂，感觉好累。 #记录,negative,人际交往好复杂 感觉好累
S000263,2025-09-08 02:47:00,树洞,小组项目进展顺利，大家配合得很好。,positive,小组项目进展顺利 大家配合得很好
S000263,2025-09-12 20:05:00,校园论坛,完成了一个月的早起打卡计划，坚持就是胜利！,positive,完成了一个月的早起打卡计划 坚持就是胜利
S000263,2025-09-30 09:40:00,匿名留言板,学校最近在举办运动会报名。 #今天,neutral,学校最近在举办运动会报名
S000263,2025-10-19 18:47:00,匿名留言板,完成了所有作业，可以好好休息一下了。 加油！,positive,完成了所有作业 可以好好休息一下了 加油
S000263,2025-10-30 16:18:00,树洞,收到了好朋友的礼物，感动！ 分享给大家~,positive,收到了好朋友的礼物 感动 分享给大家
S000263,2025-11-26 19:26:00,树洞,天气预报说明天会下雨，记得带伞。 #记录,neutral,天气预报说明天会下雨 记得带伞
S000264,2025-09-25 23:00:00,校园论坛,电脑风扇声音很大，该清灰了。 加油！,neutral,电脑风扇声音很大 该清灰了 加油
S000264,2025-10-25 21:32:00,校园论坛,这周生活费还剩一半，需要省着点花。 #记录,neutral,这周生活费还剩一半 需要省着点花
S000264,2025-11-05 11:03:00,校园论坛,人际交往好复杂，感觉好累。,negative,人际交往好复杂 感觉好累
S000264,2025-11-24 16:43:00,树洞,明天早八有课，要定闹钟了。 #记录,neutral,明天早八有课 要定闹钟了
S000264,2025-11-26 16:57:00,树洞,和朋友们一起吃饭好开心呀！ #校园生活,positive,和朋友们一起吃饭好开心呀
S000264,2025-11-27 21:56:00,校园论坛,感觉好孤独，没有人理解我... #今天,negative,感觉好孤独 没有人理解我
S000265,2025-09-13 13:31:00,树洞,天气凉爽，适合跑步，感觉状态很好。 分享给大家~,positive,天气凉爽 适合跑步 感觉状态很好 分享给大家
S000265,2025-09-14 00:22:00,校园论坛,天气预报说明天会下雨，记得带伞。 #今天,neutral,天气预报说明天会下雨 记得带伞
S000265,2025-09-15 10:58:00,校园论坛,电脑风扇声音很大，该清灰了。,neutral,电脑风扇声音很大 该清灰了
S000265,2025-10-10 20:32:00,树洞,食堂今天的菜色和昨天差不多。 #记录,neutral,食堂今天的菜色和昨天差不多
S000265,2025-11-01 09:16:00,校园论坛,解决了困扰我好久的问题，太开心了！ #今天,positive,解决了困扰我好久的问题 太开心了
S000265,2025-11-02 01:22:00,校园论坛,今天尝试了一道新菜，很成功！ #校园生活,positive,今天尝试了一道新菜 很成功
S000266,2025-09-06 04:25:00,校园论坛,今天的课好难，完全听不懂。,negative,今天的课好难 完全听不懂
S000266,2025-09-26 15:42:00,校园论坛,明天有小组会议，要准备一下PPT。 #今天,neutral,明天有小组会议 要准备一下 ppt
S000266,2025-10-05 03:28:00,校园论坛,今天食堂推出了新菜品，排队的人很多。,neutral,今天食堂推出了新菜品 排队的人很多
S000266,2025-10-23 03:58:00,校园论坛,对未来很迷茫，不知道该怎么办。 给自己加油！,negative,对未来很迷茫 不知道该怎么办 给自己加油
S000266,2025-10-26 00:22:00,校园论坛,周末打算去超市买点日用品。,neutral,周末打算去超市买点日用品
S000266,2025-10-31 12:23:00,匿名留言板,收到了好朋友的礼物，感动！,positive,收到了好朋友的礼物 感动
S000267,2025-09-11 13:15:00,校园论坛,耳机丢了，最近只能外放了。,neutral,耳机丢了 最近只能外放了
S000267,2025-09-15 08:44:00,校园论坛,收到了好朋友的礼物，感动！,positive,收到了好朋友的礼物 感动
S000267,2025-10-20 04:07:00,校园论坛,今天上了三节课，分别是高数、英语和体育。,neutral,今天上了三节课 分别是高数 英语和体育
S000267,2025-10-25 19:47:00,校园论坛,小组项目进展顺利，大家配合得很好。 #日常,positive,小组项目进展顺利 大家配合得很好
S000267,2025-11-03 21:45:00,匿名留言板,图书馆的氛围很好，学习效率很高。 分享给大家~,positive,图书馆的氛围很好 学习效率很高 分享给大家
S000267,2025-11-04 00:49:00,树洞,食堂今天的菜色和昨天差不多。 给自己加油！,neutral,食堂今天的菜色和昨天差不多 给自己加油
S000268,2025-09-07 12:26:00,校园论坛,最近食欲不好，什么都不想吃。,negative,最近食欲不好 什么都不想吃
S000268,2025-09-14 22:46:00,树洞,今天和室友闹矛盾了，心情很差。,negative,今天和室友闹矛盾了 心情很差
S000268,2025-10-06 06:59:00,校园论坛,今天天气真好，心情也很棒！ 希望明天会更好,positive,今天天气真好 心情也很棒 希望明天会更好
S000268,2025-10-17 08:22:00,树洞,今天作业不多，可以早点休息。 #校园生活,neutral,今天作业不多 可以早点休息
S000268,2025-11-01 01:32:00,校园论坛,考试没考好，心情很低落... #日常,negative,考试没考好 心情很低落
S000268,2025-11-15 20:40:00,校园论坛,运动完之后整个人都轻松了，强烈推荐大家多锻炼！,positive,运动完之后整个人都轻松了 强烈推荐大家多锻炼
S000269,2025-09-24 01:00:00,校园论坛,今天的阳光很温暖，适合出去走走。,positive,今天的阳光很温暖 适合出去走走
S000269,2025-10-06 06:37:00,匿名留言板,感觉好孤独，没有人理解我...,negative,感觉好孤独 没有人理解我
S000269,2025-10-06 19:06:00,校园论坛,期末复习太累了，脑子转不动。 #记录,negative,期末复习太累了 脑子转不动
S000269,2025-10-09 03:06:00,校园论坛,电脑风扇声音很大，该清灰了。,neutral,电脑风扇声音很大 该清灰了
S000269,2025-10-17 23:49:00,校园论坛,连续几天失眠，白天没精神。 #校园生活,negative,连续几天失眠 白天没精神
S000269,2025-11-17 03:02:00,匿名留言板,感觉自己什么都做不好，好失败...,negative,感觉自己什么都做不好 好失败
S000270,2025-09-13 02:34:00,校园论坛,学校最近在举办运动会报名。 加油！,neutral,学校最近在举办运动会报名 加油
S000270,2025-09-26 17:46:00,校园论坛,收到了心仪公司的offer，太激动了！,positive,收到了心仪公司的 太激动了 offer
S000270,2025-10-03 17:22:00,匿名留言板,今天食堂推出了新菜品，排队的人很多。 给自己加油！,neutral,今天食堂推出了新菜品 排队的人很多 给自己加油
S000270,2025-10-06 22:08:00,匿名留言板,解决了困扰我好久的问题，太开心了！,positive,解决了困扰我好久的问题 太开心了
S000270,2025-10-26 02:30:00,校园论坛,论文写不出来，deadline又快到了。,negative,论文写不出来 又快到了 deadline
S000270,2025-11-28 06:47:00,匿名留言板,下周有社团活动，需要招募志愿者。 给自己加油！,neutral,下周有社团活动 需要招募志愿者 给自己加油
S000271,2025-09-16 05:14:00,校园论坛,完成了一个月的早起打卡计划，坚持就是胜利！ #日常,positive,完成了一个月的早起打卡计划 坚持就是胜利
S000271,2025-09-19 08:59:00,树洞,考试终于结束了，感觉发挥得不错！ 给自己加油！,positive,考试终于结束了 感觉发挥得不错 给自己加油
S000271,2025-09-28 18:44:00,匿名留言板,天气凉爽，适合跑步，感觉状态很好。 #记录,positive,天气凉爽 适合跑步 感觉状态很好
S000271,2025-10-20 12:38:00,校园论坛,今天上课老师讲的内容很有趣，学到了很多新知识。,positive,今天上课老师讲的内容很有趣 学到了很多新知识
S000271,2025-11-05 02:10:00,匿名留言板,论文写不出来，deadline又快到了。 #今天,negative,论文写不出来 又快到了 deadline
S000271,2025-11-07 08:19:00,校园论坛,学校最近在举办运动会报名。 加油！,neutral,学校最近在举办运动会报名 加油
S000272,2025-09-27 17:07:00,匿名留言板,完成了所有作业，可以好好休息一下了。 给自己加油！,positive,完成了所有作业 可以好好休息一下了 给自己加油
S000272,2025-10-16 07:46:00,树洞,天气预报说明天会下雨，记得带伞。 #日常,neutral,天气预报说明天会下雨 记得带伞
S000272,2025-10-18 10:05:00,匿名留言板,电脑风扇声音很大，该清灰了。 #日常,neutral,电脑风扇声音很大 该清灰了
S000272,2025-10-23 19:18:00,树洞,考试没考好，心情很低落... 给自己加油！,negative,考试没考好 心情很低落 给自己加油
S000272,2025-11-08 21:55:00,匿名留言板,图书馆二楼的自习室比较安静。,neutral,图书馆二楼的自习室比较安静
S000272,2025-11-28 12:41:00,校园论坛,和新同学认识聊得很愉快，交到了新朋友。 分享给大家~,positive,和新同学认识聊得很愉快 交到了新朋友 分享给大家
S000273,2025-09-23 12:43:00,校园论坛,图书馆九点闭馆，需要早点去。,neutral,图书馆九点闭馆 需要早点去
S000273,2025-10-02 14:58:00,匿名留言板,下节课换到了更大的教室。,neutral,下节课换到了更大的教室
S000273,2025-10-21 04:28:00,校园论坛,收到了好朋友的礼物，感动！ #校园生活,positive,收到了好朋友的礼物 感动
S000273,2025-10-27 07:20:00,树洞,解决了困扰我好久的问题，太开心了！ 给自己加油！,positive,解决了困扰我好久的问题 太开心了 给自己加油
S000273,2025-11-01 02:31:00,校园论坛,今天上课老师讲的内容很有趣，学到了很多新知识。,positive,今天上课老师讲的内容很有趣 学到了很多新知识
S000273,2025-11-02 23:11:00,校园论坛,今天上了三节课，分别是高数、英语和体育。 #日常,neutral,今天上了三节课 分别是高数 英语和体育
S000274,2025-09-02 03:34:00,校园论坛,快递到了，要去菜鸟驿站取。 加油！,neutral,快递到了 要去菜鸟驿站取 加油
S000274,2025-09-03 03:52:00,校园论坛,考试终于结束了，感觉发挥得不错！,positive,考试终于结束了 感觉发挥得不错
S000274,2025-09-11 08:09:00,匿名留言板,明天早八有课，要定闹钟了。,neutral,明天早八有课 要定闹钟了
S000274,2025-09-18 15:48:00,校园论坛,最近总是莫名的焦虑不安。,negative,最近总是莫名的焦虑不安
S000274,2025-09-18 23:48:00,校园论坛,明天早八有课，要定闹钟了。,neutral,明天早八有课 要定闹钟了
S000274,2025-11-01 04:15:00,匿名留言板,今天的午餐特别好吃，食堂阿姨太棒了！ 给自己加油！,positive,今天的午餐特别好吃 食堂阿姨太棒了 给自己加油
S000275,2025-09-03 01:06:00,树洞,感觉好孤独，没有人理解我... 分享给大家~,negative,感觉好孤独 没有人理解我 分享给大家
S000275,2025-09-11 01:38:00,校园论坛,收到了好朋友的礼物，感动！ 分享给大家~,positive,收到了好朋友的礼物 感动 分享给大家
S000275,2025-09-15 15:10:00,树洞,今天作业不多，可以早点休息。,neutral,今天作业不多 可以早点休息
S000275,2025-09-19 11:41:00,树洞,图书馆的氛围很好，学习效率很高。 给自己加油！,positive,图书馆的氛围很好 学习效率很高 给自己加油
S000275,2025-10-07 11:04:00,树洞,明天有小组会议，要准备一下PPT。 #校园生活,neutral,明天有小组会议 要准备一下 ppt
S000275,2025-10-24 04:00:00,校园论坛,今天上了三节课，分别是高数、英语和体育。,neutral,今天上了三节课 分别是高数 英语和体育
S000276,2025-09-10 00:55:00,校园论坛,这周生活费还剩一半，需要省着点花。 给自己加油！,neutral,这周生活费还剩一半 需要省着点花 给自己加油
S000276,2025-09-19 12:28:00,校园论坛,下周有社团活动，需要招募志愿者。,neutral,下周有社团活动 需要招募志愿者
S000276,2025-09-24 21:27:00,树洞,和同学讨论问题很有收获，团队合作很重要。 希望明天会更好,positive,和同学讨论问题很有收获 团队合作很重要 希望明天会更好
S000276,2025-10-15 03:17:00,树洞,室友今天生日，准备买个蛋糕。 #日常,neutral,室友今天生日 准备买个蛋糕
S000276,2025-10-20 11:20:00,树洞,被同学误会了，解释也没人听... 加油！,negative,被同学误会了 解释也没人听 加油
S000276,2025-10-25 23:17:00,校园论坛,今天的阳光很温暖，适合出去走走。,positive,今天的阳光很温暖 适合出去走走
S000277,2025-09-18 03:03:00,校园论坛,室友今天生日，准备买个蛋糕。,neutral,室友今天生日 准备买个蛋糕
S000277,2025-09-19 17:59:00,树洞,今天作业不多，可以早点休息。,neutral,今天作业不多 可以早点休息
S000277,2025-10-17 00:13:00,匿名留言板,今天上了三节课，分别是高数、英语和体育。 #校园生活,neutral,今天上了三节课 分别是高数 英语和体育
S000277,2025-11-03 17:34:00,校园论坛,感觉和周围的人格格不入。,negative,感觉和周围的人格格不入
S000277,2025-11-14 22:26:00,校园论坛,最近食欲不好，什么都不想吃。 加油！,negative,最近食欲不好 什么都不想吃 加油
S000277,2025-11-17 20:21:00,校园论坛,完成了一个月的早起打卡计划，坚持就是胜利！ #今天,positive,完成了一个月的早起打卡计划 坚持就是胜利
S000278,2025-09-08 23:08:00,匿名留言板,收到了心仪公司的offer，太激动了！ #今天,positive,收到了心仪公司的 太激动了 offer
S000278,2025-10-02 02:00:00,匿名留言板,每天都很忙碌但又觉得没有意义...,negative,每天都很忙碌但又觉得没有意义
S000278,2025-10-14 14:50:00,校园论坛,今天上了三节课，分别是高数、英语和体育。 #日常,neutral,今天上了三节课 分别是高数 英语和体育
S000278,2025-10-31 23:08:00,校园论坛,学校最近在举办运动会报名。 #记录,neutral,学校最近在举办运动会报名
S000278,2025-11-01 19:55:00,校园论坛,收到了心仪公司的offer，太激动了！ #校园生活,positive,收到了心仪公司的 太激动了 offer
S000278,2025-11-29 13:23:00,匿名留言板,运动完之后整个人都轻松了，强烈推荐大家多锻炼！ 给自己加油！,positive,运动完之后整个人都轻松了 强烈推荐大家多锻炼 给自己加油
S000279,2025-09-08 20:02:00,校园论坛,天气预报说明天会下雨，记得带伞。 分享给大家~,neutral,天气预报说明天会下雨 记得带伞 分享给大家
S000279,2025-10-04 18:32:00,树洞,最近食欲不好，什么都不想吃。 #今天,negative,最近食欲不好 什么都不想吃
S000279,2025-10-05 02:33:00,校园论坛,对未来很迷茫，不知道该怎么办。 加油！,negative,对未来很迷茫 不知道该怎么办 加油
S000279,2025-10-21 13:43:00,匿名留言板,今天食堂推出了新菜品，排队的人很多。 分享给大家~,neutral,今天食堂推出了新菜品 排队的人很多 分享给大家
S000279,2025-11-19 01:14:00,树洞,感觉和周围的人格格不入。 希望明天会更好,negative,感觉和周围的人格格不入 希望明天会更好
S000279,2025-11-28 14:30:00,校园论坛,人际交往好复杂，感觉好累。 #今天,negative,人际交往好复杂 感觉好累
S000280,2025-09-28 19:00:00,匿名留言板,学校最近在举办运动会报名。,neutral,学校最近在举办运动会报名
S000280,2025-10-07 12:32:00,校园论坛,图书馆的氛围很好，学习效率很高。 加油！,positive,图书馆的氛围很好 学习效率很高 加油
S000280,2025-10-18 20:27:00,校园论坛,运动完之后整个人都轻松了，强烈推荐大家多锻炼！,positive,运动完之后整个人都轻松了 强烈推荐大家多锻炼
S000280,2025-11-01 01:03:00,树洞,想家了，好想回家...,negative,想家了 好想回家
S000280,2025-11-17 10:01:00,校园论坛,今天上课老师讲的内容很有趣，学到了很多新知识。 分享给大家~,positive,今天上课老师讲的内容很有趣 学到了很多新知识 分享给大家
S000280,2025-11-21 01:15:00,校园论坛,解决了困扰我好久的问题，太开心了！ 希望明天会更好,positive,解决了困扰我好久的问题 太开心了 希望明天会更好
S000281,2025-09-05 09:10:00,树洞,今天尝试了一道新菜，很成功！,positive,今天尝试了一道新菜 很成功
S000281,2025-09-12 22:14:00,校园论坛,这周生活费还剩一半，需要省着点花。 加油！,neutral,这周生活费还剩一半 需要省着点花 加油
S000281,2025-09-17 10:18:00,树洞,每天都很忙碌但又觉得没有意义...,negative,每天都很忙碌但又觉得没有意义
S000281,2025-09-17 22:43:00,匿名留言板,收到了好朋友的礼物，感动！ 加油！,positive,收到了好朋友的礼物 感动 加油
S000281,2025-11-04 04:01:00,匿名留言板,人际交往好复杂，感觉好累。 #记录,negative,人际交往好复杂 感觉好累
S000281,2025-11-04 16:46:00,校园论坛,耳机丢了，最近只能外放了。 #校园生活,neutral,耳机丢了 最近只能外放了
S000282,2025-09-20 18:40:00,校园论坛,明天有小组会议，要准备一下PPT。,neutral,明天有小组会议 要准备一下 ppt
S000282,2025-10-03 14:41:00,校园论坛,明天有小组会议，要准备一下PPT。 希望明天会更好,neutral,明天有小组会议 要准备一下 希望明天会更好 ppt
S000282,2025-10-10 17:55:00,校园论坛,图书馆九点闭馆，需要早点去。 #记录,neutral,图书馆九点闭馆 需要早点去
S000282,2025-10-11 05:59:00,匿名留言板,和朋友们一起吃饭好开心呀！ #日常,positive,和朋友们一起吃饭好开心呀
S000282,2025-10-16 02:04:00,树洞,今天尝试了一道新菜，很成功！ #日常,positive,今天尝试了一道新菜 很成功
S000282,2025-11-27 12:15:00,校园论坛,和新同学认识聊得很愉快，交到了新朋友。 希望明天会更好,positive,和新同学认识聊得很愉快 交到了新朋友 希望明天会更好
S000283,2025-09-08 23:50:00,校园论坛,今天被老师表扬了，有点小骄傲！,positive,今天被老师表扬了 有点小骄傲
S000283,2025-09-14 09:24:00,校园论坛,图书馆的氛围很好，学习效率很高。,positive,图书馆的氛围很好 学习效率很高
S000283,2025-10-17 09:25:00,校园论坛,连续几天失眠，白天没精神。 给自己加油！,negative,连续几天失眠 白天没精神 给自己加油
S000283,2025-10-17 16:54:00,校园论坛,快递到了，要去菜鸟驿站取。 #校园生活,neutral,快递到了 要去菜鸟驿站取
S000283,2025-10-23 16:28:00,树洞,考试终于结束了，感觉发挥得不错！ 希望明天会更好,positive,考试终于结束了 感觉发挥得不错 希望明天会更好
S000283,2025-10-30 21:05:00,匿名留言板,最近总是莫名的焦虑不安。 给自己加油！,negative,最近总是莫名的焦虑不安 给自己加油
S000284,2025-09-26 12:21:00,校园论坛,今天的阳光很温暖，适合出去走走。 希望明天会更好,positive,今天的阳光很温暖 适合出去走走 希望明天会更好
S000284,2025-09-28 00:48:00,匿名留言板,下个月有英语四级考试，要开始准备了。 #日常,neutral,下个月有英语四级考试 要开始准备了
S000284,2025-10-19 01:59:00,校园论坛,手机内存不够了，需要清理一下。 #记录,neutral,手机内存不够了 需要清理一下
S000284,2025-10-30 03:05:00,匿名留言板,运动完之后整个人都轻松了，强烈推荐大家多锻炼！ #今天,positive,运动完之后整个人都轻松了 强烈推荐大家多锻炼
S000284,2025-10-31 04:40:00,树洞,解决了困扰我好久的问题，太开心了！,positive,解决了困扰我好久的问题 太开心了
S000284,2025-11-29 23:30:00,匿名留言板,今天尝试了一道新菜，很成功！,positive,今天尝试了一道新菜 很成功
S000285,2025-09-11 04:04:00,树洞,和朋友们一起吃饭好开心呀！ #日常,positive,和朋友们一起吃饭好开心呀
S000285,2025-09-12 13:21:00,校园论坛,学校最近在举办运动会报名。,neutral,学校最近在举办运动会报名
S000285,2025-10-24 15:30:00,校园论坛,今天和室友闹矛盾了，心情很差。 加油！,negative,今天和室友闹矛盾了 心情很差 加油
S000285,2025-10-28 13:33:00,树洞,今天的午餐特别好吃，食堂阿姨太棒了！,positive,今天的午餐特别好吃 食堂阿姨太棒了
S000285,2025-11-25 18:39:00,校园论坛,今天的阳光很温暖，适合出去走走。,positive,今天的阳光很温暖 适合出去走走
S000285,2025-11-28 18:24:00,校园论坛,电脑风扇声音很大，该清灰了。 希望明天会更好,neutral,电脑风扇声音很大 该清灰了 希望明天会更好
S000286,2025-09-22 19:24:00,树洞,周末和室友一起去看了电影，很放松！,positive,周末和室友一起去看了电影 很放松
S000286,2025-10-29 04:31:00,校园论坛,明天有小组会议，要准备一下PPT。 给自己加油！,neutral,明天有小组会议 要准备一下 给自己加油 ppt
S000286,2025-11-04 03:44:00,校园论坛,最近总是莫名的焦虑不安。 #今天,negative,最近总是莫名的焦虑不安
S000286,2025-11-06 23:00:00,校园论坛,这周生活费还剩一半，需要省着点花。 给自己加油！,neutral,这周生活费还剩一半 需要省着点花 给自己加油
S000286,2025-11-13 00:23:00,树洞,今天上了三节课，分别是高数、英语和体育。 #日常,neutral,今天上了三节课 分别是高数 英语和体育
S000286,2025-11-14 03:02:00,匿名留言板,周末和室友一起去看了电影，很放松！ #今天,positive,周末和室友一起去看了电影 很放松
S000287,2025-10-16 17:27:00,树洞,今天的课好难，完全听不懂。,negative,今天的课好难 完全听不懂
S000287,2025-10-19 09:54:00,校园论坛,手机内存不够了，需要清理一下。 给自己加油！,neutral,手机内存不够了 需要清理一下 给自己加油
S000287,2025-10-27 16:37:00,校园论坛,学校最近在举办运动会报名。 #今天,neutral,学校最近在举办运动会报名
S000287,2025-10-29 13:23:00,匿名留言板,和新同学认识聊得很愉快，交到了新朋友。,positive,和新同学认识聊得很愉快 交到了新朋友
S000287,2025-11-18 13:06:00,校园论坛,连续几天失眠，白天没精神。 分享给大家~,negative,连续几天失眠 白天没精神 分享给大家
S000287,2025-11-19 03:05:00,匿名留言板,明天有小组会议，要准备一下PPT。,neutral,明天有小组会议 要准备一下 ppt
S000288,2025-09-20 11:53:00,校园论坛,明天早八有课，要定闹钟了。 #校园生活,neutral,明天早八有课 要定闹钟了
S000288,2025-09-29 16:18:00,树洞,今天的午餐特别好吃，食堂阿姨太棒了！ #日常,positive,今天的午餐特别好吃 食堂阿姨太棒了
S000288,2025-10-24 21:15:00,校园论坛,收到了好朋友的礼物，感动！,positive,收到了好朋友的礼物 感动
S000288,2025-10-29 17:24:00,校园论坛,小组项目进展顺利，大家配合得很好。,positive,小组项目进展顺利 大家配合得很好
S000288,2025-10-30 13:58:00,树洞,下节课换到了更大的教室。,neutral,下节课换到了更大的教室
S000288,2025-11-13 13:15:00,匿名留言板,人际交往好复杂，感觉好累。,negative,人际交往好复杂 感觉好累
S000289,2025-09-20 00:39:00,校园论坛,图书馆九点闭馆，需要早点去。 希望明天会更好,neutral,图书馆九点闭馆 需要早点去 希望明天会更好
S000289,2025-09-27 02:05:00,匿名留言板,今天天气真好，心情也很棒！ 给自己加油！,positive,今天天气真好 心情也很棒 给自己加油
S000289,2025-09-30 03:45:00,匿名留言板,耳机丢了，最近只能外放了。,neutral,耳机丢了 最近只能外放了
S000289,2025-10-20 23:11:00,校园论坛,今天的课好难，完全听不懂。 分享给大家~,negative,今天的课好难 完全听不懂 分享给大家
S000289,2025-10-21 01:51:00,树洞,手机内存不够了，需要清理一下。,neutral,手机内存不够了 需要清理一下
S000289,2025-10-21 20:58:00,树洞,今天被老师表扬了，有点小骄傲！,positive,今天被老师表扬了 有点小骄傲
S000290,2025-09-17 14:40:00,校园论坛,室友今天生日，准备买个蛋糕。,neutral,室友今天生日 准备买个蛋糕
S000290,2025-09-19 09:16:00,校园论坛,图书馆九点闭馆，需要早点去。,neutral,图书馆九点闭馆 需要早点去
S000290,2025-09-29 09:12:00,匿名留言板,最近食欲不好，什么都不想吃。 加油！,negative,最近食欲不好 什么都不想吃 加油
S000290,2025-10-17 06:25:00,校园论坛,今天天气真好，心情也很棒！ #今天,positive,今天天气真好 心情也很棒
S000290,2025-10-19 08:42:00,匿名留言板,和朋友们一起吃饭好开心呀！,positive,和朋友们一起吃饭好开心呀
S000290,2025-11-21 18:55:00,校园论坛,今天尝试了一道新菜，很成功！ 希望明天会更好,positive,今天尝试了一道新菜 很成功 希望明天会更好
S000291,2025-09-04 17:01:00,树洞,对未来很迷茫，不知道该怎么办。,negative,对未来很迷茫 不知道该怎么办
S000291,2025-09-15 06:01:00,匿名留言板,最近食欲不好，什么都不想吃。,negative,最近食欲不好 什么都不想吃
S000291,2025-10-28 05:11:00,匿名留言板,今天上课老师讲的内容很有趣，学到了很多新知识。 给自己加油！,positive,今天上课老师讲的内容很有趣 学到了很多新知识 给自己加油
S000291,2025-11-16 17:00:00,校园论坛,今天的午餐特别好吃，食堂阿姨太棒了！,positive,今天的午餐特别好吃 食堂阿姨太棒了
S000291,2025-11-17 01:07:00,树洞,室友今天生日，准备买个蛋糕。 #记录,neutral,室友今天生日 准备买个蛋糕
S000291,2025-11-20 02:13:00,匿名留言板,下节课换到了更大的教室。 #校园生活,neutral,下节课换到了更大的教室
S000292,2025-09-17 08:17:00,匿名留言板,最近压力好大，睡不着觉。 #校园生活,negative,最近压力好大 睡不着觉
S000292,2025-10-20 13:12:00,树洞,生活费快花完了，又不好意思向家里要... 给自己加油！,negative,生活费快花完了 又不好意思向家里要 给自己加油
S000292,2025-10-22 06:16:00,校园论坛,今天的午餐特别好吃，食堂阿姨太棒了！ #今天,positive,今天的午餐特别好吃 食堂阿姨太棒了
S000292,2025-10-25 19:47:00,校园论坛,今天的阳光很温暖，适合出去走走。 希望明天会更好,positive,今天的阳光很温暖 适合出去走走 希望明天会更好
S000292,2025-11-15 09:10:00,树洞,下周有社团活动，需要招募志愿者。 #今天,neutral,下周有社团活动 需要招募志愿者
S000292,2025-11-23 09:29:00,匿名留言板,下周有社团活动，需要招募志愿者。 #今天,neutral,下周有社团活动 需要招募志愿者
S000293,2025-09-15 05:51:00,校园论坛,今天和室友闹矛盾了，心情很差。 #校园生活,negative,今天和室友闹矛盾了 心情很差
S000293,2025-09-28 21:23:00,校园论坛,今天的课好难，完全听不懂。,negative,今天的课好难 完全听不懂
S000293,2025-09-30 17:04:00,匿名留言板,连续几天失眠，白天没精神。,negative,连续几天失眠 白天没精神
S000293,2025-10-08 19:52:00,校园论坛,耳机丢了，最近只能外放了。 #校园生活,neutral,耳机丢了 最近只能外放了
S000293,2025-10-28 05:56:00,匿名留言板,天气凉爽，适合跑步，感觉状态很好。 #日常,positive,天气凉爽 适合跑步 感觉状态很好
S000293,2025-11-28 00:45:00,匿名留言板,最近总是莫名的焦虑不安。 希望明天会更好,negative,最近总是莫名的焦虑不安 希望明天会更好
S000294,2025-09-03 20:50:00,校园论坛,今天上了三节课，分别是高数、英语和体育。 #记录,neutral,今天上了三节课 分别是高数 英语和体育
S000294,2025-09-14 17:17:00,树洞,图书馆九点闭馆，需要早点去。 希望明天会更好,neutral,图书馆九点闭馆 需要早点去 希望明天会更好
S000294,2025-09-22 19:20:00,校园论坛,最近食欲不好，什么都不想吃。 希望明天会更好,negative,最近食欲不好 什么都不想吃 希望明天会更好
S000294,2025-10-22 01:57:00,校园论坛,论文写不出来，deadline又快到了。,negative,论文写不出来 又快到了 deadline
S000294,2025-10-24 21:48:00,校园论坛,今天的课好难，完全听不懂。,negative,今天的课好难 完全听不懂
S000294,2025-11-03 15:02:00,校园论坛,手机内存不够了，需要清理一下。,neutral,手机内存不够了 需要清理一下
S000295,2025-09-03 02:30:00,校园论坛,收到了好朋友的礼物，感动！ 加油！,positive,收到了好朋友的礼物 感动 加油
S000295,2025-09-16 11:39:00,树洞,完成了一个月的早起打卡计划，坚持就是胜利！,positive,完成了一个月的早起打卡计划 坚持就是胜利
S000295,2025-09-18 03:20:00,校园论坛,手机内存不够了，需要清理一下。,neutral,手机内存不够了 需要清理一下
S000295,2025-09-25 23:57:00,树洞,电脑风扇声音很大，该清灰了。,neutral,电脑风扇声音很大 该清灰了
S000295,2025-10-11 11:25:00,匿名留言板,今天的阳光很温暖，适合出去走走。 #记录,positive,今天的阳光很温暖 适合出去走走
S000295,2025-10-21 09:44:00,树洞,下周有社团活动，需要招募志愿者。 给自己加油！,neutral,下周有社团活动 需要招募志愿者 给自己加油
S000296,2025-09-07 08:56:00,树洞,明天有小组会议，要准备一下PPT。,neutral,明天有小组会议 要准备一下 ppt
S000296,2025-09-10 08:21:00,匿名留言板,下节课换到了更大的教室。 #日常,neutral,下节课换到了更大的教室
S000296,2025-09-12 08:49:00,匿名留言板,和朋友们一起吃饭好开心呀！ #校园生活,positive,和朋友们一起吃饭好开心呀
S000296,2025-09-18 18:29:00,匿名留言板,今天的阳光很温暖，适合出去走走。,positive,今天的阳光很温暖 适合出去走走
S000296,2025-10-23 20:28:00,校园论坛,耳机丢了，最近只能外放了。 分享给大家~,neutral,耳机丢了 最近只能外放了 分享给大家
S000296,2025-11-01 21:31:00,校园论坛,快递到了，要去菜鸟驿站取。 加油！,neutral,快递到了 要去菜鸟驿站取 加油
S000297,2025-09-17 07:58:00,匿名留言板,最近总是莫名的焦虑不安。 希望明天会更好,negative,最近总是莫名的焦虑不安 希望明天会更好
S000297,2025-09-25 15:06:00,匿名留言板,今天摔了一跤，膝盖好疼... 分享给大家~,negative,今天摔了一跤 膝盖好疼 分享给大家
S000297,2025-10-02 21:41:00,校园论坛,周末打算去超市买点日用品。 加油！,neutral,周末打算去超市买点日用品 加油
S000297,2025-10-11 09:45:00,校园论坛,对未来很迷茫，不知道该怎么办。 分享给大家~,negative,对未来很迷茫 不知道该怎么办 分享给大家
S000297,2025-10-22 06:04:00,校园论坛,今天上课老师讲的内容很有趣，学到了很多新知识。 给自己加油！,positive,今天上课老师讲的内容很有趣 学到了很多新知识 给自己加油
S000297,2025-11-03 01:13:00,树洞,周末和室友一起去看了电影，很放松！ #记录,positive,周末和室友一起去看了电影 很放松
S000298,2025-09-03 14:11:00,匿名留言板,小组项目进展顺利，大家配合得很好。 给自己加油！,positive,小组项目进展顺利 大家配合得很好 给自己加油
S000298,2025-09-20 12:32:00,校园论坛,今天的课好难，完全听不懂。,negative,今天的课好难 完全听不懂
S000298,2025-10-16 08:07:00,校园论坛,图书馆九点闭馆，需要早点去。 #校园生活,neutral,图书馆九点闭馆 需要早点去
S000298,2025-10-18 03:03:00,校园论坛,手机内存不够了，需要清理一下。,neutral,手机内存不够了 需要清理一下
S000298,2025-10-22 05:38:00,匿名留言板,和新同学认识聊得很愉快，交到了新朋友。 #记录,positive,和新同学认识聊得很愉快 交到了新朋友
S000298,2025-11-13 20:06:00,校园论坛,运动完之后整个人都轻松了，强烈推荐大家多锻炼！ 加油！,positive,运动完之后整个人都轻松了 强烈推荐大家多锻炼 加油
S000299,2025-09-05 18:17:00,校园论坛,今天被老师表扬了，有点小骄傲！,positive,今天被老师表扬了 有点小骄傲
S000299,2025-09-14 21:03:00,校园论坛,明天有小组会议，要准备一下PPT。,neutral,明天有小组会议 要准备一下 ppt
S000299,2025-11-19 22:45:00,校园论坛,人际交往好复杂，感觉好累。,negative,人际交往好复杂 感觉好累
S000299,2025-11-28 08:31:00,匿名留言板,周末和室友一起去看了电影，很放松！ #校园生活,positive,周末和室友一起去看了电影 很放松
S000299,2025-11-29 19:30:00,校园论坛,今天作业不多，可以早点休息。,neutral,今天作业不多 可以早点休息
S000299,2025-11-30 19:18:00,匿名留言板,明天有小组会议，要准备一下PPT。,neutral,明天有小组会议 要准备一下 ppt
S000300,2025-09-03 18:43:00,匿名留言板,今天作业不多，可以早点休息。 分享给大家~,neutral,今天作业不多 可以早点休息 分享给大家
S000300,2025-09-09 05:11:00,树洞,最近总是莫名的焦虑不安。,negative,最近总是莫名的焦虑不安
S000300,2025-09-19 03:06:00,校园论坛,今天的课好难，完全听不懂。 #记录,negative,今天的课好难 完全听不懂
S000300,2025-09-22 21:48:00,树洞,明天早八有课，要定闹钟了。 #校园生活,neutral,明天早八有课 要定闹钟了
S000300,2025-11-14 00:31:00,校园论坛,下周有社团活动，需要招募志愿者。,neutral,下周有社团活动 需要招募志愿者
S000300,2025-11-25 15:27:00,树洞,今天和室友闹矛盾了，心情很差。 #日常,negative,今天和室友闹矛盾了 心情很差
S000301,2025-09-12 06:58:00,树洞,明天有小组会议，要准备一下PPT。 #日常,neutral,明天有小组会议 要准备一下 ppt
S000301,2025-09-19 13:54:00,校园论坛,收到了心仪公司的offer，太激动了！ #校园生活,positive,收到了心仪公司的 太激动了 offer
S000301,2025-10-02 18:47:00,校园论坛,手机内存不够了，需要清理一下。 #校园生活,neutral,手机内存不够了 需要清理一下
S000301,2025-10-15 17:16:00,校园论坛,下个月有英语四级考试，要开始准备了。 #校园生活,neutral,下个月有英语四级考试 要开始准备了
S000301,2025-10-16 09:45:00,树洞,论文写不出来，deadline又快到了。 给自己加油！,negative,论文写不出来 又快到了 给自己加油 deadline
S000301,2025-11-16 15:07:00,匿名留言板,天气凉爽，适合跑步，感觉状态很好。 加油！,positive,天气凉爽 适合跑步 感觉状态很好 加油
S000302,2025-09-02 15:59:00,校园论坛,今天食堂推出了新菜品，排队的人很多。 给自己加油！,neutral,今天食堂推出了新菜品 排队的人很多 给自己加油
S000302,2025-10-06 09:12:00,校园论坛,天气凉爽，适合跑步，感觉状态很好。 加油！,positive,天气凉爽 适合跑步 感觉状态很好 加油
S000302,2025-10-08 19:35:00,校园论坛,学校最近在举办运动会报名。 #记录,neutral,学校最近在举办运动会报名
S000302,2025-11-18 03:27:00,校园论坛,图书馆二楼的自习室比较安静。 #校园生活,neutral,图书馆二楼的自习室比较安静
S000302,2025-11-26 11:56:00,树洞,今天摔了一跤，膝盖好疼... #今天,negative,今天摔了一跤 膝盖好疼
S000302,2025-11-26 17:57:00,校园论坛,耳机丢了，最近只能外放了。,neutral,耳机丢了 最近只能外放了
S000303,2025-09-05 15:59:00,校园论坛,人际交往好复杂，感觉好累。 #今天,negative,人际交往好复杂 感觉好累
S000303,2025-09-13 08:58:00,匿名留言板,想家了，好想回家...,negative,想家了 好想回家
S000303,2025-10-05 04:46:00,校园论坛,解决了困扰我好久的问题，太开心了！,positive,解决了困扰我好久的问题 太开心了
S000303,2025-10-08 00:29:00,校园论坛,和同学讨论问题很有收获，团队合作很重要。 希望明天会更好,positive,和同学讨论问题很有收获 团队合作很重要 希望明天会更好
S000303,2025-10-15 09:50:00,树洞,电脑风扇声音很大，该清灰了。,neutral,电脑风扇声音很大 该清灰了
S000303,2025-11-02 09:00:00,校园论坛,今天感觉好累，什么都不想做。,negative,今天感觉好累 什么都不想做
S000304,2025-10-24 02:48:00,匿名留言板,和同学讨论问题很有收获，团队合作很重要。,positive,和同学讨论问题很有收获 团队合作很重要
S000304,2025-10-27 22:20:00,校园论坛,生活费快花完了，又不好意思向家里要... #记录,negative,生活费快花完了 又不好意思向家里要
S000304,2025-10-30 13:26:00,树洞,感觉和周围的人格格不入。,negative,感觉和周围的人格格不入
S000304,2025-10-30 17:11:00,校园论坛,每天都很忙碌但又觉得没有意义...,negative,每天都很忙碌但又觉得没有意义
S000304,2025-11-10 06:19:00,树洞,想家了，好想回家... 希望明天会更好,negative,想家了 好想回家 希望明天会更好
S000304,2025-11-26 10:51:00,校园论坛,感觉自己什么都做不好，好失败... #日常,negative,感觉自己什么都做不好 好失败
S000305,2025-09-07 02:03:00,匿名留言板,运动完之后整个人都轻松了，强烈推荐大家多锻炼！ #校园生活,positive,运动完之后整个人都轻松了 强烈推荐大家多锻炼
S000305,2025-10-08 18:30:00,匿名留言板,食堂今天的菜色和昨天差不多。,neutral,食堂今天的菜色和昨天差不多
S000305,2025-10-18 04:39:00,校园论坛,今天摔了一跤，膝盖好疼... #日常,negative,今天摔了一跤 膝盖好疼
S000305,2025-10-21 04:25:00,校园论坛,今天食堂推出了新菜品，排队的人很多。 分享给大家~,neutral,今天食堂推出了新菜品 排队的人很多 分享给大家
S000305,2025-11-03 04:14:00,匿名留言板,这周生活费还剩一半，需要省着点花。 #日常,neutral,这周生活费还剩一半 需要省着点花
S000305,2025-11-26 16:47:00,校园论坛,周末打算去超市买点日用品。 分享给大家~,neutral,周末打算去超市买点日用品 分享给大家
S000306,2025-09-01 15:39:00,校园论坛,明天有小组会议，要准备一下PPT。,neutral,明天有小组会议 要准备一下 ppt
S000306,2025-09-24 07:53:00,匿名留言板,下个月有英语四级考试，要开始准备了。 希望明天会更好,neutral,下个月有英语四级考试 要开始准备了 希望明天会更好
S000306,2025-11-04 14:25:00,校园论坛,运动完之后整个人都轻松了，强烈推荐大家多锻炼！ #日常,positive,运动完之后整个人都轻松了 强烈推荐大家多锻炼
S000306,2025-11-17 03:33:00,校园论坛,周末和室友一起去看了电影，很放松！,positive,周末和室友一起去看了电影 很放松
S000306,2025-11-24 07:10:00,校园论坛,感觉和周围的人格格不入。,negative,感觉和周围的人格格不入
S000306,2025-11-24 19:07:00,校园论坛,今天感觉好累，什么都不想做。,negative,今天感觉好累 什么都不想做
S000307,2025-09-21 11:32:00,校园论坛,耳机丢了，最近只能外放了。,neutral,耳机丢了 最近只能外放了
S000307,2025-10-06 12:24:00,校园论坛,明天有小组会议，要准备一下PPT。 #记录,neutral,明天有小组会议 要准备一下 ppt
S000307,2025-10-08 09:42:00,校园论坛,解决了困扰我好久的问题，太开心了！ #记录,positive,解决了困扰我好久的问题 太开心了
S000307,2025-10-16 04:29:00,校园论坛,今天食堂推出了新菜品，排队的人很多。 #日常,neutral,今天食堂推出了新菜品 排队的人很多
S000307,2025-10-25 04:01:00,校园论坛,运动完之后整个人都轻松了，强烈推荐大家多锻炼！ 希望明天会更好,positive,运动完之后整个人都轻松了 强烈推荐大家多锻炼 希望明天会更好
S000307,2025-11-14 09:02:00,校园论坛,明天早八有课，要定闹钟了。 #记录,neutral,明天早八有课 要定闹钟了
S000308,2025-09-17 22:20:00,匿名留言板,今天摔了一跤，膝盖好疼... #校园生活,negative,今天摔了一跤 膝盖好疼
S000308,2025-10-22 02:02:00,校园论坛,今天上课老师讲的内容很有趣，学到了很多新知识。,positive,今天上课老师讲的内容很有趣 学到了很多新知识
S000308,2025-11-17 21:11:00,匿名留言板,论文写不出来，deadline又快到了。 给自己加油！,negative,论文写不出来 又快到了 给自己加油 deadline
S000308,2025-11-23 23:36:00,匿名留言板,对未来很迷茫，不知道该怎么办。 #日常,negative,对未来很迷茫 不知道该怎么办
S000308,2025-11-24 09:59:00,树洞,被同学误会了，解释也没人听... #今天,negative,被同学误会了 解释也没人听
S000308,2025-11-30 16:24:00,校园论坛,今天和室友闹矛盾了，心情很差。 给自己加油！,negative,今天和室友闹矛盾了 心情很差 给自己加油
S000309,2025-09-08 19:16:00,匿名留言板,和朋友们一起吃饭好开心呀！ #记录,positive,和朋友们一起吃饭好开心呀
S000309,2025-09-14 15:59:00,树洞,快递到了，要去菜鸟驿站取。,neutral,快递到了 要去菜鸟驿站取
S000309,2025-10-01 03:57:00,树洞,下节课换到了更大的教室。 #今天,neutral,下节课换到了更大的教室
S000309,2025-10-03 15:28:00,匿名留言板,今天作业不多，可以早点休息。,neutral,今天作业不多 可以早点休息
S000309,2025-10-28 12:08:00,校园论坛,图书馆二楼的自习室比较安静。 分享给大家~,neutral,图书馆二楼的自习室比较安静 分享给大家
S000309,2025-11-17 20:53:00,校园论坛,今天上课老师讲的内容很有趣，学到了很多新知识。 #校园生活,positive,今天上课老师讲的内容很有趣 学到了很多新知识
S000310,2025-10-23 18:34:00,匿名留言板,快递到了，要去菜鸟驿站取。,neutral,快递到了 要去菜鸟驿站取
S000310,2025-10-26 16:51:00,校园论坛,图书馆九点闭馆，需要早点去。 希望明天会更好,neutral,图书馆九点闭馆 需要早点去 希望明天会更好
S000310,2025-10-27 13:40:00,校园论坛,最近压力好大，睡不着觉。 希望明天会更好,negative,最近压力好大 睡不着觉 希望明天会更好
S000310,2025-11-04 11:22:00,树洞,电脑风扇声音很大，该清灰了。,neutral,电脑风扇声音很大 该清灰了
S000310,2025-11-22 16:31:00,树洞,周末和室友一起去看了电影，很放松！ 希望明天会更好,positive,周末和室友一起去看了电影 很放松 希望明天会更好
S000310,2025-11-25 03:13:00,校园论坛,收到了心仪公司的offer，太激动了！,positive,收到了心仪公司的 太激动了 offer
S000311,2025-09-05 10:26:00,校园论坛,今天的阳光很温暖，适合出去走走。,positive,今天的阳光很温暖 适合出去走走
S000311,2025-10-01 16:59:00,匿名留言板,学校最近在举办运动会报名。 #今天,neutral,学校最近在举办运动会报名
S000311,2025-10-13 00:14:00,校园论坛,学校最近在举办运动会报名。 #日常,neutral,学校最近在举办运动会报名
S000311,2025-10-16 02:55:00,匿名留言板,学校最近在举办运动会报名。,neutral,学校最近在举办运动会报名
S000311,2025-11-06 09:06:00,匿名留言板,完成了一个月的早起打卡计划，坚持就是胜利！,positive,完成了一个月的早起打卡计划 坚持就是胜利
S000311,2025-11-09 22:57:00,匿名留言板,小组项目进展顺利，大家配合得很好。 #日常,positive,小组项目进展顺利 大家配合得很好
S000312,2025-09-04 06:34:00,匿名留言板,下节课换到了更大的教室。 给自己加油！,neutral,下节课换到了更大的教室 给自己加油
S000312,2025-09-17 08:46:00,匿名留言板,考试终于结束了，感觉发挥得不错！ #记录,positive,考试终于结束了 感觉发挥得不错
S000312,2025-10-24 19:47:00,校园论坛,图书馆九点闭馆，需要早点去。 分享给大家~,neutral,图书馆九点闭馆 需要早点去 分享给大家
S000312,2025-11-10 23:21:00,校园论坛,食堂今天的菜色和昨天差不多。,neutral,食堂今天的菜色和昨天差不多
S000312,2025-11-12 19:44:00,树洞,食堂今天的菜色和昨天差不多。 #校园生活,neutral,食堂今天的菜色和昨天差不多
S000312,2025-11-23 11:27:00,树洞,最近食欲不好，什么都不想吃。,negative,最近食欲不好 什么都不想吃
S000313,2025-09-02 23:15:00,校园论坛,图书馆九点闭馆，需要早点去。,neutral,图书馆九点闭馆 需要早点去
S000313,2025-09-03 17:30:00,校园论坛,图书馆的氛围很好，学习效率很高。 加油！,positive,图书馆的氛围很好 学习效率很高 加油
S000313,2025-09-24 09:02:00,树洞,连续几天失眠，白天没精神。 给自己加油！,negative,连续几天失眠 白天没精神 给自己加油
S000313,2025-10-18 11:12:00,校园论坛,考试没考好，心情很低落...,negative,考试没考好 心情很低落
S000313,2025-11-15 00:14:00,校园论坛,感觉和周围的人格格不入。 希望明天会更好,negative,感觉和周围的人格格不入 希望明天会更好
S000313,2025-11-29 13:35:00,树洞,今天尝试了一道新菜，很成功！,positive,今天尝试了一道新菜 很成功
S000314,2025-10-03 17:13:00,校园论坛,生活费快花完了，又不好意思向家里要...,negative,生活费快花完了 又不好意思向家里要
S000314,2025-10-08 04:38:00,校园论坛,感觉好孤独，没有人理解我... 给自己加油！,negative,感觉好孤独 没有人理解我 给自己加油
S000314,2025-10-09 11:49:00,树洞,最近食欲不好，什么都不想吃。 分享给大家~,negative,最近食欲不好 什么都不想吃 分享给大家
S000314,2025-10-11 22:34:00,树洞,考试没考好，心情很低落... #校园生活,negative,考试没考好 心情很低落
S000314,2025-11-06 07:19:00,校园论坛,周末打算去超市买点日用品。,neutral,周末打算去超市买点日用品
S000314,2025-11-30 19:31:00,树洞,周末和室友一起去看了电影，很放松！,positive,周末和室友一起去看了电影 很放松
S000315,2025-09-05 08:17:00,校园论坛,想家了，好想回家...,negative,想家了 好想回家
S000315,2025-09-19 01:15:00,校园论坛,今天食堂推出了新菜品，排队的人很多。,neutral,今天食堂推出了新菜品 排队的人很多
S000315,2025-09-29 06:24:00,校园论坛,收到了好朋友的礼物，感动！ 分享给大家~,positive,收到了好朋友的礼物 感动 分享给大家
S000315,2025-10-10 01:34:00,匿名留言板,今天上了三节课，分别是高数、英语和体育。 希望明天会更好,neutral,今天上了三节课 分别是高数 英语和体育 希望明天会更好
S000315,2025-10-14 08:51:00,校园论坛,周末打算去超市买点日用品。,neutral,周末打算去超市买点日用品
S000315,2025-11-18 12:31:00,校园论坛,图书馆的氛围很好，学习效率很高。 #今天,positive,图书馆的氛围很好 学习效率很高
S000316,2025-10-01 04:58:00,树洞,今天的午餐特别好吃，食堂阿姨太棒了！,positive,今天的午餐特别好吃 食堂阿姨太棒了
S000316,2025-10-05 21:16:00,校园论坛,明天早八有课，要定闹钟了。,neutral,明天早八有课 要定闹钟了
S000316,2025-11-09 09:21:00,校园论坛,考试没考好，心情很低落... 希望明天会更好,negative,考试没考好 心情很低落 希望明天会更好
S000316,2025-11-12 16:16:00,匿名留言板,图书馆的氛围很好，学习效率很高。 #记录,positive,图书馆的氛围很好 学习效率很高
S000316,2025-11-19 13:55:00,匿名留言板,考试没考好，心情很低落...,negative,考试没考好 心情很低落
S000316,2025-11-26 09:54:00,校园论坛,电脑风扇声音很大，该清灰了。 #记录,neutral,电脑风扇声音很大 该清灰了
S000317,2025-09-30 03:41:00,匿名留言板,天气凉爽，适合跑步，感觉状态很好。 #记录,positive,天气凉爽 适合跑步 感觉状态很好
S000317,2025-10-27 00:29:00,匿名留言板,完成了所有作业，可以好好休息一下了。 #记录,positive,完成了所有作业 可以好好休息一下了
S000317,2025-11-03 04:14:00,匿名留言板,这周生活费还剩一半，需要省着点花。 希望明天会更好,neutral,这周生活费还剩一半 需要省着点花 希望明天会更好
S000317,2025-11-10 10:04:00,校园论坛,期末复习太累了，脑子转不动。 #日常,negative,期末复习太累了 脑子转不动
S000317,2025-11-11 06:26:00,树洞,和朋友们一起吃饭好开心呀！ #日常,positive,和朋友们一起吃饭好开心呀
S000317,2025-11-12 21:20:00,校园论坛,天气预报说明天会下雨，记得带伞。 #记录,neutral,天气预报说明天会下雨 记得带伞
S000318,2025-09-06 17:45:00,校园论坛,今天的午餐特别好吃，食堂阿姨太棒了！ #日常,positive,今天的午餐特别好吃 食堂阿姨太棒了
S000318,2025-10-08 19:01:00,树洞,考试终于结束了，感觉发挥得不错！ #日常,positive,考试终于结束了 感觉发挥得不错
S000318,2025-10-12 19:50:00,校园论坛,每天都很忙碌但又觉得没有意义... 给自己加油！,negative,每天都很忙碌但又觉得没有意义 给自己加油
S000318,2025-10-16 17:45:00,校园论坛,完成了一个月的早起打卡计划，坚持就是胜利！ #校园生活,positive,完成了一个月的早起打卡计划 坚持就是胜利
S000318,2025-10-18 21:26:00,校园论坛,收到了好朋友的礼物，感动！ #日常,positive,收到了好朋友的礼物 感动
S000318,2025-11-04 14:07:00,校园论坛,最近食欲不好，什么都不想吃。,negative,最近食欲不好 什么都不想吃
S000319,2025-09-05 21:46:00,树洞,和朋友们一起吃饭好开心呀！,positive,和朋友们一起吃饭好开心呀
S000319,2025-09-16 16:51:00,匿名留言板,小组项目进展顺利，大家配合得很好。 给自己加油！,positive,小组项目进展顺利 大家配合得很好 给自己加油
S000319,2025-09-29 18:32:00,校园论坛,电脑风扇声音很大，该清灰了。 加油！,neutral,电脑风扇声音很大 该清灰了 加油
S000319,2025-10-27 10:17:00,树洞,解决了困扰我好久的问题，太开心了！ #日常,positive,解决了困扰我好久的问题 太开心了
S000319,2025-11-05 18:45:00,树洞,感觉自己什么都做不好，好失败... #今天,negative,感觉自己什么都做不好 好失败
S000319,2025-11-15 00:06:00,匿名留言板,快递到了，要去菜鸟驿站取。 分享给大家~,neutral,快递到了 要去菜鸟驿站取 分享给大家
S000320,2025-09-15 22:15:00,校园论坛,每天都很忙碌但又觉得没有意义... #校园生活,negative,每天都很忙碌但又觉得没有意义
S000320,2025-10-13 07:51:00,校园论坛,室友今天生日，准备买个蛋糕。,neutral,室友今天生日 准备买个蛋糕
S000320,2025-10-14 10:07:00,树洞,收到了好朋友的礼物，感动！ 分享给大家~,positive,收到了好朋友的礼物 感动 分享给大家
S000320,2025-10-23 21:37:00,匿名留言板,明天早八有课，要定闹钟了。 #日常,neutral,明天早八有课 要定闹钟了
S000320,2025-10-24 07:36:00,校园论坛,这周生活费还剩一半，需要省着点花。 分享给大家~,neutral,这周生活费还剩一半 需要省着点花 分享给大家
S000320,2025-11-11 16:04:00,校园论坛,下周有社团活动，需要招募志愿者。 希望明天会更好,neutral,下周有社团活动 需要招募志愿者 希望明天会更好
S000321,2025-09-02 05:07:00,树洞,感觉和周围的人格格不入。 加油！,negative,感觉和周围的人格格不入 加油
S000321,2025-09-10 04:32:00,校园论坛,下节课换到了更大的教室。 #今天,neutral,下节课换到了更大的教室
S000321,2025-09-13 04:55:00,匿名留言板,收到了好朋友的礼物，感动！,positive,收到了好朋友的礼物 感动
S000321,2025-10-14 18:38:00,匿名留言板,食堂今天的菜色和昨天差不多。,neutral,食堂今天的菜色和昨天差不多
S000321,2025-10-22 22:35:00,校园论坛,和同学讨论问题很有收获，团队合作很重要。,positive,和同学讨论问题很有收获 团队合作很重要
S000321,2025-11-13 15:40:00,树洞,周末打算去超市买点日用品。,neutral,周末打算去超市买点日用品
S000322,2025-10-06 03:14:00,匿名留言板,今天的阳光很温暖，适合出去走走。,positive,今天的阳光很温暖 适合出去走走
S000322,2025-10-08 15:44:00,匿名留言板,今天上课老师讲的内容很有趣，学到了很多新知识。 加油！,positive,今天上课老师讲的内容很有趣 学到了很多新知识 加油
S000322,2025-10-16 14:58:00,树洞,最近总是莫名的焦虑不安。 加油！,negative,最近总是莫名的焦虑不安 加油
S000322,2025-11-05 02:09:00,校园论坛,图书馆二楼的自习室比较安静。 希望明天会更好,neutral,图书馆二楼的自习室比较安静 希望明天会更好
S000322,2025-11-07 18:32:00,校园论坛,手机内存不够了，需要清理一下。 #日常,neutral,手机内存不够了 需要清理一下
S000322,2025-11-23 14:24:00,匿名留言板,今天和室友闹矛盾了，心情很差。 分享给大家~,negative,今天和室友闹矛盾了 心情很差 分享给大家
S000323,2025-09-06 17:34:00,树洞,今天上了三节课，分别是高数、英语和体育。 #记录,neutral,今天上了三节课 分别是高数 英语和体育
S000323,2025-09-13 06:35:00,匿名留言板,天气预报说明天会下雨，记得带伞。,neutral,天气预报说明天会下雨 记得带伞
S000323,2025-10-04 19:48:00,校园论坛,完成了一个月的早起打卡计划，坚持就是胜利！ 给自己加油！,positive,完成了一个月的早起打卡计划 坚持就是胜利 给自己加油
S000323,2025-10-06 15:28:00,树洞,今天上课老师讲的内容很有趣，学到了很多新知识。 #日常,positive,今天上课老师讲的内容很有趣 学到了很多新知识
S000323,2025-10-11 05:09:00,匿名留言板,周末和室友一起去看了电影，很放松！ #今天,positive,周末和室友一起去看了电影 很放松
S000323,2025-11-13 19:20:00,校园论坛,和同学讨论问题很有收获，团队合作很重要。,positive,和同学讨论问题很有收获 团队合作很重要
S000324,2025-09-04 11:13:00,匿名留言板,解决了困扰我好久的问题，太开心了！ #今天,positive,解决了困扰我好久的问题 太开心了
S000324,2025-09-16 14:56:00,树洞,期末复习太累了，脑子转不动。,negative,期末复习太累了 脑子转不动
S000324,2025-09-29 23:04:00,校园论坛,论文写不出来，deadline又快到了。 #校园生活,negative,论文写不出来 又快到了 deadline
S000324,2025-10-06 23:42:00,匿名留言板,完成了所有作业，可以好好休息一下了。,positive,完成了所有作业 可以好好休息一下了
S000324,2025-11-06 04:53:00,匿名留言板,感觉好孤独，没有人理解我... 加油！,negative,感觉好孤独 没有人理解我 加油
S000324,2025-11-20 23:32:00,匿名留言板,图书馆九点闭馆，需要早点去。 加油！,neutral,图书馆九点闭馆 需要早点去 加油
S000325,2025-09-05 13:06:00,校园论坛,耳机丢了，最近只能外放了。 #校园生活,neutral,耳机丢了 最近只能外放了
S000325,2025-10-02 04:37:00,校园论坛,最近食欲不好，什么都不想吃。 给自己加油！,negative,最近食欲不好 什么都不想吃 给自己加油
S000325,2025-10-31 04:31:00,校园论坛,下周有社团活动，需要招募志愿者。 #日常,neutral,下周有社团活动 需要招募志愿者
S000325,2025-11-02 17:39:00,校园论坛,今天上课老师讲的内容很有趣，学到了很多新知识。,positive,今天上课老师讲的内容很有趣 学到了很多新知识
S000325,2025-11-11 21:53:00,匿名留言板,食堂今天的菜色和昨天差不多。 给自己加油！,neutral,食堂今天的菜色和昨天差不多 给自己加油
S000325,2025-11-21 02:33:00,校园论坛,周末打算去超市买点日用品。,neutral,周末打算去超市买点日用品
S000326,2025-09-29 03:56:00,树洞,学校最近在举办运动会报名。 #今天,neutral,学校最近在举办运动会报名
S000326,2025-10-04 19:24:00,校园论坛,今天作业不多，可以早点休息。 给自己加油！,neutral,今天作业不多 可以早点休息 给自己加油
S000326,2025-10-12 07:42:00,树洞,今天和室友闹矛盾了，心情很差。 #记录,negative,今天和室友闹矛盾了 心情很差
S000326,2025-11-02 20:25:00,校园论坛,感觉和周围的人格格不入。 #记录,negative,感觉和周围的人格格不入
S000326,2025-11-07 21:11:00,匿名留言板,今天作业不多，可以早点休息。 #日常,neutral,今天作业不多 可以早点休息
S000326,2025-11-24 03:22:00,树洞,这周生活费还剩一半，需要省着点花。 #记录,neutral,这周生活费还剩一半 需要省着点花
S000327,2025-09-28 13:03:00,匿名留言板,今天的课好难，完全听不懂。 #日常,negative,今天的课好难 完全听不懂
S000327,2025-09-29 18:56:00,校园论坛,周末和室友一起去看了电影，很放松！ 给自己加油！,positive,周末和室友一起去看了电影 很放松 给自己加油
S000327,2025-10-05 15:46:00,校园论坛,考试终于结束了，感觉发挥得不错！ #日常,positive,考试终于结束了 感觉发挥得不错
S000327,2025-10-23 12:51:00,树洞,人际交往好复杂，感觉好累。 #日常,negative,人际交往好复杂 感觉好累
S000327,2025-11-02 19:26:00,校园论坛,今天上了三节课，分别是高数、英语和体育。 #日常,neutral,今天上了三节课 分别是高数 英语和体育
S000327,2025-11-18 19:21:00,树洞,今天被老师表扬了，有点小骄傲！,positive,今天被老师表扬了 有点小骄傲
S000328,2025-09-03 12:05:00,匿名留言板,快递到了，要去菜鸟驿站取。 #校园生活,neutral,快递到了 要去菜鸟驿站取
S000328,2025-09-03 16:06:00,校园论坛,被同学误会了，解释也没人听...,negative,被同学误会了 解释也没人听
S000328,2025-09-21 17:25:00,树洞,今天作业不多，可以早点休息。 #日常,neutral,今天作业不多 可以早点休息
S000328,2025-10-09 00:14:00,校园论坛,今天作业不多，可以早点休息。,neutral,今天作业不多 可以早点休息
S000328,2025-10-18 10:26:00,校园论坛,完成了一个月的早起打卡计划，坚持就是胜利！,positive,完成了一个月的早起打卡计划 坚持就是胜利
S000328,2025-11-10 02:41:00,匿名留言板,周末和室友一起去看了电影，很放松！ #校园生活,positive,周末和室友一起去看了电影 很放松
S000329,2025-09-16 12:41:00,校园论坛,期末复习太累了，脑子转不动。,negative,期末复习太累了 脑子转不动
S000329,2025-10-06 14:12:00,校园论坛,解决了困扰我好久的问题，太开心了！ #记录,positive,解决了困扰我好久的问题 太开心了
S000329,2025-10-25 02:14:00,校园论坛,电脑风扇声音很大，该清灰了。 #日常,neutral,电脑风扇声音很大 该清灰了
S000329,2025-11-04 23:45:00,校园论坛,手机内存不够了，需要清理一下。,neutral,手机内存不够了 需要清理一下
S000329,2025-11-09 19:58:00,校园论坛,解决了困扰我好久的问题，太开心了！ #今天,positive,解决了困扰我好久的问题 太开心了
S000329,2025-11-17 09:50:00,校园论坛,论文写不出来，deadline又快到了。 加油！,negative,论文写不出来 又快到了 加油 deadline
S000330,2025-09-27 15:37:00,匿名留言板,收到了心仪公司的offer，太激动了！ #今天,positive,收到了心仪公司的 太激动了 offer
S000330,2025-10-13 04:51:00,匿名留言板,图书馆九点闭馆，需要早点去。,neutral,图书馆九点闭馆 需要早点去
S000330,2025-10-18 17:45:00,树洞,完成了一个月的早起打卡计划，坚持就是胜利！ 希望明天会更好,positive,完成了一个月的早起打卡计划 坚持就是胜利 希望明天会更好
S000330,2025-10-21 07:28:00,匿名留言板,今天摔了一跤，膝盖好疼...,negative,今天摔了一跤 膝盖好疼
S000330,2025-10-31 16:46:00,匿名留言板,今天作业不多，可以早点休息。,neutral,今天作业不多 可以早点休息
S000330,2025-11-29 17:32:00,匿名留言板,今天天气真好，心情也很棒！ #记录,positive,今天天气真好 心情也很棒
S000331,2025-09-10 12:08:00,匿名留言板,天气预报说明天会下雨，记得带伞。 分享给大家~,neutral,天气预报说明天会下雨 记得带伞 分享给大家
S000331,2025-09-22 06:28:00,树洞,明天有小组会议，要准备一下PPT。,neutral,明天有小组会议 要准备一下 ppt
S000331,2025-10-03 13:19:00,校园论坛,这周生活费还剩一半，需要省着点花。,neutral,这周生活费还剩一半 需要省着点花
S000331,2025-11-01 16:35:00,校园论坛,图书馆九点闭馆，需要早点去。,neutral,图书馆九点闭馆 需要早点去
S000331,2025-11-11 15:34:00,校园论坛,最近食欲不好，什么都不想吃。 #校园生活,negative,最近食欲不好 什么都不想吃
S000331,2025-11-12 19:26:00,校园论坛,下个月有英语四级考试，要开始准备了。 加油！,neutral,下个月有英语四级考试 要开始准备了 加油
S000332,2025-09-18 05:33:00,校园论坛,下周有社团活动，需要招募志愿者。,neutral,下周有社团活动 需要招募志愿者
S000332,2025-09-19 09:33:00,校园论坛,明天早八有课，要定闹钟了。 加油！,neutral,明天早八有课 要定闹钟了 加油
S000332,2025-11-03 05:40:00,匿名留言板,下周有社团活动，需要招募志愿者。,neutral,下周有社团活动 需要招募志愿者
S000332,2025-11-10 13:25:00,树洞,运动完之后整个人都轻松了，强烈推荐大家多锻炼！ #今天,positive,运动完之后整个人都轻松了 强烈推荐大家多锻炼
S000332,2025-11-17 08:30:00,匿名留言板,今天的课好难，完全听不懂。 加油！,negative,今天的课好难 完全听不懂 加油
S000332,2025-11-26 08:33:00,匿名留言板,生活费快花完了，又不好意思向家里要... 希望明天会更好,negative,生活费快花完了 又不好意思向家里要 希望明天会更好
S000333,2025-09-02 06:17:00,匿名留言板,收到了好朋友的礼物，感动！ 希望明天会更好,positive,收到了好朋友的礼物 感动 希望明天会更好
S000333,2025-09-23 04:30:00,匿名留言板,今天天气真好，心情也很棒！ #日常,positive,今天天气真好 心情也很棒
S000333,2025-09-26 22:06:00,校园论坛,今天的课好难，完全听不懂。,negative,今天的课好难 完全听不懂
S000333,2025-10-18 19:49:00,匿名留言板,期末复习太累了，脑子转不动。 分享给大家~,negative,期末复习太累了 脑子转不动 分享给大家
S000333,2025-10-30 19:10:00,校园论坛,今天被老师表扬了，有点小骄傲！,positive,今天被老师表扬了 有点小骄傲
S000333,2025-11-24 06:04:00,校园论坛,感觉好孤独，没有人理解我... 加油！,negative,感觉好孤独 没有人理解我 加油
S000334,2025-09-01 10:04:00,匿名留言板,食堂今天的菜色和昨天差不多。,neutral,食堂今天的菜色和昨天差不多
S000334,2025-09-23 08:36:00,匿名留言板,天气凉爽，适合跑步，感觉状态很好。 希望明天会更好,positive,天气凉爽 适合跑步 感觉状态很好 希望明天会更好
S000334,2025-09-28 02:59:00,校园论坛,这周生活费还剩一半，需要省着点花。,neutral,这周生活费还剩一半 需要省着点花
S000334,2025-10-20 10:36:00,校园论坛,图书馆二楼的自习室比较安静。 希望明天会更好,neutral,图书馆二楼的自习室比较安静 希望明天会更好
S000334,2025-10-27 13:42:00,匿名留言板,想家了，好想回家... 分享给大家~,negative,想家了 好想回家 分享给大家
S000334,2025-11-18 21:58:00,匿名留言板,今天和室友闹矛盾了，心情很差。,negative,今天和室友闹矛盾了 心情很差
S000335,2025-09-04 11:54:00,校园论坛,生活费快花完了，又不好意思向家里要... 加油！,negative,生活费快花完了 又不好意思向家里要 加油
S000335,2025-10-01 17:25:00,校园论坛,人际交往好复杂，感觉好累。 加油！,negative,人际交往好复杂 感觉好累 加油
S000335,2025-10-10 16:20:00,树洞,连续几天失眠，白天没精神。,negative,连续几天失眠 白天没精神
S000335,2025-11-18 17:56:00,校园论坛,周末打算去超市买点日用品。 #今天,neutral,周末打算去超市买点日用品
S000335,2025-11-21 08:45:00,校园论坛,收到了好朋友的礼物，感动！ 分享给大家~,positive,收到了好朋友的礼物 感动 分享给大家
S000335,2025-11-28 08:43:00,校园论坛,收到了好朋友的礼物，感动！ 给自己加油！,positive,收到了好朋友的礼物 感动 给自己加油
S000336,2025-09-02 06:28:00,匿名留言板,感觉自己什么都做不好，好失败...,negative,感觉自己什么都做不好 好失败
S000336,2025-10-13 03:58:00,树洞,期末复习太累了，脑子转不动。 分享给大家~,negative,期末复习太累了 脑子转不动 分享给大家
S000336,2025-10-31 19:40:00,匿名留言板,今天和室友闹矛盾了，心情很差。 #记录,negative,今天和室友闹矛盾了 心情很差
S000336,2025-11-17 08:02:00,校园论坛,下周有社团活动，需要招募志愿者。 #今天,neutral,下周有社团活动 需要招募志愿者
S000336,2025-11-22 17:51:00,匿名留言板,完成了所有作业，可以好好休息一下了。,positive,完成了所有作业 可以好好休息一下了
S000336,2025-11-29 22:16:00,树洞,考试终于结束了，感觉发挥得不错！ 希望明天会更好,positive,考试终于结束了 感觉发挥得不错 希望明天会更好
S000337,2025-09-16 01:28:00,校园论坛,食堂今天的菜色和昨天差不多。 #校园生活,neutral,食堂今天的菜色和昨天差不多
S000337,2025-09-20 22:47:00,校园论坛,收到了心仪公司的offer，太激动了！,positive,收到了心仪公司的 太激动了 offer
S000337,2025-11-04 04:46:00,校园论坛,今天上课老师讲的内容很有趣，学到了很多新知识。 #记录,positive,今天上课老师讲的内容很有趣 学到了很多新知识
S000337,2025-11-06 00:42:00,校园论坛,考试没考好，心情很低落...,negative,考试没考好 心情很低落
S000337,2025-11-09 08:54:00,校园论坛,和新同学认识聊得很愉快，交到了新朋友。 加油！,positive,和新同学认识聊得很愉快 交到了新朋友 加油
S000337,2025-11-26 10:57:00,树洞,图书馆二楼的自习室比较安静。 加油！,neutral,图书馆二楼的自习室比较安静 加油
S000338,2025-09-01 09:17:00,校园论坛,感觉好孤独，没有人理解我... #校园生活,negative,感觉好孤独 没有人理解我
S000338,2025-09-22 00:13:00,树洞,今天食堂推出了新菜品，排队的人很多。,neutral,今天食堂推出了新菜品 排队的人很多
S000338,2025-09-24 23:05:00,树洞,解决了困扰我好久的问题，太开心了！ 给自己加油！,positive,解决了困扰我好久的问题 太开心了 给自己加油
S000338,2025-10-02 09:53:00,匿名留言板,周末打算去超市买点日用品。 加油！,neutral,周末打算去超市买点日用品 加油
S000338,2025-11-17 06:44:00,匿名留言板,今天和室友闹矛盾了，心情很差。 给自己加油！,negative,今天和室友闹矛盾了 心情很差 给自己加油
S000338,2025-11-29 02:36:00,树洞,图书馆九点闭馆，需要早点去。,neutral,图书馆九点闭馆 需要早点去
S000339,2025-09-17 09:03:00,校园论坛,想家了，好想回家...,negative,想家了 好想回家
S000339,2025-09-23 09:16:00,校园论坛,下个月有英语四级考试，要开始准备了。,neutral,下个月有英语四级考试 要开始准备了
S000339,2025-11-12 06:44:00,校园论坛,想家了，好想回家...,negative,想家了 好想回家
S000339,2025-11-12 10:26:00,树洞,周末和室友一起去看了电影，很放松！ #日常,positive,周末和室友一起去看了电影 很放松
S000339,2025-11-14 11:22:00,树洞,耳机丢了，最近只能外放了。 #记录,neutral,耳机丢了 最近只能外放了
S000339,2025-11-27 05:02:00,校园论坛,图书馆二楼的自习室比较安静。 #今天,neutral,图书馆二楼的自习室比较安静
S000340,2025-09-13 05:58:00,匿名留言板,今天和室友闹矛盾了，心情很差。 #记录,negative,今天和室友闹矛盾了 心情很差
S000340,2025-09-27 08:13:00,匿名留言板,考试没考好，心情很低落...,negative,考试没考好 心情很低落
S000340,2025-10-16 00:10:00,匿名留言板,今天的课好难，完全听不懂。 #校园生活,negative,今天的课好难 完全听不懂
S000340,2025-10-19 21:37:00,校园论坛,快递到了，要去菜鸟驿站取。 加油！,neutral,快递到了 要去菜鸟驿站取 加油
S000340,2025-11-04 17:53:00,匿名留言板,下个月有英语四级考试，要开始准备了。,neutral,下个月有英语四级考试 要开始准备了
S000340,2025-11-20 05:30:00,校园论坛,解决了困扰我好久的问题，太开心了！ #校园生活,positive,解决了困扰我好久的问题 太开心了
S000341,2025-09-03 14:51:00,匿名留言板,图书馆二楼的自习室比较安静。 希望明天会更好,neutral,图书馆二楼的自习室比较安静 希望明天会更好
S000341,2025-09-17 21:21:00,校园论坛,食堂今天的菜色和昨天差不多。,neutral,食堂今天的菜色和昨天差不多
S000341,2025-10-09 19:44:00,匿名留言板,周末打算去超市买点日用品。 希望明天会更好,neutral,周末打算去超市买点日用品 希望明天会更好
S000341,2025-10-22 15:53:00,校园论坛,完成了所有作业，可以好好休息一下了。 希望明天会更好,positive,完成了所有作业 可以好好休息一下了 希望明天会更好
S000341,2025-10-25 08:36:00,匿名留言板,今天感觉好累，什么都不想做。,negative,今天感觉好累 什么都不想做
S000341,2025-11-26 12:19:00,校园论坛,完成了一个月的早起打卡计划，坚持就是胜利！ 分享给大家~,positive,完成了一个月的早起打卡计划 坚持就是胜利 分享给大家
S000342,2025-09-19 11:29:00,匿名留言板,最近总是莫名的焦虑不安。,negative,最近总是莫名的焦虑不安
S000342,2025-09-21 11:06:00,校园论坛,人际交往好复杂，感觉好累。 加油！,negative,人际交往好复杂 感觉好累 加油
S000342,2025-09-26 05:19:00,树洞,今天和室友闹矛盾了，心情很差。,negative,今天和室友闹矛盾了 心情很差
S000342,2025-10-11 04:25:00,匿名留言板,学校最近在举办运动会报名。 给自己加油！,neutral,学校最近在举办运动会报名 给自己加油
S000342,2025-10-26 02:46:00,校园论坛,今天被老师表扬了，有点小骄傲！ #校园生活,positive,今天被老师表扬了 有点小骄傲
S000342,2025-10-31 21:24:00,校园论坛,今天作业不多，可以早点休息。,neutral,今天作业不多 可以早点休息
S000343,2025-09-12 10:24:00,校园论坛,手机内存不够了，需要清理一下。,neutral,手机内存不够了 需要清理一下
S000343,2025-10-14 16:52:00,树洞,和新同学认识聊得很愉快，交到了新朋友。 #今天,positive,和新同学认识聊得很愉快 交到了新朋友
S000343,2025-10-20 21:52:00,校园论坛,期末复习太累了，脑子转不动。 #今天,negative,期末复习太累了 脑子转不动
S000343,2025-10-25 19:25:00,匿名留言板,生活费快花完了，又不好意思向家里要... #记录,negative,生活费快花完了 又不好意思向家里要
S000343,2025-11-15 00:14:00,校园论坛,天气预报说明天会下雨，记得带伞。,neutral,天气预报说明天会下雨 记得带伞
S000343,2025-11-22 07:08:00,校园论坛,考试没考好，心情很低落...,negative,考试没考好 心情很低落
S000344,2025-09-13 20:55:00,校园论坛,今天感觉好累，什么都不想做。,negative,今天感觉好累 什么都不想做
S000344,2025-10-21 21:33:00,校园论坛,今天食堂推出了新菜品，排队的人很多。,neutral,今天食堂推出了新菜品 排队的人很多
S000344,2025-10-31 22:21:00,匿名留言板,室友今天生日，准备买个蛋糕。,neutral,室友今天生日 准备买个蛋糕
S000344,2025-11-13 16:24:00,匿名留言板,今天上了三节课，分别是高数、英语和体育。 #记录,neutral,今天上了三节课 分别是高数 英语和体育
S000344,2025-11-21 03:38:00,校园论坛,今天食堂推出了新菜品，排队的人很多。 分享给大家~,neutral,今天食堂推出了新菜品 排队的人很多 分享给大家
S000344,2025-11-25 12:27:00,校园论坛,学校最近在举办运动会报名。 #今天,neutral,学校最近在举办运动会报名
S000345,2025-09-04 17:17:00,校园论坛,完成了所有作业，可以好好休息一下了。 #今天,positive,完成了所有作业 可以好好休息一下了
S000345,2025-09-07 19:43:00,匿名留言板,每天都很忙碌但又觉得没有意义... #校园生活,negative,每天都很忙碌但又觉得没有意义
S000345,2025-10-12 09:40:00,匿名留言板,运动完之后整个人都轻松了，强烈推荐大家多锻炼！ #校园生活,positive,运动完之后整个人都轻松了 强烈推荐大家多锻炼
S000345,2025-10-25 17:48:00,校园论坛,最近压力好大，睡不着觉。,negative,最近压力好大 睡不着觉
S000345,2025-10-26 01:29:00,校园论坛,运动完之后整个人都轻松了，强烈推荐大家多锻炼！ #记录,positive,运动完之后整个人都轻松了 强烈推荐大家多锻炼
S000345,2025-11-30 18:16:00,树洞,和新同学认识聊得很愉快，交到了新朋友。 加油！,positive,和新同学认识聊得很愉快 交到了新朋友 加油
S000346,2025-09-10 10:23:00,匿名留言板,和新同学认识聊得很愉快，交到了新朋友。 加油！,positive,和新同学认识聊得很愉快 交到了新朋友 加油
S000346,2025-09-13 12:32:00,树洞,图书馆九点闭馆，需要早点去。 #校园生活,neutral,图书馆九点闭馆 需要早点去
S000346,2025-09-19 20:31:00,树洞,期末复习太累了，脑子转不动。 #校园生活,negative,期末复习太累了 脑子转不动
S000346,2025-10-09 13:25:00,匿名留言板,今天的午餐特别好吃，食堂阿姨太棒了！ 加油！,positive,今天的午餐特别好吃 食堂阿姨太棒了 加油
S000346,2025-11-08 23:25:00,校园论坛,和朋友们一起吃饭好开心呀！ 分享给大家~,positive,和朋友们一起吃饭好开心呀 分享给大家
S000346,2025-11-28 19:15:00,校园论坛,耳机丢了，最近只能外放了。 希望明天会更好,neutral,耳机丢了 最近只能外放了 希望明天会更好
S000347,2025-09-11 13:07:00,树洞,图书馆二楼的自习室比较安静。 #日常,neutral,图书馆二楼的自习室比较安静
S000347,2025-09-24 08:32:00,树洞,明天早八有课，要定闹钟了。 #今天,neutral,明天早八有课 要定闹钟了
S000347,2025-10-18 18:30:00,匿名留言板,收到了好朋友的礼物，感动！ #日常,positive,收到了好朋友的礼物 感动
S000347,2025-11-18 16:34:00,匿名留言板,今天作业不多，可以早点休息。 加油！,neutral,今天作业不多 可以早点休息 加油
S000347,2025-11-24 04:17:00,校园论坛,和新同学认识聊得很愉快，交到了新朋友。 给自己加油！,positive,和新同学认识聊得很愉快 交到了新朋友 给自己加油
S000347,2025-11-26 09:17:00,匿名留言板,周末和室友一起去看了电影，很放松！,positive,周末和室友一起去看了电影 很放松
S000348,2025-09-20 14:54:00,匿名留言板,周末打算去超市买点日用品。 分享给大家~,neutral,周末打算去超市买点日用品 分享给大家
S000348,2025-09-29 07:01:00,匿名留言板,今天作业不多，可以早点休息。,neutral,今天作业不多 可以早点休息
S000348,2025-10-31 17:00:00,树洞,今天的课好难，完全听不懂。 #校园生活,negative,今天的课好难 完全听不懂
S000348,2025-11-11 11:05:00,校园论坛,天气凉爽，适合跑步，感觉状态很好。 #校园生活,positive,天气凉爽 适合跑步 感觉状态很好
S000348,2025-11-17 14:37:00,匿名留言板,连续几天失眠，白天没精神。 #校园生活,negative,连续几天失眠 白天没精神
S000348,2025-11-26 12:16:00,匿名留言板,今天摔了一跤，膝盖好疼...,negative,今天摔了一跤 膝盖好疼
S000349,2025-09-16 03:25:00,校园论坛,运动完之后整个人都轻松了，强烈推荐大家多锻炼！ 希望明天会更好,positive,运动完之后整个人都轻松了 强烈推荐大家多锻炼 希望明天会更好
S000349,2025-09-21 23:25:00,校园论坛,生活费快花完了，又不好意思向家里要...,negative,生活费快花完了 又不好意思向家里要
S000349,2025-10-11 14:43:00,匿名留言板,对未来很迷茫，不知道该怎么办。 希望明天会更好,negative,对未来很迷茫 不知道该怎么办 希望明天会更好
S000349,2025-11-02 07:24:00,匿名留言板,这周生活费还剩一半，需要省着点花。 #今天,neutral,这周生活费还剩一半 需要省着点花
S000349,2025-11-16 08:20:00,树洞,明天有小组会议，要准备一下PPT。 给自己加油！,neutral,明天有小组会议 要准备一下 给自己加油 ppt
S000349,2025-11-19 11:36:00,匿名留言板,今天感觉好累，什么都不想做。 #日常,negative,今天感觉好累 什么都不想做
S000350,2025-09-11 19:36:00,匿名留言板,今天上了三节课，分别是高数、英语和体育。 #校园生活,neutral,今天上了三节课 分别是高数 英语和体育
S000350,2025-09-23 12:18:00,匿名留言板,今天的阳光很温暖，适合出去走走。 #记录,positive,今天的阳光很温暖 适合出去走走
S000350,2025-10-22 15:48:00,树洞,最近总是莫名的焦虑不安。,negative,最近总是莫名的焦虑不安
S000350,2025-11-21 00:39:00,匿名留言板,和新同学认识聊得很愉快，交到了新朋友。 希望明天会更好,positive,和新同学认识聊得很愉快 交到了新朋友 希望明天会更好
S000350,2025-11-21 20:20:00,校园论坛,感觉和周围的人格格不入。 #今天,negative,感觉和周围的人格格不入
S000350,2025-11-27 03:24:00,校园论坛,每天都很忙碌但又觉得没有意义... #今天,negative,每天都很忙碌但又觉得没有意义
S000351,2025-09-09 00:13:00,匿名留言板,最近总是莫名的焦虑不安。,negative,最近总是莫名的焦虑不安
S000351,2025-09-22 18:40:00,校园论坛,最近压力好大，睡不着觉。 #校园生活,negative,最近压力好大 睡不着觉
S000351,2025-10-01 05:30:00,校园论坛,周末打算去超市买点日用品。 #校园生活,neutral,周末打算去超市买点日用品
S000351,2025-10-27 07:50:00,匿名留言板,今天尝试了一道新菜，很成功！ 分享给大家~,positive,今天尝试了一道新菜 很成功 分享给大家
S000351,2025-11-16 20:24:00,校园论坛,感觉自己什么都做不好，好失败...,negative,感觉自己什么都做不好 好失败
S000351,2025-11-17 10:55:00,校园论坛,天气预报说明天会下雨，记得带伞。,neutral,天气预报说明天会下雨 记得带伞
S000352,2025-09-08 09:51:00,校园论坛,考试没考好，心情很低落... #校园生活,negative,考试没考好 心情很低落
S000352,2025-09-09 00:47:00,树洞,收到了好朋友的礼物，感动！ 分享给大家~,positive,收到了好朋友的礼物 感动 分享给大家
S000352,2025-10-04 18:48:00,校园论坛,天气预报说明天会下雨，记得带伞。 #校园生活,neutral,天气预报说明天会下雨 记得带伞
S000352,2025-10-20 02:50:00,匿名留言板,期末复习太累了，脑子转不动。 加油！,negative,期末复习太累了 脑子转不动 加油
S000352,2025-11-05 20:41:00,校园论坛,感觉好孤独，没有人理解我...,negative,感觉好孤独 没有人理解我
S000352,2025-11-17 20:34:00,树洞,今天食堂推出了新菜品，排队的人很多。 #记录,neutral,今天食堂推出了新菜品 排队的人很多
S000353,2025-09-21 18:40:00,校园论坛,最近总是莫名的焦虑不安。 给自己加油！,negative,最近总是莫名的焦虑不安 给自己加油
S000353,2025-09-29 11:36:00,树洞,想家了，好想回家... #日常,negative,想家了 好想回家
S000353,2025-10-06 19:02:00,校园论坛,这周生活费还剩一半，需要省着点花。 分享给大家~,neutral,这周生活费还剩一半 需要省着点花 分享给大家
S000353,2025-10-13 20:44:00,匿名留言板,小组项目进展顺利，大家配合得很好。,positive,小组项目进展顺利 大家配合得很好
S000353,2025-10-14 04:58:00,校园论坛,小组项目进展顺利，大家配合得很好。,positive,小组项目进展顺利 大家配合得很好
S000353,2025-10-14 09:44:00,校园论坛,最近总是莫名的焦虑不安。 加油！,negative,最近总是莫名的焦虑不安 加油
S000354,2025-09-04 06:37:00,校园论坛,今天摔了一跤，膝盖好疼...,negative,今天摔了一跤 膝盖好疼
S000354,2025-09-22 11:41:00,匿名留言板,天气凉爽，适合跑步，感觉状态很好。 #校园生活,positive,天气凉爽 适合跑步 感觉状态很好
S000354,2025-10-19 00:42:00,校园论坛,快递到了，要去菜鸟驿站取。,neutral,快递到了 要去菜鸟驿站取
S000354,2025-10-19 15:41:00,校园论坛,天气凉爽，适合跑步，感觉状态很好。 #记录,positive,天气凉爽 适合跑步 感觉状态很好
S000354,2025-11-05 23:55:00,匿名留言板,下节课换到了更大的教室。 #记录,neutral,下节课换到了更大的教室
S000354,2025-11-28 04:09:00,匿名留言板,下节课换到了更大的教室。 #日常,neutral,下节课换到了更大的教室
S000355,2025-09-11 01:28:00,校园论坛,最近食欲不好，什么都不想吃。,negative,最近食欲不好 什么都不想吃
S000355,2025-09-24 22:59:00,匿名留言板,今天作业不多，可以早点休息。,neutral,今天作业不多 可以早点休息
S000355,2025-09-29 04:17:00,校园论坛,明天有小组会议，要准备一下PPT。 给自己加油！,neutral,明天有小组会议 要准备一下 给自己加油 ppt
S000355,2025-10-13 16:04:00,匿名留言板,今天被老师表扬了，有点小骄傲！ 加油！,positive,今天被老师表扬了 有点小骄傲 加油
S000355,2025-11-03 14:36:00,树洞,今天上了三节课，分别是高数、英语和体育。 加油！,neutral,今天上了三节课 分别是高数 英语和体育 加油
S000355,2025-11-07 07:47:00,匿名留言板,考试终于结束了，感觉发挥得不错！ #今天,positive,考试终于结束了 感觉发挥得不错
S000356,2025-09-25 23:53:00,校园论坛,这周生活费还剩一半，需要省着点花。 分享给大家~,neutral,这周生活费还剩一半 需要省着点花 分享给大家
S000356,2025-09-27 07:15:00,校园论坛,今天摔了一跤，膝盖好疼... #记录,negative,今天摔了一跤 膝盖好疼
S000356,2025-10-27 02:30:00,校园论坛,今天被老师表扬了，有点小骄傲！ 希望明天会更好,positive,今天被老师表扬了 有点小骄傲 希望明天会更好
S000356,2025-10-29 05:02:00,校园论坛,下个月有英语四级考试，要开始准备了。 分享给大家~,neutral,下个月有英语四级考试 要开始准备了 分享给大家
S000356,2025-11-02 09:36:00,匿名留言板,收到了好朋友的礼物，感动！,positive,收到了好朋友的礼物 感动
S000356,2025-11-08 01:20:00,校园论坛,图书馆九点闭馆，需要早点去。,neutral,图书馆九点闭馆 需要早点去
S000357,2025-09-23 02:48:00,树洞,想家了，好想回家...,negative,想家了 好想回家
S000357,2025-09-24 15:00:00,校园论坛,论文写不出来，deadline又快到了。 #记录,negative,论文写不出来 又快到了 deadline
S000357,2025-10-03 13:38:00,匿名留言板,今天上课老师讲的内容很有趣，学到了很多新知识。 #校园生活,positive,今天上课老师讲的内容很有趣 学到了很多新知识
S000357,2025-10-27 20:12:00,树洞,连续几天失眠，白天没精神。 #记录,negative,连续几天失眠 白天没精神
S000357,2025-11-05 09:41:00,校园论坛,今天被老师表扬了，有点小骄傲！,positive,今天被老师表扬了 有点小骄傲
S000357,2025-11-26 17:32:00,树洞,最近总是莫名的焦虑不安。,negative,最近总是莫名的焦虑不安
S000358,2025-09-21 06:49:00,匿名留言板,今天和室友闹矛盾了，心情很差。,negative,今天和室友闹矛盾了 心情很差
S000358,2025-09-21 10:33:00,匿名留言板,明天早八有课，要定闹钟了。 #今天,neutral,明天早八有课 要定闹钟了
S000358,2025-09-30 06:19:00,校园论坛,今天的课好难，完全听不懂。 分享给大家~,negative,今天的课好难 完全听不懂 分享给大家
S000358,2025-10-05 07:59:00,校园论坛,和同学讨论问题很有收获，团队合作很重要。 #校园生活,positive,和同学讨论问题很有收获 团队合作很重要
S000358,2025-10-27 10:40:00,匿名留言板,天气预报说明天会下雨，记得带伞。,neutral,天气预报说明天会下雨 记得带伞
S000358,2025-11-27 09:59:00,校园论坛,图书馆二楼的自习室比较安静。 给自己加油！,neutral,图书馆二楼的自习室比较安静 给自己加油
S000359,2025-09-04 10:27:00,匿名留言板,快递到了，要去菜鸟驿站取。 分享给大家~,neutral,快递到了 要去菜鸟驿站取 分享给大家
S000359,2025-09-26 06:39:00,校园论坛,期末复习太累了，脑子转不动。,negative,期末复习太累了 脑子转不动
S000359,2025-10-13 23:22:00,校园论坛,快递到了，要去菜鸟驿站取。 #记录,neutral,快递到了 要去菜鸟驿站取
S000359,2025-10-16 20:51:00,校园论坛,今天尝试了一道新菜，很成功！ #日常,positive,今天尝试了一道新菜 很成功
S000359,2025-11-12 12:48:00,树洞,人际交往好复杂，感觉好累。,negative,人际交往好复杂 感觉好累
S000359,2025-11-30 06:13:00,树洞,下个月有英语四级考试，要开始准备了。 #日常,neutral,下个月有英语四级考试 要开始准备了
S000360,2025-09-06 21:24:00,校园论坛,下周有社团活动，需要招募志愿者。,neutral,下周有社团活动 需要招募志愿者
S000360,2025-09-10 10:49:00,匿名留言板,这周生活费还剩一半，需要省着点花。,neutral,这周生活费还剩一半 需要省着点花
S000360,2025-09-21 10:46:00,树洞,今天摔了一跤，膝盖好疼... #记录,negative,今天摔了一跤 膝盖好疼
S000360,2025-11-08 11:28:00,校园论坛,明天有小组会议，要准备一下PPT。 #记录,neutral,明天有小组会议 要准备一下 ppt
S000360,2025-11-13 06:35:00,匿名留言板,完成了一个月的早起打卡计划，坚持就是胜利！ #校园生活,positive,完成了一个月的早起打卡计划 坚持就是胜利
S000360,2025-11-17 18:24:00,校园论坛,考试终于结束了，感觉发挥得不错！ 给自己加油！,positive,考试终于结束了 感觉发挥得不错 给自己加油
S000361,2025-09-09 22:45:00,匿名留言板,室友今天生日，准备买个蛋糕。 #记录,neutral,室友今天生日 准备买个蛋糕
S000361,2025-09-28 05:20:00,校园论坛,最近总是莫名的焦虑不安。 #校园生活,negative,最近总是莫名的焦虑不安
S000361,2025-10-23 13:25:00,校园论坛,食堂今天的菜色和昨天差不多。 分享给大家~,neutral,食堂今天的菜色和昨天差不多 分享给大家
S000361,2025-11-05 11:01:00,树洞,考试没考好，心情很低落... 分享给大家~,negative,考试没考好 心情很低落 分享给大家
S000361,2025-11-24 08:35:00,校园论坛,想家了，好想回家... 加油！,negative,想家了 好想回家 加油
S000361,2025-11-26 22:16:00,校园论坛,今天天气真好，心情也很棒！,positive,今天天气真好 心情也很棒
S000362,2025-09-10 18:05:00,校园论坛,明天有小组会议，要准备一下PPT。 分享给大家~,neutral,明天有小组会议 要准备一下 分享给大家 ppt
S000362,2025-09-10 21:27:00,树洞,今天食堂推出了新菜品，排队的人很多。 #记录,neutral,今天食堂推出了新菜品 排队的人很多
S000362,2025-09-20 20:21:00,校园论坛,解决了困扰我好久的问题，太开心了！ #校园生活,positive,解决了困扰我好久的问题 太开心了
S000362,2025-10-12 17:31:00,校园论坛,今天的阳光很温暖，适合出去走走。 给自己加油！,positive,今天的阳光很温暖 适合出去走走 给自己加油
S000362,2025-11-05 02:36:00,树洞,明天早八有课，要定闹钟了。 给自己加油！,neutral,明天早八有课 要定闹钟了 给自己加油
S000362,2025-11-28 23:52:00,匿名留言板,今天上了三节课，分别是高数、英语和体育。 #今天,neutral,今天上了三节课 分别是高数 英语和体育
S000363,2025-09-01 19:53:00,校园论坛,今天感觉好累，什么都不想做。,negative,今天感觉好累 什么都不想做
S000363,2025-09-09 10:55:00,校园论坛,最近食欲不好，什么都不想吃。 给自己加油！,negative,最近食欲不好 什么都不想吃 给自己加油
S000363,2025-09-20 06:49:00,校园论坛,和同学讨论问题很有收获，团队合作很重要。,positive,和同学讨论问题很有收获 团队合作很重要
S000363,2025-09-20 08:54:00,校园论坛,今天的阳光很温暖，适合出去走走。 分享给大家~,positive,今天的阳光很温暖 适合出去走走 分享给大家
S000363,2025-11-08 19:54:00,校园论坛,收到了心仪公司的offer，太激动了！ 分享给大家~,positive,收到了心仪公司的 太激动了 分享给大家 offer
S000363,2025-11-25 06:49:00,树洞,室友今天生日，准备买个蛋糕。 加油！,neutral,室友今天生日 准备买个蛋糕 加油
S000364,2025-09-04 04:56:00,树洞,今天食堂推出了新菜品，排队的人很多。,neutral,今天食堂推出了新菜品 排队的人很多
S000364,2025-09-12 05:32:00,校园论坛,耳机丢了，最近只能外放了。,neutral,耳机丢了 最近只能外放了
S000364,2025-09-27 03:31:00,树洞,室友今天生日，准备买个蛋糕。 加油！,neutral,室友今天生日 准备买个蛋糕 加油
S000364,2025-10-09 05:27:00,匿名留言板,今天作业不多，可以早点休息。,neutral,今天作业不多 可以早点休息
S000364,2025-10-19 00:28:00,校园论坛,周末打算去超市买点日用品。 #今天,neutral,周末打算去超市买点日用品
S000364,2025-10-27 12:12:00,树洞,图书馆的氛围很好，学习效率很高。 希望明天会更好,positive,图书馆的氛围很好 学习效率很高 希望明天会更好
S000365,2025-09-13 11:23:00,树洞,图书馆九点闭馆，需要早点去。 #今天,neutral,图书馆九点闭馆 需要早点去
S000365,2025-10-12 01:09:00,校园论坛,天气预报说明天会下雨，记得带伞。 希望明天会更好,neutral,天气预报说明天会下雨 记得带伞 希望明天会更好
S000365,2025-10-20 15:01:00,匿名留言板,下个月有英语四级考试，要开始准备了。 加油！,neutral,下个月有英语四级考试 要开始准备了 加油
S000365,2025-10-24 06:13:00,校园论坛,耳机丢了，最近只能外放了。 #校园生活,neutral,耳机丢了 最近只能外放了
S000365,2025-11-05 03:29:00,校园论坛,图书馆的氛围很好，学习效率很高。 #今天,positive,图书馆的氛围很好 学习效率很高
S000365,2025-11-23 09:14:00,匿名留言板,图书馆九点闭馆，需要早点去。 给自己加油！,neutral,图书馆九点闭馆 需要早点去 给自己加油
S000366,2025-09-04 10:01:00,树洞,食堂今天的菜色和昨天差不多。 加油！,neutral,食堂今天的菜色和昨天差不多 加油
S000366,2025-09-27 09:25:00,校园论坛,下个月有英语四级考试，要开始准备了。 希望明天会更好,neutral,下个月有英语四级考试 要开始准备了 希望明天会更好
S000366,2025-09-27 23:42:00,树洞,和新同学认识聊得很愉快，交到了新朋友。 #今天,positive,和新同学认识聊得很愉快 交到了新朋友
S000366,2025-10-24 05:11:00,树洞,这周生活费还剩一半，需要省着点花。 加油！,neutral,这周生活费还剩一半 需要省着点花 加油
S000366,2025-11-06 04:08:00,匿名留言板,食堂今天的菜色和昨天差不多。,neutral,食堂今天的菜色和昨天差不多
S000366,2025-11-25 05:23:00,校园论坛,明天有小组会议，要准备一下PPT。,neutral,明天有小组会议 要准备一下 ppt
S000367,2025-09-09 03:30:00,校园论坛,每天都很忙碌但又觉得没有意义... 分享给大家~,negative,每天都很忙碌但又觉得没有意义 分享给大家
S000367,2025-09-21 03:00:00,校园论坛,最近食欲不好，什么都不想吃。,negative,最近食欲不好 什么都不想吃
S000367,2025-10-23 01:34:00,匿名留言板,连续几天失眠，白天没精神。 加油！,negative,连续几天失眠 白天没精神 加油
S000367,2025-11-13 06:08:00,校园论坛,收到了心仪公司的offer，太激动了！,positive,收到了心仪公司的 太激动了 offer
S000367,2025-11-17 20:00:00,校园论坛,被同学误会了，解释也没人听... #日常,negative,被同学误会了 解释也没人听
S000367,2025-11-24 17:23:00,校园论坛,明天有小组会议，要准备一下PPT。 #记录,neutral,明天有小组会议 要准备一下 ppt
S000368,2025-09-02 04:40:00,校园论坛,完成了一个月的早起打卡计划，坚持就是胜利！,positive,完成了一个月的早起打卡计划 坚持就是胜利
S000368,2025-09-05 23:57:00,树洞,食堂今天的菜色和昨天差不多。,neutral,食堂今天的菜色和昨天差不多
S000368,2025-09-11 23:06:00,校园论坛,学校最近在举办运动会报名。 希望明天会更好,neutral,学校最近在举办运动会报名 希望明天会更好
S000368,2025-09-17 10:27:00,匿名留言板,对未来很迷茫，不知道该怎么办。 希望明天会更好,negative,对未来很迷茫 不知道该怎么办 希望明天会更好
S000368,2025-09-29 08:11:00,匿名留言板,学校最近在举办运动会报名。 #校园生活,neutral,学校最近在举办运动会报名
S000368,2025-10-30 21:37:00,匿名留言板,今天摔了一跤，膝盖好疼... #日常,negative,今天摔了一跤 膝盖好疼
S000369,2025-09-02 18:30:00,匿名留言板,生活费快花完了，又不好意思向家里要...,negative,生活费快花完了 又不好意思向家里要
S000369,2025-09-13 21:54:00,校园论坛,论文写不出来，deadline又快到了。 #日常,negative,论文写不出来 又快到了 deadline
S000369,2025-09-24 08:21:00,校园论坛,下周有社团活动，需要招募志愿者。 分享给大家~,neutral,下周有社团活动 需要招募志愿者 分享给大家
S000369,2025-10-17 13:41:00,校园论坛,今天被老师表扬了，有点小骄傲！,positive,今天被老师表扬了 有点小骄傲
S000369,2025-10-27 03:47:00,校园论坛,天气凉爽，适合跑步，感觉状态很好。 #校园生活,positive,天气凉爽 适合跑步 感觉状态很好
S000369,2025-11-13 12:28:00,校园论坛,今天食堂推出了新菜品，排队的人很多。 希望明天会更好,neutral,今天食堂推出了新菜品 排队的人很多 希望明天会更好
S000370,2025-09-13 21:10:00,树洞,明天早八有课，要定闹钟了。,neutral,明天早八有课 要定闹钟了
S000370,2025-10-10 14:27:00,校园论坛,最近压力好大，睡不着觉。 分享给大家~,negative,最近压力好大 睡不着觉 分享给大家
S000370,2025-10-16 16:38:00,匿名留言板,图书馆二楼的自习室比较安静。 分享给大家~,neutral,图书馆二楼的自习室比较安静 分享给大家
S000370,2025-10-29 03:07:00,树洞,想家了，好想回家...,negative,想家了 好想回家
S000370,2025-11-05 06:09:00,校园论坛,今天作业不多，可以早点休息。,neutral,今天作业不多 可以早点休息
S000370,2025-11-08 11:34:00,校园论坛,天气凉爽，适合跑步，感觉状态很好。,positive,天气凉爽 适合跑步 感觉状态很好
S000371,2025-09-18 23:19:00,匿名留言板,今天的午餐特别好吃，食堂阿姨太棒了！ 加油！,positive,今天的午餐特别好吃 食堂阿姨太棒了 加油
S000371,2025-09-20 17:39:00,校园论坛,感觉自己什么都做不好，好失败... #日常,negative,感觉自己什么都做不好 好失败
S000371,2025-09-21 20:26:00,树洞,感觉自己什么都做不好，好失败...,negative,感觉自己什么都做不好 好失败
S000371,2025-10-10 06:59:00,校园论坛,明天早八有课，要定闹钟了。,neutral,明天早八有课 要定闹钟了
S000371,2025-10-22 09:24:00,校园论坛,手机内存不够了，需要清理一下。 #记录,neutral,手机内存不够了 需要清理一下
S000371,2025-10-23 04:09:00,校园论坛,今天和室友闹矛盾了，心情很差。,negative,今天和室友闹矛盾了 心情很差
S000372,2025-09-10 07:17:00,匿名留言板,图书馆的氛围很好，学习效率很高。,positive,图书馆的氛围很好 学习效率很高
S000372,2025-10-05 01:24:00,匿名留言板,下个月有英语四级考试，要开始准备了。,neutral,下个月有英语四级考试 要开始准备了
S000372,2025-10-12 00:40:00,校园论坛,和同学讨论问题很有收获，团队合作很重要。 分享给大家~,positive,和同学讨论问题很有收获 团队合作很重要 分享给大家
S000372,2025-11-09 23:39:00,校园论坛,最近压力好大，睡不着觉。 加油！,negative,最近压力好大 睡不着觉 加油
S000372,2025-11-14 21:09:00,校园论坛,收到了心仪公司的offer，太激动了！ 给自己加油！,positive,收到了心仪公司的 太激动了 给自己加油 offer
S000372,2025-11-20 19:30:00,树洞,今天尝试了一道新菜，很成功！ #日常,positive,今天尝试了一道新菜 很成功
S000373,2025-09-14 02:46:00,校园论坛,明天早八有课，要定闹钟了。 #校园生活,neutral,明天早八有课 要定闹钟了
S000373,2025-09-14 08:53:00,匿名留言板,下个月有英语四级考试，要开始准备了。 #日常,neutral,下个月有英语四级考试 要开始准备了
S000373,2025-10-13 13:42:00,校园论坛,室友今天生日，准备买个蛋糕。,neutral,室友今天生日 准备买个蛋糕
S000373,2025-10-25 18:10:00,校园论坛,下周有社团活动，需要招募志愿者。 #日常,neutral,下周有社团活动 需要招募志愿者
S000373,2025-11-02 07:37:00,匿名留言板,今天摔了一跤，膝盖好疼... #今天,negative,今天摔了一跤 膝盖好疼
S000373,2025-11-25 15:53:00,校园论坛,手机内存不够了，需要清理一下。 #今天,neutral,手机内存不够了 需要清理一下
S000374,2025-09-14 22:31:00,匿名留言板,今天摔了一跤，膝盖好疼... #今天,negative,今天摔了一跤 膝盖好疼
S000374,2025-10-27 14:36:00,树洞,食堂今天的菜色和昨天差不多。 #今天,neutral,食堂今天的菜色和昨天差不多
S000374,2025-11-13 03:07:00,匿名留言板,今天作业不多，可以早点休息。 #校园生活,neutral,今天作业不多 可以早点休息
S000374,2025-11-20 23:49:00,匿名留言板,今天感觉好累，什么都不想做。,negative,今天感觉好累 什么都不想做
S000374,2025-11-25 12:02:00,树洞,图书馆二楼的自习室比较安静。 给自己加油！,neutral,图书馆二楼的自习室比较安静 给自己加油
S000374,2025-11-30 19:26:00,匿名留言板,食堂今天的菜色和昨天差不多。 #校园生活,neutral,食堂今天的菜色和昨天差不多
S000375,2025-09-04 20:21:00,匿名留言板,收到了好朋友的礼物，感动！,positive,收到了好朋友的礼物 感动
S000375,2025-09-07 10:29:00,校园论坛,下个月有英语四级考试，要开始准备了。,neutral,下个月有英语四级考试 要开始准备了
S000375,2025-09-12 10:22:00,树洞,今天作业不多，可以早点休息。 #校园生活,neutral,今天作业不多 可以早点休息
S000375,2025-09-13 23:05:00,校园论坛,快递到了，要去菜鸟驿站取。 希望明天会更好,neutral,快递到了 要去菜鸟驿站取 希望明天会更好
S000375,2025-10-03 11:52:00,校园论坛,室友今天生日，准备买个蛋糕。,neutral,室友今天生日 准备买个蛋糕
S000375,2025-11-10 20:20:00,树洞,室友今天生日，准备买个蛋糕。,neutral,室友今天生日 准备买个蛋糕
S000376,2025-09-24 12:12:00,校园论坛,小组项目进展顺利，大家配合得很好。 #校园生活,positive,小组项目进展顺利 大家配合得很好
S000376,2025-09-25 18:19:00,匿名留言板,电脑风扇声音很大，该清灰了。 #日常,neutral,电脑风扇声音很大 该清灰了
S000376,2025-10-16 12:08:00,树洞,明天有小组会议，要准备一下PPT。 加油！,neutral,明天有小组会议 要准备一下 加油 ppt
S000376,2025-10-27 11:48:00,校园论坛,今天上课老师讲的内容很有趣，学到了很多新知识。 #校园生活,positive,今天上课老师讲的内容很有趣 学到了很多新知识
S000376,2025-11-08 05:25:00,校园论坛,图书馆九点闭馆，需要早点去。,neutral,图书馆九点闭馆 需要早点去
S000376,2025-11-16 21:25:00,校园论坛,这周生活费还剩一半，需要省着点花。 加油！,neutral,这周生活费还剩一半 需要省着点花 加油
S000377,2025-09-06 07:35:00,校园论坛,今天的午餐特别好吃，食堂阿姨太棒了！,positive,今天的午餐特别好吃 食堂阿姨太棒了
S000377,2025-09-19 00:18:00,校园论坛,今天天气真好，心情也很棒！ 希望明天会更好,positive,今天天气真好 心情也很棒 希望明天会更好
S000377,2025-10-08 19:36:00,校园论坛,快递到了，要去菜鸟驿站取。,neutral,快递到了 要去菜鸟驿站取
S000377,2025-10-27 13:35:00,校园论坛,今天摔了一跤，膝盖好疼...,negative,今天摔了一跤 膝盖好疼
S000377,2025-11-06 18:25:00,校园论坛,下节课换到了更大的教室。 加油！,neutral,下节课换到了更大的教室 加油
S000377,2025-11-28 07:15:00,树洞,今天食堂推出了新菜品，排队的人很多。 给自己加油！,neutral,今天食堂推出了新菜品 排队的人很多 给自己加油
S000378,2025-09-10 22:08:00,匿名留言板,最近食欲不好，什么都不想吃。 分享给大家~,negative,最近食欲不好 什么都不想吃 分享给大家
S000378,2025-09-13 16:45:00,树洞,今天的课好难，完全听不懂。,negative,今天的课好难 完全听不懂
S000378,2025-09-22 00:35:00,校园论坛,考试没考好，心情很低落... #校园生活,negative,考试没考好 心情很低落
S000378,2025-10-17 08:27:00,匿名留言板,最近食欲不好，什么都不想吃。 #校园生活,negative,最近食欲不好 什么都不想吃
S000378,2025-11-13 01:29:00,校园论坛,下周有社团活动，需要招募志愿者。 希望明天会更好,neutral,下周有社团活动 需要招募志愿者 希望明天会更好
S000378,2025-11-17 07:46:00,校园论坛,感觉和周围的人格格不入。,negative,感觉和周围的人格格不入
S000379,2025-09-18 12:13:00,匿名留言板,学校最近在举办运动会报名。 分享给大家~,neutral,学校最近在举办运动会报名 分享给大家
S000379,2025-10-03 23:01:00,匿名留言板,下周有社团活动，需要招募志愿者。 #今天,neutral,下周有社团活动 需要招募志愿者
S000379,2025-10-09 10:14:00,校园论坛,论文写不出来，deadline又快到了。 #今天,negative,论文写不出来 又快到了 deadline
S000379,2025-10-16 18:07:00,校园论坛,图书馆九点闭馆，需要早点去。 希望明天会更好,neutral,图书馆九点闭馆 需要早点去 希望明天会更好
S000379,2025-11-09 21:37:00,校园论坛,今天感觉好累，什么都不想做。 希望明天会更好,negative,今天感觉好累 什么都不想做 希望明天会更好
S000379,2025-11-30 04:04:00,校园论坛,图书馆九点闭馆，需要早点去。 加油！,neutral,图书馆九点闭馆 需要早点去 加油
S000380,2025-09-12 03:25:00,校园论坛,人际交往好复杂，感觉好累。 #今天,negative,人际交往好复杂 感觉好累
S000380,2025-09-23 05:01:00,校园论坛,下周有社团活动，需要招募志愿者。 加油！,neutral,下周有社团活动 需要招募志愿者 加油
S000380,2025-09-26 07:22:00,校园论坛,图书馆九点闭馆，需要早点去。 #校园生活,neutral,图书馆九点闭馆 需要早点去
S000380,2025-10-23 23:10:00,匿名留言板,今天作业不多，可以早点休息。 希望明天会更好,neutral,今天作业不多 可以早点休息 希望明天会更好
S000380,2025-10-31 04:54:00,校园论坛,感觉好孤独，没有人理解我... #日常,negative,感觉好孤独 没有人理解我
S000380,2025-11-30 13:56:00,校园论坛,和朋友们一起吃饭好开心呀！,positive,和朋友们一起吃饭好开心呀
S000381,2025-09-08 21:23:00,校园论坛,今天天气真好，心情也很棒！ 分享给大家~,positive,今天天气真好 心情也很棒 分享给大家
S000381,2025-09-09 05:12:00,匿名留言板,下周有社团活动，需要招募志愿者。,neutral,下周有社团活动 需要招募志愿者
S000381,2025-09-13 16:16:00,树洞,和新同学认识聊得很愉快，交到了新朋友。,positive,和新同学认识聊得很愉快 交到了新朋友
S000381,2025-09-23 14:45:00,校园论坛,天气预报说明天会下雨，记得带伞。 分享给大家~,neutral,天气预报说明天会下雨 记得带伞 分享给大家
S000381,2025-10-12 12:19:00,校园论坛,解决了困扰我好久的问题，太开心了！ 希望明天会更好,positive,解决了困扰我好久的问题 太开心了 希望明天会更好
S000381,2025-10-15 03:55:00,校园论坛,这周生活费还剩一半，需要省着点花。 希望明天会更好,neutral,这周生活费还剩一半 需要省着点花 希望明天会更好
S000382,2025-09-09 10:15:00,校园论坛,最近食欲不好，什么都不想吃。 #记录,negative,最近食欲不好 什么都不想吃
S000382,2025-09-13 15:12:00,树洞,明天早八有课，要定闹钟了。 #校园生活,neutral,明天早八有课 要定闹钟了
S000382,2025-10-10 09:06:00,匿名留言板,今天和室友闹矛盾了，心情很差。 希望明天会更好,negative,今天和室友闹矛盾了 心情很差 希望明天会更好
S000382,2025-10-22 01:22:00,匿名留言板,小组项目进展顺利，大家配合得很好。 给自己加油！,positive,小组项目进展顺利 大家配合得很好 给自己加油
S000382,2025-10-27 00:39:00,树洞,今天被老师表扬了，有点小骄傲！,positive,今天被老师表扬了 有点小骄傲
S000382,2025-11-24 17:53:00,匿名留言板,最近总是莫名的焦虑不安。,negative,最近总是莫名的焦虑不安
S000383,2025-10-12 04:28:00,校园论坛,学校最近在举办运动会报名。 给自己加油！,neutral,学校最近在举办运动会报名 给自己加油
S000383,2025-10-26 12:05:00,校园论坛,被同学误会了，解释也没人听...,negative,被同学误会了 解释也没人听
S000383,2025-11-01 19:24:00,匿名留言板,想家了，好想回家... 给自己加油！,negative,想家了 好想回家 给自己加油
S000383,2025-11-07 01:12:00,匿名留言板,学校最近在举办运动会报名。 希望明天会更好,neutral,学校最近在举办运动会报名 希望明天会更好
S000383,2025-11-15 03:54:00,匿名留言板,今天的课好难，完全听不懂。 分享给大家~,negative,今天的课好难 完全听不懂 分享给大家
S000383,2025-11-29 17:33:00,校园论坛,感觉和周围的人格格不入。 给自己加油！,negative,感觉和周围的人格格不入 给自己加油
S000384,2025-09-02 01:59:00,校园论坛,感觉好孤独，没有人理解我... #日常,negative,感觉好孤独 没有人理解我
S000384,2025-10-09 12:12:00,树洞,感觉和周围的人格格不入。,negative,感觉和周围的人格格不入
S000384,2025-10-11 02:45:00,匿名留言板,周末和室友一起去看了电影，很放松！ 希望明天会更好,positive,周末和室友一起去看了电影 很放松 希望明天会更好
S000384,2025-11-13 17:11:00,校园论坛,食堂今天的菜色和昨天差不多。 分享给大家~,neutral,食堂今天的菜色和昨天差不多 分享给大家
S000384,2025-11-27 13:47:00,校园论坛,今天和室友闹矛盾了，心情很差。 分享给大家~,negative,今天和室友闹矛盾了 心情很差 分享给大家
S000384,2025-11-29 01:58:00,树洞,今天尝试了一道新菜，很成功！,positive,今天尝试了一道新菜 很成功
S000385,2025-09-02 20:44:00,匿名留言板,最近总是莫名的焦虑不安。,negative,最近总是莫名的焦虑不安
S000385,2025-09-30 11:58:00,校园论坛,食堂今天的菜色和昨天差不多。,neutral,食堂今天的菜色和昨天差不多
S000385,2025-10-01 21:52:00,树洞,快递到了，要去菜鸟驿站取。,neutral,快递到了 要去菜鸟驿站取
S000385,2025-10-02 19:42:00,匿名留言板,收到了好朋友的礼物，感动！ 给自己加油！,positive,收到了好朋友的礼物 感动 给自己加油
S000385,2025-10-24 13:24:00,校园论坛,周末和室友一起去看了电影，很放松！ #记录,positive,周末和室友一起去看了电影 很放松
S000385,2025-11-20 09:13:00,匿名留言板,下个月有英语四级考试，要开始准备了。 #今天,neutral,下个月有英语四级考试 要开始准备了
S000386,2025-09-15 07:02:00,匿名留言板,天气预报说明天会下雨，记得带伞。,neutral,天气预报说明天会下雨 记得带伞
S000386,2025-09-16 12:52:00,匿名留言板,周末打算去超市买点日用品。,neutral,周末打算去超市买点日用品
S000386,2025-09-29 02:40:00,校园论坛,今天上课老师讲的内容很有趣，学到了很多新知识。 #记录,positive,今天上课老师讲的内容很有趣 学到了很多新知识
S000386,2025-11-03 06:08:00,校园论坛,考试没考好，心情很低落... #记录,negative,考试没考好 心情很低落
S000386,2025-11-08 10:10:00,匿名留言板,下个月有英语四级考试，要开始准备了。 给自己加油！,neutral,下个月有英语四级考试 要开始准备了 给自己加油
S000386,2025-11-28 12:18:00,校园论坛,想家了，好想回家... 希望明天会更好,negative,想家了 好想回家 希望明天会更好
S000387,2025-09-06 18:00:00,树洞,快递到了，要去菜鸟驿站取。 #日常,neutral,快递到了 要去菜鸟驿站取
S000387,2025-09-09 07:27:00,校园论坛,今天食堂推出了新菜品，排队的人很多。 加油！,neutral,今天食堂推出了新菜品 排队的人很多 加油
S000387,2025-10-08 16:04:00,匿名留言板,周末和室友一起去看了电影，很放松！ #校园生活,positive,周末和室友一起去看了电影 很放松
S000387,2025-10-15 14:12:00,校园论坛,食堂今天的菜色和昨天差不多。 #今天,neutral,食堂今天的菜色和昨天差不多
S000387,2025-10-27 00:55:00,匿名留言板,最近食欲不好，什么都不想吃。 希望明天会更好,negative,最近食欲不好 什么都不想吃 希望明天会更好
S000387,2025-11-16 01:42:00,匿名留言板,周末打算去超市买点日用品。,neutral,周末打算去超市买点日用品
S000388,2025-09-09 13:33:00,校园论坛,连续几天失眠，白天没精神。 加油！,negative,连续几天失眠 白天没精神 加油
S000388,2025-09-29 20:02:00,匿名留言板,最近压力好大，睡不着觉。,negative,最近压力好大 睡不着觉
S000388,2025-10-12 11:02:00,校园论坛,运动完之后整个人都轻松了，强烈推荐大家多锻炼！ 给自己加油！,positive,运动完之后整个人都轻松了 强烈推荐大家多锻炼 给自己加油
S000388,2025-10-19 00:36:00,校园论坛,图书馆的氛围很好，学习效率很高。 希望明天会更好,positive,图书馆的氛围很好 学习效率很高 希望明天会更好
S000388,2025-10-31 18:41:00,校园论坛,连续几天失眠，白天没精神。 #今天,negative,连续几天失眠 白天没精神
S000388,2025-11-11 05:09:00,校园论坛,今天的课好难，完全听不懂。,negative,今天的课好难 完全听不懂
S000389,2025-09-17 20:22:00,树洞,图书馆的氛围很好，学习效率很高。 #今天,positive,图书馆的氛围很好 学习效率很高
S000389,2025-09-20 14:34:00,校园论坛,今天作业不多，可以早点休息。,neutral,今天作业不多 可以早点休息
S000389,2025-09-23 12:16:00,校园论坛,室友今天生日，准备买个蛋糕。 加油！,neutral,室友今天生日 准备买个蛋糕 加油
S000389,2025-10-01 21:31:00,校园论坛,室友今天生日，准备买个蛋糕。 给自己加油！,neutral,室友今天生日 准备买个蛋糕 给自己加油
S000389,2025-10-09 04:02:00,树洞,感觉和周围的人格格不入。,negative,感觉和周围的人格格不入
S000389,2025-10-29 23:28:00,校园论坛,人际交往好复杂，感觉好累。 #记录,negative,人际交往好复杂 感觉好累
S000390,2025-09-14 17:41:00,校园论坛,连续几天失眠，白天没精神。 #今天,negative,连续几天失眠 白天没精神
S000390,2025-09-25 18:12:00,树洞,明天早八有课，要定闹钟了。 #校园生活,neutral,明天早八有课 要定闹钟了
S000390,2025-09-28 10:35:00,校园论坛,下节课换到了更大的教室。 分享给大家~,neutral,下节课换到了更大的教室 分享给大家
S000390,2025-10-12 21:25:00,校园论坛,天气凉爽，适合跑步，感觉状态很好。,positive,天气凉爽 适合跑步 感觉状态很好
S000390,2025-10-27 00:44:00,校园论坛,解决了困扰我好久的问题，太开心了！ 给自己加油！,positive,解决了困扰我好久的问题 太开心了 给自己加油
S000390,2025-11-10 13:23:00,校园论坛,周末打算去超市买点日用品。 #今天,neutral,周末打算去超市买点日用品
S000391,2025-09-05 21:06:00,校园论坛,图书馆九点闭馆，需要早点去。,neutral,图书馆九点闭馆 需要早点去
S000391,2025-09-07 10:54:00,匿名留言板,完成了所有作业，可以好好休息一下了。,positive,完成了所有作业 可以好好休息一下了
S000391,2025-09-26 04:26:00,校园论坛,最近食欲不好，什么都不想吃。 加油！,negative,最近食欲不好 什么都不想吃 加油
S000391,2025-09-28 09:53:00,匿名留言板,和新同学认识聊得很愉快，交到了新朋友。 #校园生活,positive,和新同学认识聊得很愉快 交到了新朋友
S000391,2025-11-02 10:39:00,匿名留言板,明天早八有课，要定闹钟了。 分享给大家~,neutral,明天早八有课 要定闹钟了 分享给大家
S000391,2025-11-27 18:49:00,匿名留言板,图书馆的氛围很好，学习效率很高。 希望明天会更好,positive,图书馆的氛围很好 学习效率很高 希望明天会更好
S000392,2025-09-03 18:44:00,匿名留言板,室友今天生日，准备买个蛋糕。 #记录,neutral,室友今天生日 准备买个蛋糕
S000392,2025-09-06 04:56:00,校园论坛,人际交往好复杂，感觉好累。 #记录,negative,人际交往好复杂 感觉好累
S000392,2025-10-28 15:21:00,校园论坛,学校最近在举办运动会报名。 #日常,neutral,学校最近在举办运动会报名
S000392,2025-11-11 05:57:00,校园论坛,天气预报说明天会下雨，记得带伞。 #今天,neutral,天气预报说明天会下雨 记得带伞
S000392,2025-11-19 13:10:00,树洞,被同学误会了，解释也没人听... 加油！,negative,被同学误会了 解释也没人听 加油
S000392,2025-11-28 07:07:00,校园论坛,这周生活费还剩一半，需要省着点花。 #记录,neutral,这周生活费还剩一半 需要省着点花
S000393,2025-09-11 11:38:00,匿名留言板,下周有社团活动，需要招募志愿者。,neutral,下周有社团活动 需要招募志愿者
S000393,2025-09-24 14:57:00,匿名留言板,小组项目进展顺利，大家配合得很好。 给自己加油！,positive,小组项目进展顺利 大家配合得很好 给自己加油
S000393,2025-10-14 02:56:00,匿名留言板,今天和室友闹矛盾了，心情很差。,negative,今天和室友闹矛盾了 心情很差
S000393,2025-11-06 00:31:00,匿名留言板,今天和室友闹矛盾了，心情很差。,negative,今天和室友闹矛盾了 心情很差
S000393,2025-11-15 13:10:00,匿名留言板,期末复习太累了，脑子转不动。,negative,期末复习太累了 脑子转不动
S000393,2025-11-26 12:58:00,校园论坛,周末和室友一起去看了电影，很放松！ 给自己加油！,positive,周末和室友一起去看了电影 很放松 给自己加油
S000394,2025-09-17 11:46:00,校园论坛,周末和室友一起去看了电影，很放松！ #记录,positive,周末和室友一起去看了电影 很放松
S000394,2025-10-17 16:54:00,匿名留言板,手机内存不够了，需要清理一下。 #今天,neutral,手机内存不够了 需要清理一下
S000394,2025-10-31 12:24:00,校园论坛,今天的午餐特别好吃，食堂阿姨太棒了！ 加油！,positive,今天的午餐特别好吃 食堂阿姨太棒了 加油
S000394,2025-11-19 00:47:00,校园论坛,想家了，好想回家... #今天,negative,想家了 好想回家
S000394,2025-11-24 14:42:00,校园论坛,今天被老师表扬了，有点小骄傲！,positive,今天被老师表扬了 有点小骄傲
S000394,2025-11-29 09:16:00,校园论坛,每天都很忙碌但又觉得没有意义... #校园生活,negative,每天都很忙碌但又觉得没有意义
S000395,2025-09-02 23:51:00,校园论坛,连续几天失眠，白天没精神。,negative,连续几天失眠 白天没精神
S000395,2025-09-03 04:51:00,校园论坛,今天作业不多，可以早点休息。,neutral,今天作业不多 可以早点休息
S000395,2025-09-09 04:36:00,校园论坛,图书馆九点闭馆，需要早点去。,neutral,图书馆九点闭馆 需要早点去
S000395,2025-09-11 14:58:00,树洞,快递到了，要去菜鸟驿站取。 分享给大家~,neutral,快递到了 要去菜鸟驿站取 分享给大家
S000395,2025-11-20 14:40:00,校园论坛,明天有小组会议，要准备一下PPT。 希望明天会更好,neutral,明天有小组会议 要准备一下 希望明天会更好 ppt
S000395,2025-11-30 04:12:00,校园论坛,图书馆九点闭馆，需要早点去。,neutral,图书馆九点闭馆 需要早点去
S000396,2025-09-11 12:20:00,树洞,周末打算去超市买点日用品。 #记录,neutral,周末打算去超市买点日用品
S000396,2025-09-12 00:27:00,校园论坛,今天作业不多，可以早点休息。,neutral,今天作业不多 可以早点休息
S000396,2025-09-26 08:09:00,匿名留言板,图书馆二楼的自习室比较安静。,neutral,图书馆二楼的自习室比较安静
S000396,2025-11-15 01:28:00,校园论坛,今天天气真好，心情也很棒！,positive,今天天气真好 心情也很棒
S000396,2025-11-29 02:12:00,校园论坛,今天的阳光很温暖，适合出去走走。,positive,今天的阳光很温暖 适合出去走走
S000396,2025-11-30 15:38:00,匿名留言板,下周有社团活动，需要招募志愿者。 #日常,neutral,下周有社团活动 需要招募志愿者
S000397,2025-10-15 23:03:00,匿名留言板,手机内存不够了，需要清理一下。,neutral,手机内存不够了 需要清理一下
S000397,2025-10-17 22:43:00,校园论坛,图书馆九点闭馆，需要早点去。 希望明天会更好,neutral,图书馆九点闭馆 需要早点去 希望明天会更好
S000397,2025-10-25 08:52:00,校园论坛,最近食欲不好，什么都不想吃。 分享给大家~,negative,最近食欲不好 什么都不想吃 分享给大家
S000397,2025-10-28 00:47:00,匿名留言板,快递到了，要去菜鸟驿站取。 希望明天会更好,neutral,快递到了 要去菜鸟驿站取 希望明天会更好
S000397,2025-11-21 18:18:00,校园论坛,耳机丢了，最近只能外放了。 给自己加油！,neutral,耳机丢了 最近只能外放了 给自己加油
S000397,2025-11-27 08:18:00,校园论坛,图书馆九点闭馆，需要早点去。,neutral,图书馆九点闭馆 需要早点去
S000398,2025-09-06 22:22:00,树洞,最近总是莫名的焦虑不安。 #校园生活,negative,最近总是莫名的焦虑不安
S000398,2025-10-11 14:22:00,校园论坛,下周有社团活动，需要招募志愿者。 #校园生活,neutral,下周有社团活动 需要招募志愿者
S000398,2025-10-20 13:01:00,树洞,快递到了，要去菜鸟驿站取。 #今天,neutral,快递到了 要去菜鸟驿站取
S000398,2025-10-22 14:55:00,校园论坛,今天食堂推出了新菜品，排队的人很多。,neutral,今天食堂推出了新菜品 排队的人很多
S000398,2025-11-02 10:34:00,匿名留言板,周末打算去超市买点日用品。,neutral,周末打算去超市买点日用品
S000398,2025-11-20 04:25:00,树洞,每天都很忙碌但又觉得没有意义... 给自己加油！,negative,每天都很忙碌但又觉得没有意义 给自己加油
S000399,2025-09-09 10:45:00,校园论坛,想家了，好想回家...,negative,想家了 好想回家
S000399,2025-09-20 18:11:00,校园论坛,今天天气真好，心情也很棒！ #今天,positive,今天天气真好 心情也很棒
S000399,2025-10-05 10:12:00,校园论坛,图书馆的氛围很好，学习效率很高。,positive,图书馆的氛围很好 学习效率很高
S000399,2025-10-26 05:31:00,树洞,食堂今天的菜色和昨天差不多。 #校园生活,neutral,食堂今天的菜色和昨天差不多
S000399,2025-11-03 06:26:00,校园论坛,想家了，好想回家... 给自己加油！,negative,想家了 好想回家 给自己加油
S000399,2025-11-10 08:14:00,校园论坛,和新同学认识聊得很愉快，交到了新朋友。 加油！,positive,和新同学认识聊得很愉快 交到了新朋友 加油
S000400,2025-09-17 10:50:00,匿名留言板,今天作业不多，可以早点休息。 加油！,neutral,今天作业不多 可以早点休息 加油
S000400,2025-10-12 22:14:00,树洞,快递到了，要去菜鸟驿站取。 给自己加油！,neutral,快递到了 要去菜鸟驿站取 给自己加油
S000400,2025-10-31 02:01:00,校园论坛,每天都很忙碌但又觉得没有意义...,negative,每天都很忙碌但又觉得没有意义
S000400,2025-10-31 08:35:00,校园论坛,今天的课好难，完全听不懂。 加油！,negative,今天的课好难 完全听不懂 加油
S000400,2025-11-07 09:21:00,匿名留言板,这周生活费还剩一半，需要省着点花。 #校园生活,neutral,这周生活费还剩一半 需要省着点花
S000400,2025-11-20 09:43:00,匿名留言板,明天早八有课，要定闹钟了。,neutral,明天早八有课 要定闹钟了
S000401,2025-09-13 12:48:00,匿名留言板,今天的阳光很温暖，适合出去走走。,positive,今天的阳光很温暖 适合出去走走
S000401,2025-09-25 08:45:00,校园论坛,考试终于结束了，感觉发挥得不错！ #记录,positive,考试终于结束了 感觉发挥得不错
S000401,2025-10-01 07:31:00,匿名留言板,今天感觉好累，什么都不想做。 #校园生活,negative,今天感觉好累 什么都不想做
S000401,2025-10-05 10:31:00,校园论坛,明天早八有课，要定闹钟了。 分享给大家~,neutral,明天早八有课 要定闹钟了 分享给大家
S000401,2025-10-30 19:57:00,校园论坛,下个月有英语四级考试，要开始准备了。,neutral,下个月有英语四级考试 要开始准备了
S000401,2025-11-21 00:20:00,匿名留言板,连续几天失眠，白天没精神。 #记录,negative,连续几天失眠 白天没精神
S000402,2025-09-02 09:16:00,校园论坛,和同学讨论问题很有收获，团队合作很重要。,positive,和同学讨论问题很有收获 团队合作很重要
S000402,2025-09-25 16:51:00,校园论坛,最近食欲不好，什么都不想吃。 #今天,negative,最近食欲不好 什么都不想吃
S000402,2025-10-29 08:12:00,校园论坛,今天食堂推出了新菜品，排队的人很多。 #日常,neutral,今天食堂推出了新菜品 排队的人很多
S000402,2025-11-11 05:38:00,树洞,今天的课好难，完全听不懂。,negative,今天的课好难 完全听不懂
S000402,2025-11-22 06:59:00,匿名留言板,感觉好孤独，没有人理解我... #日常,negative,感觉好孤独 没有人理解我
S000402,2025-11-22 13:05:00,匿名留言板,对未来很迷茫，不知道该怎么办。 #记录,negative,对未来很迷茫 不知道该怎么办
S000403,2025-09-17 10:01:00,校园论坛,今天的阳光很温暖，适合出去走走。 分享给大家~,positive,今天的阳光很温暖 适合出去走走 分享给大家
S000403,2025-09-17 15:04:00,校园论坛,这周生活费还剩一半，需要省着点花。,neutral,这周生活费还剩一半 需要省着点花
S000403,2025-09-19 10:53:00,匿名留言板,电脑风扇声音很大，该清灰了。,neutral,电脑风扇声音很大 该清灰了
S000403,2025-09-21 22:15:00,校园论坛,完成了所有作业，可以好好休息一下了。 #校园生活,positive,完成了所有作业 可以好好休息一下了
S000403,2025-10-12 18:48:00,匿名留言板,论文写不出来，deadline又快到了。,negative,论文写不出来 又快到了 deadline
S000403,2025-11-22 10:25:00,匿名留言板,和新同学认识聊得很愉快，交到了新朋友。,positive,和新同学认识聊得很愉快 交到了新朋友
S000404,2025-09-27 14:10:00,校园论坛,今天的午餐特别好吃，食堂阿姨太棒了！,positive,今天的午餐特别好吃 食堂阿姨太棒了
S000404,2025-09-29 07:09:00,校园论坛,这周生活费还剩一半，需要省着点花。 分享给大家~,neutral,这周生活费还剩一半 需要省着点花 分享给大家
S000404,2025-10-20 20:42:00,校园论坛,论文写不出来，deadline又快到了。 #日常,negative,论文写不出来 又快到了 deadline
S000404,2025-10-23 10:48:00,校园论坛,图书馆的氛围很好，学习效率很高。 分享给大家~,positive,图书馆的氛围很好 学习效率很高 分享给大家
S000404,2025-10-24 20:50:00,树洞,对未来很迷茫，不知道该怎么办。 分享给大家~,negative,对未来很迷茫 不知道该怎么办 分享给大家
S000404,2025-11-22 21:35:00,校园论坛,完成了一个月的早起打卡计划，坚持就是胜利！ #记录,positive,完成了一个月的早起打卡计划 坚持就是胜利
S000405,2025-09-05 06:14:00,匿名留言板,今天感觉好累，什么都不想做。 #校园生活,negative,今天感觉好累 什么都不想做
S000405,2025-09-26 10:57:00,校园论坛,运动完之后整个人都轻松了，强烈推荐大家多锻炼！ 给自己加油！,positive,运动完之后整个人都轻松了 强烈推荐大家多锻炼 给自己加油
S000405,2025-10-18 16:24:00,校园论坛,周末和室友一起去看了电影，很放松！ 希望明天会更好,positive,周末和室友一起去看了电影 很放松 希望明天会更好
S000405,2025-11-08 00:58:00,校园论坛,明天早八有课，要定闹钟了。 #日常,neutral,明天早八有课 要定闹钟了
S000405,2025-11-14 11:32:00,校园论坛,天气预报说明天会下雨，记得带伞。 #今天,neutral,天气预报说明天会下雨 记得带伞
S000405,2025-11-25 22:44:00,校园论坛,最近压力好大，睡不着觉。,negative,最近压力好大 睡不着觉
S000406,2025-09-04 14:38:00,校园论坛,耳机丢了，最近只能外放了。 #今天,neutral,耳机丢了 最近只能外放了
S000406,2025-09-07 20:40:00,匿名留言板,今天的午餐特别好吃，食堂阿姨太棒了！,positive,今天的午餐特别好吃 食堂阿姨太棒了
S000406,2025-09-15 01:24:00,匿名留言板,周末打算去超市买点日用品。,neutral,周末打算去超市买点日用品
S000406,2025-10-09 22:43:00,校园论坛,解决了困扰我好久的问题，太开心了！ #日常,positive,解决了困扰我好久的问题 太开心了
S000406,2025-10-10 00:13:00,校园论坛,快递到了，要去菜鸟驿站取。,neutral,快递到了 要去菜鸟驿站取
S000406,2025-10-20 23:20:00,匿名留言板,人际交往好复杂，感觉好累。 希望明天会更好,negative,人际交往好复杂 感觉好累 希望明天会更好
S000407,2025-09-01 00:39:00,树洞,今天天气真好，心情也很棒！ #日常,positive,今天天气真好 心情也很棒
S000407,2025-09-28 20:12:00,校园论坛,室友今天生日，准备买个蛋糕。,neutral,室友今天生日 准备买个蛋糕
S000407,2025-10-09 14:24:00,校园论坛,天气预报说明天会下雨，记得带伞。,neutral,天气预报说明天会下雨 记得带伞
S000407,2025-10-29 06:07:00,校园论坛,今天上了三节课，分别是高数、英语和体育。 #记录,neutral,今天上了三节课 分别是高数 英语和体育
S000407,2025-11-02 15:35:00,匿名留言板,最近食欲不好，什么都不想吃。,negative,最近食欲不好 什么都不想吃
S000407,2025-11-23 00:19:00,校园论坛,明天有小组会议，要准备一下PPT。 #日常,neutral,明天有小组会议 要准备一下 ppt
S000408,2025-09-15 02:46:00,匿名留言板,解决了困扰我好久的问题，太开心了！ 加油！,positive,解决了困扰我好久的问题 太开心了 加油
S000408,2025-09-28 02:25:00,校园论坛,今天上了三节课，分别是高数、英语和体育。,neutral,今天上了三节课 分别是高数 英语和体育
S000408,2025-10-05 00:44:00,匿名留言板,最近压力好大，睡不着觉。 加油！,negative,最近压力好大 睡不着觉 加油
S000408,2025-10-05 06:15:00,校园论坛,今天上了三节课，分别是高数、英语和体育。 给自己加油！,neutral,今天上了三节课 分别是高数 英语和体育 给自己加油
S000408,2025-10-06 22:18:00,校园论坛,周末打算去超市买点日用品。 #日常,neutral,周末打算去超市买点日用品
S000408,2025-10-30 13:11:00,匿名留言板,图书馆二楼的自习室比较安静。,neutral,图书馆二楼的自习室比较安静
S000409,2025-09-07 09:23:00,树洞,完成了所有作业，可以好好休息一下了。 #记录,positive,完成了所有作业 可以好好休息一下了
S000409,2025-09-19 10:47:00,匿名留言板,手机内存不够了，需要清理一下。,neutral,手机内存不够了 需要清理一下
S000409,2025-10-18 14:22:00,匿名留言板,这周生活费还剩一半，需要省着点花。 给自己加油！,neutral,这周生活费还剩一半 需要省着点花 给自己加油
S000409,2025-11-03 21:34:00,匿名留言板,每天都很忙碌但又觉得没有意义...,negative,每天都很忙碌但又觉得没有意义
S000409,2025-11-09 05:23:00,匿名留言板,室友今天生日，准备买个蛋糕。 加油！,neutral,室友今天生日 准备买个蛋糕 加油
S000409,2025-11-12 13:35:00,匿名留言板,下周有社团活动，需要招募志愿者。,neutral,下周有社团活动 需要招募志愿者
S000410,2025-09-18 10:59:00,匿名留言板,最近总是莫名的焦虑不安。 #记录,negative,最近总是莫名的焦虑不安
S000410,2025-09-27 22:25:00,树洞,收到了好朋友的礼物，感动！,positive,收到了好朋友的礼物 感动
S000410,2025-10-14 17:40:00,校园论坛,天气预报说明天会下雨，记得带伞。 希望明天会更好,neutral,天气预报说明天会下雨 记得带伞 希望明天会更好
S000410,2025-11-09 01:33:00,树洞,今天天气真好，心情也很棒！ #日常,positive,今天天气真好 心情也很棒
S000410,2025-11-25 05:47:00,校园论坛,今天的阳光很温暖，适合出去走走。 #记录,positive,今天的阳光很温暖 适合出去走走
S000410,2025-11-27 05:56:00,校园论坛,天气凉爽，适合跑步，感觉状态很好。 给自己加油！,positive,天气凉爽 适合跑步 感觉状态很好 给自己加油
S000411,2025-09-20 22:57:00,匿名留言板,今天上了三节课，分别是高数、英语和体育。 分享给大家~,neutral,今天上了三节课 分别是高数 英语和体育 分享给大家
S000411,2025-10-08 03:13:00,校园论坛,和朋友们一起吃饭好开心呀！,positive,和朋友们一起吃饭好开心呀
S000411,2025-10-09 06:34:00,校园论坛,周末打算去超市买点日用品。,neutral,周末打算去超市买点日用品
S000411,2025-10-18 17:59:00,匿名留言板,人际交往好复杂，感觉好累。,negative,人际交往好复杂 感觉好累
S000411,2025-10-23 22:48:00,匿名留言板,今天作业不多，可以早点休息。 给自己加油！,neutral,今天作业不多 可以早点休息 给自己加油
S000411,2025-11-03 04:58:00,匿名留言板,和同学讨论问题很有收获，团队合作很重要。,positive,和同学讨论问题很有收获 团队合作很重要
S000412,2025-09-04 12:02:00,校园论坛,图书馆九点闭馆，需要早点去。 #记录,neutral,图书馆九点闭馆 需要早点去
S000412,2025-09-16 13:22:00,匿名留言板,今天上了三节课，分别是高数、英语和体育。 加油！,neutral,今天上了三节课 分别是高数 英语和体育 加油
S000412,2025-10-14 12:23:00,匿名留言板,收到了好朋友的礼物，感动！ 希望明天会更好,positive,收到了好朋友的礼物 感动 希望明天会更好
S000412,2025-10-15 00:16:00,匿名留言板,下节课换到了更大的教室。 分享给大家~,neutral,下节课换到了更大的教室 分享给大家
S000412,2025-10-25 22:37:00,校园论坛,室友今天生日，准备买个蛋糕。 给自己加油！,neutral,室友今天生日 准备买个蛋糕 给自己加油
S000412,2025-11-01 20:39:00,校园论坛,被同学误会了，解释也没人听...,negative,被同学误会了 解释也没人听
S000413,2025-09-07 08:37:00,校园论坛,天气凉爽，适合跑步，感觉状态很好。 #记录,positive,天气凉爽 适合跑步 感觉状态很好
S000413,2025-09-12 02:15:00,校园论坛,明天有小组会议，要准备一下PPT。 #记录,neutral,明天有小组会议 要准备一下 ppt
S000413,2025-09-24 14:17:00,匿名留言板,下节课换到了更大的教室。 分享给大家~,neutral,下节课换到了更大的教室 分享给大家
S000413,2025-10-14 07:38:00,校园论坛,食堂今天的菜色和昨天差不多。 #校园生活,neutral,食堂今天的菜色和昨天差不多
S000413,2025-11-15 21:49:00,校园论坛,天气凉爽，适合跑步，感觉状态很好。 #记录,positive,天气凉爽 适合跑步 感觉状态很好
S000413,2025-11-30 14:13:00,匿名留言板,明天有小组会议，要准备一下PPT。,neutral,明天有小组会议 要准备一下 ppt
S000414,2025-09-15 21:09:00,校园论坛,图书馆九点闭馆，需要早点去。,neutral,图书馆九点闭馆 需要早点去
S000414,2025-09-24 07:21:00,校园论坛,图书馆二楼的自习室比较安静。 #记录,neutral,图书馆二楼的自习室比较安静
S000414,2025-10-02 00:24:00,校园论坛,天气预报说明天会下雨，记得带伞。 #今天,neutral,天气预报说明天会下雨 记得带伞
S000414,2025-10-27 22:58:00,校园论坛,今天上课老师讲的内容很有趣，学到了很多新知识。,positive,今天上课老师讲的内容很有趣 学到了很多新知识
S000414,2025-10-28 09:54:00,校园论坛,和同学讨论问题很有收获，团队合作很重要。 希望明天会更好,positive,和同学讨论问题很有收获 团队合作很重要 希望明天会更好
S000414,2025-11-17 18:01:00,校园论坛,生活费快花完了，又不好意思向家里要... 加油！,negative,生活费快花完了 又不好意思向家里要 加油
S000415,2025-09-05 08:27:00,校园论坛,每天都很忙碌但又觉得没有意义...,negative,每天都很忙碌但又觉得没有意义
S000415,2025-09-18 03:01:00,匿名留言板,解决了困扰我好久的问题，太开心了！,positive,解决了困扰我好久的问题 太开心了
S000415,2025-10-04 21:22:00,树洞,论文写不出来，deadline又快到了。,negative,论文写不出来 又快到了 deadline
S000415,2025-10-28 21:34:00,校园论坛,期末复习太累了，脑子转不动。 #记录,negative,期末复习太累了 脑子转不动
S000415,2025-11-24 05:37:00,校园论坛,感觉和周围的人格格不入。,negative,感觉和周围的人格格不入
S000415,2025-11-30 16:57:00,校园论坛,电脑风扇声音很大，该清灰了。,neutral,电脑风扇声音很大 该清灰了
S000416,2025-09-19 09:08:00,校园论坛,下节课换到了更大的教室。,neutral,下节课换到了更大的教室
S000416,2025-10-09 04:20:00,校园论坛,下周有社团活动，需要招募志愿者。,neutral,下周有社团活动 需要招募志愿者
S000416,2025-10-31 15:30:00,匿名留言板,今天上课老师讲的内容很有趣，学到了很多新知识。 #今天,positive,今天上课老师讲的内容很有趣 学到了很多新知识
S000416,2025-11-05 00:07:00,匿名留言板,期末复习太累了，脑子转不动。 希望明天会更好,negative,期末复习太累了 脑子转不动 希望明天会更好
S000416,2025-11-05 04:55:00,树洞,下周有社团活动，需要招募志愿者。 分享给大家~,neutral,下周有社团活动 需要招募志愿者 分享给大家
S000416,2025-11-20 17:54:00,校园论坛,这周生活费还剩一半，需要省着点花。 给自己加油！,neutral,这周生活费还剩一半 需要省着点花 给自己加油
S000417,2025-09-10 13:38:00,校园论坛,和朋友们一起吃饭好开心呀！ 分享给大家~,positive,和朋友们一起吃饭好开心呀 分享给大家
S000417,2025-09-10 18:10:00,校园论坛,收到了好朋友的礼物，感动！ 给自己加油！,positive,收到了好朋友的礼物 感动 给自己加油
S000417,2025-09-29 08:26:00,树洞,收到了好朋友的礼物，感动！,positive,收到了好朋友的礼物 感动
S000417,2025-09-29 23:58:00,树洞,和新同学认识聊得很愉快，交到了新朋友。 分享给大家~,positive,和新同学认识聊得很愉快 交到了新朋友 分享给大家
S000417,2025-10-21 00:12:00,校园论坛,室友今天生日，准备买个蛋糕。 #今天,neutral,室友今天生日 准备买个蛋糕
S000417,2025-11-22 20:10:00,校园论坛,天气凉爽，适合跑步，感觉状态很好。 #日常,positive,天气凉爽 适合跑步 感觉状态很好
S000418,2025-09-09 08:40:00,匿名留言板,今天的午餐特别好吃，食堂阿姨太棒了！ #日常,positive,今天的午餐特别好吃 食堂阿姨太棒了
S000418,2025-09-12 22:31:00,匿名留言板,电脑风扇声音很大，该清灰了。 分享给大家~,neutral,电脑风扇声音很大 该清灰了 分享给大家
S000418,2025-09-19 20:02:00,校园论坛,人际交往好复杂，感觉好累。 #日常,negative,人际交往好复杂 感觉好累
S000418,2025-10-14 09:53:00,树洞,今天的课好难，完全听不懂。 #日常,negative,今天的课好难 完全听不懂
S000418,2025-10-31 16:31:00,匿名留言板,今天摔了一跤，膝盖好疼... 加油！,negative,今天摔了一跤 膝盖好疼 加油
S000418,2025-11-27 19:38:00,校园论坛,图书馆二楼的自习室比较安静。,neutral,图书馆二楼的自习室比较安静
S000419,2025-09-30 10:59:00,校园论坛,今天作业不多，可以早点休息。 希望明天会更好,neutral,今天作业不多 可以早点休息 希望明天会更好
S000419,2025-10-08 20:15:00,树洞,今天的阳光很温暖，适合出去走走。,positive,今天的阳光很温暖 适合出去走走
S000419,2025-10-10 06:52:00,校园论坛,每天都很忙碌但又觉得没有意义... #日常,negative,每天都很忙碌但又觉得没有意义
S000419,2025-10-12 06:51:00,校园论坛,论文写不出来，deadline又快到了。,negative,论文写不出来 又快到了 deadline
S000419,2025-10-25 21:42:00,树洞,和新同学认识聊得很愉快，交到了新朋友。,positive,和新同学认识聊得很愉快 交到了新朋友
S000419,2025-11-28 09:12:00,匿名留言板,室友今天生日，准备买个蛋糕。 加油！,neutral,室友今天生日 准备买个蛋糕 加油
S000420,2025-09-07 13:40:00,校园论坛,明天早八有课，要定闹钟了。,neutral,明天早八有课 要定闹钟了
S000420,2025-10-14 04:16:00,树洞,下个月有英语四级考试，要开始准备了。,neutral,下个月有英语四级考试 要开始准备了
S000420,2025-10-20 10:07:00,匿名留言板,运动完之后整个人都轻松了，强烈推荐大家多锻炼！ #校园生活,positive,运动完之后整个人都轻松了 强烈推荐大家多锻炼
S000420,2025-11-03 11:15:00,校园论坛,期末复习太累了，脑子转不动。 希望明天会更好,negative,期末复习太累了 脑子转不动 希望明天会更好
S000420,2025-11-10 12:00:00,校园论坛,今天的午餐特别好吃，食堂阿姨太棒了！ #记录,positive,今天的午餐特别好吃 食堂阿姨太棒了
S000420,2025-11-10 18:52:00,校园论坛,解决了困扰我好久的问题，太开心了！ #今天,positive,解决了困扰我好久的问题 太开心了
S000421,2025-09-07 01:54:00,匿名留言板,运动完之后整个人都轻松了，强烈推荐大家多锻炼！ 分享给大家~,positive,运动完之后整个人都轻松了 强烈推荐大家多锻炼 分享给大家
S000421,2025-09-17 03:59:00,校园论坛,手机内存不够了，需要清理一下。,neutral,手机内存不够了 需要清理一下
S000421,2025-10-05 17:22:00,匿名留言板,这周生活费还剩一半，需要省着点花。,neutral,这周生活费还剩一半 需要省着点花
S000421,2025-10-07 13:15:00,匿名留言板,和新同学认识聊得很愉快，交到了新朋友。 希望明天会更好,positive,和新同学认识聊得很愉快 交到了新朋友 希望明天会更好
S000421,2025-10-11 07:10:00,匿名留言板,下节课换到了更大的教室。,neutral,下节课换到了更大的教室
S000421,2025-11-24 18:03:00,匿名留言板,今天的阳光很温暖，适合出去走走。 希望明天会更好,positive,今天的阳光很温暖 适合出去走走 希望明天会更好
S000422,2025-09-03 05:05:00,树洞,连续几天失眠，白天没精神。 #日常,negative,连续几天失眠 白天没精神
S000422,2025-09-13 02:26:00,匿名留言板,今天食堂推出了新菜品，排队的人很多。,neutral,今天食堂推出了新菜品 排队的人很多
S000422,2025-09-16 03:15:00,校园论坛,今天作业不多，可以早点休息。,neutral,今天作业不多 可以早点休息
S000422,2025-09-22 05:58:00,校园论坛,运动完之后整个人都轻松了，强烈推荐大家多锻炼！,positive,运动完之后整个人都轻松了 强烈推荐大家多锻炼
S000422,2025-10-10 13:37:00,校园论坛,下节课换到了更大的教室。 #记录,neutral,下节课换到了更大的教室
S000422,2025-10-20 19:48:00,校园论坛,感觉和周围的人格格不入。 #日常,negative,感觉和周围的人格格不入
S000423,2025-09-19 22:04:00,匿名留言板,下节课换到了更大的教室。,neutral,下节课换到了更大的教室
S000423,2025-09-27 06:20:00,匿名留言板,期末复习太累了，脑子转不动。,negative,期末复习太累了 脑子转不动
S000423,2025-09-30 12:38:00,树洞,今天上了三节课，分别是高数、英语和体育。 给自己加油！,neutral,今天上了三节课 分别是高数 英语和体育 给自己加油
S000423,2025-10-02 20:44:00,匿名留言板,今天天气真好，心情也很棒！ #今天,positive,今天天气真好 心情也很棒
S000423,2025-11-03 16:39:00,校园论坛,最近总是莫名的焦虑不安。 希望明天会更好,negative,最近总是莫名的焦虑不安 希望明天会更好
S000423,2025-11-26 15:27:00,校园论坛,耳机丢了，最近只能外放了。 #校园生活,neutral,耳机丢了 最近只能外放了
S000424,2025-09-12 19:44:00,匿名留言板,期末复习太累了，脑子转不动。,negative,期末复习太累了 脑子转不动
S000424,2025-09-29 18:41:00,树洞,论文写不出来，deadline又快到了。,negative,论文写不出来 又快到了 deadline
S000424,2025-10-03 11:14:00,校园论坛,今天的午餐特别好吃，食堂阿姨太棒了！ #记录,positive,今天的午餐特别好吃 食堂阿姨太棒了
S000424,2025-10-03 14:09:00,树洞,收到了好朋友的礼物，感动！ #日常,positive,收到了好朋友的礼物 感动
S000424,2025-10-17 12:01:00,校园论坛,最近总是莫名的焦虑不安。 #今天,negative,最近总是莫名的焦虑不安
S000424,2025-10-19 11:03:00,树洞,图书馆九点闭馆，需要早点去。 加油！,neutral,图书馆九点闭馆 需要早点去 加油
S000425,2025-09-09 03:17:00,校园论坛,天气预报说明天会下雨，记得带伞。 分享给大家~,neutral,天气预报说明天会下雨 记得带伞 分享给大家
S000425,2025-09-12 19:03:00,匿名留言板,今天和室友闹矛盾了，心情很差。 #日常,negative,今天和室友闹矛盾了 心情很差
S000425,2025-09-24 07:26:00,校园论坛,论文写不出来，deadline又快到了。,negative,论文写不出来 又快到了 deadline
S000425,2025-09-24 07:50:00,匿名留言板,今天上课老师讲的内容很有趣，学到了很多新知识。 #日常,positive,今天上课老师讲的内容很有趣 学到了很多新知识
S000425,2025-10-25 05:15:00,匿名留言板,周末和室友一起去看了电影，很放松！ 希望明天会更好,positive,周末和室友一起去看了电影 很放松 希望明天会更好
S000425,2025-10-30 17:48:00,匿名留言板,今天和室友闹矛盾了，心情很差。,negative,今天和室友闹矛盾了 心情很差
S000426,2025-09-03 16:32:00,校园论坛,下节课换到了更大的教室。,neutral,下节课换到了更大的教室
S000426,2025-10-06 14:15:00,校园论坛,感觉好孤独，没有人理解我... 加油！,negative,感觉好孤独 没有人理解我 加油
S000426,2025-10-22 16:29:00,匿名留言板,耳机丢了，最近只能外放了。 #校园生活,neutral,耳机丢了 最近只能外放了
S000426,2025-10-29 16:51:00,匿名留言板,人际交往好复杂，感觉好累。 分享给大家~,negative,人际交往好复杂 感觉好累 分享给大家
S000426,2025-10-31 04:54:00,匿名留言板,和新同学认识聊得很愉快，交到了新朋友。 #校园生活,positive,和新同学认识聊得很愉快 交到了新朋友
S000426,2025-11-21 19:48:00,校园论坛,图书馆的氛围很好，学习效率很高。,positive,图书馆的氛围很好 学习效率很高
S000427,2025-09-22 16:54:00,校园论坛,考试没考好，心情很低落...,negative,考试没考好 心情很低落
S000427,2025-10-18 00:20:00,校园论坛,今天感觉好累，什么都不想做。,negative,今天感觉好累 什么都不想做
S000427,2025-10-18 09:07:00,校园论坛,手机内存不够了，需要清理一下。 #今天,neutral,手机内存不够了 需要清理一下
S000427,2025-10-21 07:09:00,校园论坛,完成了一个月的早起打卡计划，坚持就是胜利！ #记录,positive,完成了一个月的早起打卡计划 坚持就是胜利
S000427,2025-11-13 22:53:00,树洞,下个月有英语四级考试，要开始准备了。 分享给大家~,neutral,下个月有英语四级考试 要开始准备了 分享给大家
S000427,2025-11-21 04:28:00,匿名留言板,这周生活费还剩一半，需要省着点花。 给自己加油！,neutral,这周生活费还剩一半 需要省着点花 给自己加油
S000428,2025-09-07 07:09:00,校园论坛,明天有小组会议，要准备一下PPT。 #日常,neutral,明天有小组会议 要准备一下 ppt
S000428,2025-09-25 09:59:00,校园论坛,今天感觉好累，什么都不想做。,negative,今天感觉好累 什么都不想做
S000428,2025-10-15 14:58:00,匿名留言板,每天都很忙碌但又觉得没有意义...,negative,每天都很忙碌但又觉得没有意义
S000428,2025-10-16 16:35:00,校园论坛,被同学误会了，解释也没人听...,negative,被同学误会了 解释也没人听
S000428,2025-10-22 14:45:00,校园论坛,感觉自己什么都做不好，好失败... #记录,negative,感觉自己什么都做不好 好失败
S000428,2025-11-11 08:03:00,匿名留言板,周末和室友一起去看了电影，很放松！ 给自己加油！,positive,周末和室友一起去看了电影 很放松 给自己加油
S000429,2025-09-04 14:25:00,校园论坛,连续几天失眠，白天没精神。 #记录,negative,连续几天失眠 白天没精神
S000429,2025-09-26 02:39:00,校园论坛,人际交往好复杂，感觉好累。,negative,人际交往好复杂 感觉好累
S000429,2025-10-12 09:23:00,校园论坛,天气凉爽，适合跑步，感觉状态很好。 希望明天会更好,positive,天气凉爽 适合跑步 感觉状态很好 希望明天会更好
S000429,2025-10-27 15:27:00,匿名留言板,食堂今天的菜色和昨天差不多。 给自己加油！,neutral,食堂今天的菜色和昨天差不多 给自己加油
S000429,2025-10-27 23:46:00,匿名留言板,这周生活费还剩一半，需要省着点花。,neutral,这周生活费还剩一半 需要省着点花
S000429,2025-11-12 16:04:00,校园论坛,这周生活费还剩一半，需要省着点花。 #今天,neutral,这周生活费还剩一半 需要省着点花
S000430,2025-09-20 13:35:00,树洞,感觉自己什么都做不好，好失败...,negative,感觉自己什么都做不好 好失败
S000430,2025-09-21 01:16:00,校园论坛,图书馆九点闭馆，需要早点去。,neutral,图书馆九点闭馆 需要早点去
S000430,2025-09-22 21:31:00,匿名留言板,今天尝试了一道新菜，很成功！ #校园生活,positive,今天尝试了一道新菜 很成功
S000430,2025-10-09 00:08:00,校园论坛,解决了困扰我好久的问题，太开心了！,positive,解决了困扰我好久的问题 太开心了
S000430,2025-10-18 15:16:00,校园论坛,感觉和周围的人格格不入。 加油！,negative,感觉和周围的人格格不入 加油
S000430,2025-11-25 10:33:00,匿名留言板,解决了困扰我好久的问题，太开心了！ 分享给大家~,positive,解决了困扰我好久的问题 太开心了 分享给大家
S000431,2025-09-29 07:29:00,匿名留言板,明天有小组会议，要准备一下PPT。 加油！,neutral,明天有小组会议 要准备一下 加油 ppt
S000431,2025-10-02 05:39:00,树洞,最近压力好大，睡不着觉。 #校园生活,negative,最近压力好大 睡不着觉
S000431,2025-10-09 08:06:00,树洞,电脑风扇声音很大，该清灰了。,neutral,电脑风扇声音很大 该清灰了
S000431,2025-10-17 13:47:00,校园论坛,今天摔了一跤，膝盖好疼... #校园生活,negative,今天摔了一跤 膝盖好疼
S000431,2025-11-05 09:31:00,树洞,下节课换到了更大的教室。,neutral,下节课换到了更大的教室
S000431,2025-11-16 07:14:00,校园论坛,手机内存不够了，需要清理一下。 #记录,neutral,手机内存不够了 需要清理一下
S000432,2025-09-04 10:23:00,树洞,完成了一个月的早起打卡计划，坚持就是胜利！ #记录,positive,完成了一个月的早起打卡计划 坚持就是胜利
S000432,2025-09-08 13:25:00,校园论坛,这周生活费还剩一半，需要省着点花。 #今天,neutral,这周生活费还剩一半 需要省着点花
S000432,2025-09-11 03:05:00,匿名留言板,今天天气真好，心情也很棒！,positive,今天天气真好 心情也很棒
S000432,2025-11-02 12:37:00,校园论坛,收到了好朋友的礼物，感动！,positive,收到了好朋友的礼物 感动
S000432,2025-11-03 02:59:00,校园论坛,这周生活费还剩一半，需要省着点花。,neutral,这周生活费还剩一半 需要省着点花
S000432,2025-11-18 05:21:00,校园论坛,今天的阳光很温暖，适合出去走走。 希望明天会更好,positive,今天的阳光很温暖 适合出去走走 希望明天会更好
S000433,2025-09-23 01:08:00,匿名留言板,完成了所有作业，可以好好休息一下了。 给自己加油！,positive,完成了所有作业 可以好好休息一下了 给自己加油
S000433,2025-09-25 05:57:00,校园论坛,被同学误会了，解释也没人听...,negative,被同学误会了 解释也没人听
S000433,2025-10-08 19:53:00,校园论坛,连续几天失眠，白天没精神。 #日常,negative,连续几天失眠 白天没精神
S000433,2025-10-13 03:02:00,匿名留言板,图书馆九点闭馆，需要早点去。,neutral,图书馆九点闭馆 需要早点去
S000433,2025-10-30 19:54:00,校园论坛,天气凉爽，适合跑步，感觉状态很好。,positive,天气凉爽 适合跑步 感觉状态很好
S000433,2025-11-29 11:42:00,树洞,考试没考好，心情很低落...,negative,考试没考好 心情很低落
S000434,2025-09-16 04:06:00,匿名留言板,这周生活费还剩一半，需要省着点花。,neutral,这周生活费还剩一半 需要省着点花
S000434,2025-09-29 22:18:00,校园论坛,今天的阳光很温暖，适合出去走走。 给自己加油！,positive,今天的阳光很温暖 适合出去走走 给自己加油
S000434,2025-10-01 14:09:00,校园论坛,食堂今天的菜色和昨天差不多。,neutral,食堂今天的菜色和昨天差不多
S000434,2025-10-07 10:44:00,校园论坛,最近食欲不好，什么都不想吃。 加油！,negative,最近食欲不好 什么都不想吃 加油
S000434,2025-10-22 13:51:00,校园论坛,学校最近在举办运动会报名。 给自己加油！,neutral,学校最近在举办运动会报名 给自己加油
S000434,2025-10-31 14:22:00,匿名留言板,学校最近在举办运动会报名。 #日常,neutral,学校最近在举办运动会报名
S000435,2025-09-24 00:55:00,校园论坛,下个月有英语四级考试，要开始准备了。 #今天,neutral,下个月有英语四级考试 要开始准备了
S000435,2025-09-25 11:04:00,校园论坛,今天的午餐特别好吃，食堂阿姨太棒了！ #今天,positive,今天的午餐特别好吃 食堂阿姨太棒了
S000435,2025-10-12 23:45:00,树洞,今天的课好难，完全听不懂。 希望明天会更好,negative,今天的课好难 完全听不懂 希望明天会更好
S000435,2025-10-23 03:59:00,匿名留言板,电脑风扇声音很大，该清灰了。 加油！,neutral,电脑风扇声音很大 该清灰了 加油
S000435,2025-11-03 14:42:00,校园论坛,快递到了，要去菜鸟驿站取。 #记录,neutral,快递到了 要去菜鸟驿站取
S000435,2025-11-30 06:57:00,校园论坛,考试没考好，心情很低落... #校园生活,negative,考试没考好 心情很低落
S000436,2025-09-06 14:46:00,树洞,想家了，好想回家... 分享给大家~,negative,想家了 好想回家 分享给大家
S000436,2025-10-06 06:46:00,匿名留言板,考试终于结束了，感觉发挥得不错！,positive,考试终于结束了 感觉发挥得不错
S000436,2025-10-13 04:02:00,匿名留言板,今天作业不多，可以早点休息。 分享给大家~,neutral,今天作业不多 可以早点休息 分享给大家
S000436,2025-10-14 19:23:00,匿名留言板,感觉好孤独，没有人理解我... #记录,negative,感觉好孤独 没有人理解我
S000436,2025-11-04 06:13:00,匿名留言板,天气凉爽，适合跑步，感觉状态很好。 #日常,positive,天气凉爽 适合跑步 感觉状态很好
S000436,2025-11-07 18:39:00,匿名留言板,周末打算去超市买点日用品。 #今天,neutral,周末打算去超市买点日用品
S000437,2025-09-09 15:53:00,匿名留言板,今天食堂推出了新菜品，排队的人很多。 希望明天会更好,neutral,今天食堂推出了新菜品 排队的人很多 希望明天会更好
S000437,2025-09-30 01:14:00,校园论坛,今天食堂推出了新菜品，排队的人很多。,neutral,今天食堂推出了新菜品 排队的人很多
S000437,2025-09-30 21:57:00,校园论坛,人际交往好复杂，感觉好累。 #日常,negative,人际交往好复杂 感觉好累
S000437,2025-10-11 18:14:00,树洞,想家了，好想回家... 给自己加油！,negative,想家了 好想回家 给自己加油
S000437,2025-10-26 01:04:00,树洞,下个月有英语四级考试，要开始准备了。 分享给大家~,neutral,下个月有英语四级考试 要开始准备了 分享给大家
S000437,2025-10-29 01:18:00,匿名留言板,每天都很忙碌但又觉得没有意义... 希望明天会更好,negative,每天都很忙碌但又觉得没有意义 希望明天会更好
S000438,2025-09-02 21:27:00,校园论坛,完成了一个月的早起打卡计划，坚持就是胜利！ #记录,positive,完成了一个月的早起打卡计划 坚持就是胜利
S000438,2025-09-17 23:46:00,校园论坛,和同学讨论问题很有收获，团队合作很重要。 给自己加油！,positive,和同学讨论问题很有收获 团队合作很重要 给自己加油
S000438,2025-09-21 13:13:00,匿名留言板,室友今天生日，准备买个蛋糕。,neutral,室友今天生日 准备买个蛋糕
S000438,2025-10-01 12:35:00,匿名留言板,天气预报说明天会下雨，记得带伞。 分享给大家~,neutral,天气预报说明天会下雨 记得带伞 分享给大家
S000438,2025-11-03 18:13:00,匿名留言板,感觉和周围的人格格不入。 #日常,negative,感觉和周围的人格格不入
S000438,2025-11-09 13:01:00,匿名留言板,想家了，好想回家... 希望明天会更好,negative,想家了 好想回家 希望明天会更好
S000439,2025-09-16 00:15:00,校园论坛,今天的午餐特别好吃，食堂阿姨太棒了！,positive,今天的午餐特别好吃 食堂阿姨太棒了
S000439,2025-10-07 09:34:00,树洞,图书馆九点闭馆，需要早点去。,neutral,图书馆九点闭馆 需要早点去
S000439,2025-10-16 05:24:00,匿名留言板,电脑风扇声音很大，该清灰了。 #日常,neutral,电脑风扇声音很大 该清灰了
S000439,2025-10-28 10:07:00,匿名留言板,感觉和周围的人格格不入。 #记录,negative,感觉和周围的人格格不入
S000439,2025-11-01 21:39:00,匿名留言板,和朋友们一起吃饭好开心呀！ #校园生活,positive,和朋友们一起吃饭好开心呀
S000439,2025-11-19 02:04:00,匿名留言板,今天的阳光很温暖，适合出去走走。,positive,今天的阳光很温暖 适合出去走走
S000440,2025-09-26 01:02:00,校园论坛,今天感觉好累，什么都不想做。 希望明天会更好,negative,今天感觉好累 什么都不想做 希望明天会更好
S000440,2025-10-20 13:06:00,校园论坛,下节课换到了更大的教室。,neutral,下节课换到了更大的教室
S000440,2025-11-19 20:30:00,校园论坛,图书馆九点闭馆，需要早点去。 加油！,neutral,图书馆九点闭馆 需要早点去 加油
S000440,2025-11-24 15:35:00,匿名留言板,下节课换到了更大的教室。 #校园生活,neutral,下节课换到了更大的教室
S000440,2025-11-25 11:41:00,树洞,今天感觉好累，什么都不想做。 #校园生活,negative,今天感觉好累 什么都不想做
S000440,2025-11-28 17:12:00,校园论坛,生活费快花完了，又不好意思向家里要...,negative,生活费快花完了 又不好意思向家里要
S000441,2025-09-11 04:53:00,匿名留言板,天气凉爽，适合跑步，感觉状态很好。 分享给大家~,positive,天气凉爽 适合跑步 感觉状态很好 分享给大家
S000441,2025-09-16 19:51:00,校园论坛,今天的阳光很温暖，适合出去走走。,positive,今天的阳光很温暖 适合出去走走
S000441,2025-09-18 22:16:00,校园论坛,这周生活费还剩一半，需要省着点花。 #日常,neutral,这周生活费还剩一半 需要省着点花
S000441,2025-10-23 02:33:00,匿名留言板,被同学误会了，解释也没人听... #日常,negative,被同学误会了 解释也没人听
S000441,2025-10-25 09:02:00,匿名留言板,食堂今天的菜色和昨天差不多。 #日常,neutral,食堂今天的菜色和昨天差不多
S000441,2025-11-15 04:30:00,匿名留言板,感觉和周围的人格格不入。 加油！,negative,感觉和周围的人格格不入 加油
S000442,2025-09-11 07:03:00,树洞,今天被老师表扬了，有点小骄傲！ 分享给大家~,positive,今天被老师表扬了 有点小骄傲 分享给大家
S000442,2025-09-11 22:35:00,树洞,电脑风扇声音很大，该清灰了。 #日常,neutral,电脑风扇声音很大 该清灰了
S000442,2025-09-18 16:38:00,校园论坛,感觉好孤独，没有人理解我... #校园生活,negative,感觉好孤独 没有人理解我
S000442,2025-10-04 10:20:00,校园论坛,天气预报说明天会下雨，记得带伞。 希望明天会更好,neutral,天气预报说明天会下雨 记得带伞 希望明天会更好
S000442,2025-10-23 00:01:00,匿名留言板,快递到了，要去菜鸟驿站取。,neutral,快递到了 要去菜鸟驿站取
S000442,2025-11-24 09:06:00,树洞,食堂今天的菜色和昨天差不多。 #日常,neutral,食堂今天的菜色和昨天差不多
S000443,2025-10-02 02:21:00,树洞,解决了困扰我好久的问题，太开心了！ 加油！,positive,解决了困扰我好久的问题 太开心了 加油
S000443,2025-10-22 17:06:00,树洞,解决了困扰我好久的问题，太开心了！ 分享给大家~,positive,解决了困扰我好久的问题 太开心了 分享给大家
S000443,2025-10-24 02:42:00,校园论坛,考试没考好，心情很低落...,negative,考试没考好 心情很低落
S000443,2025-11-15 00:06:00,树洞,食堂今天的菜色和昨天差不多。 #记录,neutral,食堂今天的菜色和昨天差不多
S000443,2025-11-20 00:30:00,匿名留言板,收到了心仪公司的offer，太激动了！,positive,收到了心仪公司的 太激动了 offer
S000443,2025-11-27 16:15:00,匿名留言板,今天上了三节课，分别是高数、英语和体育。 给自己加油！,neutral,今天上了三节课 分别是高数 英语和体育 给自己加油
S000444,2025-09-08 13:13:00,树洞,下节课换到了更大的教室。,neutral,下节课换到了更大的教室
S000444,2025-10-03 22:08:00,树洞,今天摔了一跤，膝盖好疼...,negative,今天摔了一跤 膝盖好疼
S000444,2025-10-05 18:50:00,匿名留言板,周末打算去超市买点日用品。 #记录,neutral,周末打算去超市买点日用品
S000444,2025-10-07 08:15:00,校园论坛,明天有小组会议，要准备一下PPT。 加油！,neutral,明天有小组会议 要准备一下 加油 ppt
S000444,2025-10-08 11:08:00,树洞,今天摔了一跤，膝盖好疼... #今天,negative,今天摔了一跤 膝盖好疼
S000444,2025-11-22 19:31:00,匿名留言板,运动完之后整个人都轻松了，强烈推荐大家多锻炼！ #今天,positive,运动完之后整个人都轻松了 强烈推荐大家多锻炼
S000445,2025-09-10 21:25:00,树洞,周末和室友一起去看了电影，很放松！ #日常,positive,周末和室友一起去看了电影 很放松
S000445,2025-09-14 10:13:00,匿名留言板,对未来很迷茫，不知道该怎么办。 加油！,negative,对未来很迷茫 不知道该怎么办 加油
S000445,2025-09-16 11:20:00,匿名留言板,下节课换到了更大的教室。 给自己加油！,neutral,下节课换到了更大的教室 给自己加油
S000445,2025-10-02 04:45:00,校园论坛,完成了一个月的早起打卡计划，坚持就是胜利！ 加油！,positive,完成了一个月的早起打卡计划 坚持就是胜利 加油
S000445,2025-10-06 14:42:00,校园论坛,收到了心仪公司的offer，太激动了！,positive,收到了心仪公司的 太激动了 offer
S000445,2025-11-13 00:41:00,校园论坛,运动完之后整个人都轻松了，强烈推荐大家多锻炼！ 加油！,positive,运动完之后整个人都轻松了 强烈推荐大家多锻炼 加油
S000446,2025-09-08 23:29:00,校园论坛,感觉自己什么都做不好，好失败... #今天,negative,感觉自己什么都做不好 好失败
S000446,2025-09-25 21:54:00,校园论坛,今天作业不多，可以早点休息。 #记录,neutral,今天作业不多 可以早点休息
S000446,2025-09-26 22:55:00,校园论坛,小组项目进展顺利，大家配合得很好。 #今天,positive,小组项目进展顺利 大家配合得很好
S000446,2025-10-06 13:03:00,校园论坛,收到了好朋友的礼物，感动！ #记录,positive,收到了好朋友的礼物 感动
S000446,2025-10-07 04:18:00,校园论坛,收到了好朋友的礼物，感动！,positive,收到了好朋友的礼物 感动
S000446,2025-11-07 02:37:00,校园论坛,想家了，好想回家... 给自己加油！,negative,想家了 好想回家 给自己加油
S000447,2025-10-07 08:51:00,匿名留言板,今天被老师表扬了，有点小骄傲！ 希望明天会更好,positive,今天被老师表扬了 有点小骄傲 希望明天会更好
S000447,2025-10-10 23:25:00,校园论坛,解决了困扰我好久的问题，太开心了！,positive,解决了困扰我好久的问题 太开心了
S000447,2025-10-18 16:16:00,匿名留言板,下个月有英语四级考试，要开始准备了。 给自己加油！,neutral,下个月有英语四级考试 要开始准备了 给自己加油
S000447,2025-10-20 07:35:00,校园论坛,对未来很迷茫，不知道该怎么办。,negative,对未来很迷茫 不知道该怎么办
S000447,2025-11-01 07:28:00,匿名留言板,今天上了三节课，分别是高数、英语和体育。,neutral,今天上了三节课 分别是高数 英语和体育
S000447,2025-11-07 05:40:00,校园论坛,论文写不出来，deadline又快到了。,negative,论文写不出来 又快到了 deadline
S000448,2025-09-01 15:12:00,匿名留言板,和同学讨论问题很有收获，团队合作很重要。 加油！,positive,和同学讨论问题很有收获 团队合作很重要 加油
S000448,2025-09-03 10:49:00,匿名留言板,电脑风扇声音很大，该清灰了。 #今天,neutral,电脑风扇声音很大 该清灰了
S000448,2025-10-02 10:02:00,匿名留言板,室友今天生日，准备买个蛋糕。 #记录,neutral,室友今天生日 准备买个蛋糕
S000448,2025-10-03 22:51:00,校园论坛,周末和室友一起去看了电影，很放松！ 给自己加油！,positive,周末和室友一起去看了电影 很放松 给自己加油
S000448,2025-11-08 10:31:00,匿名留言板,今天被老师表扬了，有点小骄傲！,positive,今天被老师表扬了 有点小骄傲
S000448,2025-11-17 18:36:00,匿名留言板,人际交往好复杂，感觉好累。 #记录,negative,人际交往好复杂 感觉好累
S000449,2025-09-12 10:59:00,树洞,运动完之后整个人都轻松了，强烈推荐大家多锻炼！,positive,运动完之后整个人都轻松了 强烈推荐大家多锻炼
S000449,2025-09-14 18:57:00,校园论坛,收到了好朋友的礼物，感动！,positive,收到了好朋友的礼物 感动
S000449,2025-09-29 23:13:00,校园论坛,运动完之后整个人都轻松了，强烈推荐大家多锻炼！,positive,运动完之后整个人都轻松了 强烈推荐大家多锻炼
S000449,2025-10-23 17:47:00,匿名留言板,今天被老师表扬了，有点小骄傲！ #记录,positive,今天被老师表扬了 有点小骄傲
S000449,2025-11-15 13:07:00,树洞,图书馆二楼的自习室比较安静。 #记录,neutral,图书馆二楼的自习室比较安静
S000449,2025-11-16 17:47:00,校园论坛,今天作业不多，可以早点休息。,neutral,今天作业不多 可以早点休息
S000450,2025-09-23 06:52:00,校园论坛,收到了心仪公司的offer，太激动了！ #日常,positive,收到了心仪公司的 太激动了 offer
S000450,2025-09-28 13:56:00,匿名留言板,最近压力好大，睡不着觉。 分享给大家~,negative,最近压力好大 睡不着觉 分享给大家
S000450,2025-10-06 17:10:00,树洞,今天上了三节课，分别是高数、英语和体育。 #记录,neutral,今天上了三节课 分别是高数 英语和体育
S000450,2025-11-11 22:10:00,匿名留言板,运动完之后整个人都轻松了，强烈推荐大家多锻炼！ 给自己加油！,positive,运动完之后整个人都轻松了 强烈推荐大家多锻炼 给自己加油
S000450,2025-11-13 08:00:00,匿名留言板,生活费快花完了，又不好意思向家里要... #校园生活,negative,生活费快花完了 又不好意思向家里要
S000450,2025-11-25 08:12:00,匿名留言板,今天上课老师讲的内容很有趣，学到了很多新知识。,positive,今天上课老师讲的内容很有趣 学到了很多新知识
S000451,2025-09-21 06:04:00,校园论坛,运动完之后整个人都轻松了，强烈推荐大家多锻炼！ #今天,positive,运动完之后整个人都轻松了 强烈推荐大家多锻炼
S000451,2025-09-22 08:45:00,匿名留言板,感觉和周围的人格格不入。 给自己加油！,negative,感觉和周围的人格格不入 给自己加油
S000451,2025-09-27 11:40:00,校园论坛,学校最近在举办运动会报名。 给自己加油！,neutral,学校最近在举办运动会报名 给自己加油
S000451,2025-10-18 01:34:00,校园论坛,收到了好朋友的礼物，感动！,positive,收到了好朋友的礼物 感动
S000451,2025-11-24 14:14:00,匿名留言板,食堂今天的菜色和昨天差不多。,neutral,食堂今天的菜色和昨天差不多
S000451,2025-11-28 02:53:00,校园论坛,下周有社团活动，需要招募志愿者。 #今天,neutral,下周有社团活动 需要招募志愿者
S000452,2025-09-17 01:14:00,匿名留言板,电脑风扇声音很大，该清灰了。,neutral,电脑风扇声音很大 该清灰了
S000452,2025-10-04 19:13:00,校园论坛,今天上了三节课，分别是高数、英语和体育。,neutral,今天上了三节课 分别是高数 英语和体育
S000452,2025-10-19 17:29:00,匿名留言板,图书馆二楼的自习室比较安静。,neutral,图书馆二楼的自习室比较安静
S000452,2025-10-21 20:37:00,匿名留言板,这周生活费还剩一半，需要省着点花。,neutral,这周生活费还剩一半 需要省着点花
S000452,2025-11-12 06:28:00,校园论坛,连续几天失眠，白天没精神。 #记录,negative,连续几天失眠 白天没精神
S000452,2025-11-15 18:21:00,匿名留言板,天气预报说明天会下雨，记得带伞。 希望明天会更好,neutral,天气预报说明天会下雨 记得带伞 希望明天会更好
S000453,2025-09-11 23:48:00,校园论坛,今天和室友闹矛盾了，心情很差。 给自己加油！,negative,今天和室友闹矛盾了 心情很差 给自己加油
S000453,2025-09-12 08:16:00,校园论坛,对未来很迷茫，不知道该怎么办。,negative,对未来很迷茫 不知道该怎么办
S000453,2025-11-02 06:08:00,匿名留言板,今天作业不多，可以早点休息。 加油！,neutral,今天作业不多 可以早点休息 加油
S000453,2025-11-06 04:39:00,匿名留言板,每天都很忙碌但又觉得没有意义... 加油！,negative,每天都很忙碌但又觉得没有意义 加油
S000453,2025-11-08 07:51:00,树洞,考试终于结束了，感觉发挥得不错！ 分享给大家~,positive,考试终于结束了 感觉发挥得不错 分享给大家
S000453,2025-11-09 02:15:00,匿名留言板,最近压力好大，睡不着觉。 #校园生活,negative,最近压力好大 睡不着觉
S000454,2025-09-04 02:20:00,校园论坛,解决了困扰我好久的问题，太开心了！,positive,解决了困扰我好久的问题 太开心了
S000454,2025-09-11 17:52:00,校园论坛,解决了困扰我好久的问题，太开心了！ 分享给大家~,positive,解决了困扰我好久的问题 太开心了 分享给大家
S000454,2025-09-25 15:51:00,校园论坛,今天被老师表扬了，有点小骄傲！ 给自己加油！,positive,今天被老师表扬了 有点小骄傲 给自己加油
S000454,2025-10-14 00:02:00,匿名留言板,今天上了三节课，分别是高数、英语和体育。 给自己加油！,neutral,今天上了三节课 分别是高数 英语和体育 给自己加油
S000454,2025-11-20 23:38:00,校园论坛,收到了心仪公司的offer，太激动了！ #校园生活,positive,收到了心仪公司的 太激动了 offer
S000454,2025-11-26 03:50:00,校园论坛,学校最近在举办运动会报名。 #日常,neutral,学校最近在举办运动会报名
S000455,2025-10-04 07:24:00,校园论坛,今天的课好难，完全听不懂。,negative,今天的课好难 完全听不懂
S000455,2025-10-07 16:39:00,校园论坛,快递到了，要去菜鸟驿站取。 #今天,neutral,快递到了 要去菜鸟驿站取
S000455,2025-10-23 04:51:00,校园论坛,完成了一个月的早起打卡计划，坚持就是胜利！ #校园生活,positive,完成了一个月的早起打卡计划 坚持就是胜利
S000455,2025-11-02 16:58:00,树洞,这周生活费还剩一半，需要省着点花。,neutral,这周生活费还剩一半 需要省着点花
S000455,2025-11-04 13:29:00,校园论坛,和新同学认识聊得很愉快，交到了新朋友。,positive,和新同学认识聊得很愉快 交到了新朋友
S000455,2025-11-06 08:33:00,校园论坛,图书馆的氛围很好，学习效率很高。 希望明天会更好,positive,图书馆的氛围很好 学习效率很高 希望明天会更好
S000456,2025-09-03 19:49:00,校园论坛,耳机丢了，最近只能外放了。,neutral,耳机丢了 最近只能外放了
S000456,2025-09-07 11:19:00,匿名留言板,图书馆二楼的自习室比较安静。 #今天,neutral,图书馆二楼的自习室比较安静
S000456,2025-09-08 08:51:00,校园论坛,运动完之后整个人都轻松了，强烈推荐大家多锻炼！ #今天,positive,运动完之后整个人都轻松了 强烈推荐大家多锻炼
S000456,2025-10-23 19:54:00,校园论坛,今天食堂推出了新菜品，排队的人很多。 希望明天会更好,neutral,今天食堂推出了新菜品 排队的人很多 希望明天会更好
S000456,2025-11-07 03:56:00,校园论坛,论文写不出来，deadline又快到了。 加油！,negative,论文写不出来 又快到了 加油 deadline
S000456,2025-11-10 22:02:00,校园论坛,食堂今天的菜色和昨天差不多。 #今天,neutral,食堂今天的菜色和昨天差不多
S000457,2025-10-22 08:15:00,匿名留言板,和朋友们一起吃饭好开心呀！,positive,和朋友们一起吃饭好开心呀
S000457,2025-10-24 22:08:00,校园论坛,论文写不出来，deadline又快到了。 #今天,negative,论文写不出来 又快到了 deadline
S000457,2025-11-03 07:33:00,匿名留言板,周末和室友一起去看了电影，很放松！ 分享给大家~,positive,周末和室友一起去看了电影 很放松 分享给大家
S000457,2025-11-19 21:18:00,匿名留言板,耳机丢了，最近只能外放了。 希望明天会更好,neutral,耳机丢了 最近只能外放了 希望明天会更好
S000457,2025-11-20 23:16:00,树洞,天气预报说明天会下雨，记得带伞。 分享给大家~,neutral,天气预报说明天会下雨 记得带伞 分享给大家
S000457,2025-11-25 23:19:00,校园论坛,今天和室友闹矛盾了，心情很差。,negative,今天和室友闹矛盾了 心情很差
S000458,2025-09-06 05:25:00,匿名留言板,室友今天生日，准备买个蛋糕。 #校园生活,neutral,室友今天生日 准备买个蛋糕
S000458,2025-09-24 09:12:00,校园论坛,今天上了三节课，分别是高数、英语和体育。 给自己加油！,neutral,今天上了三节课 分别是高数 英语和体育 给自己加油
S000458,2025-10-10 08:05:00,校园论坛,考试没考好，心情很低落... #今天,negative,考试没考好 心情很低落
S000458,2025-10-19 09:26:00,匿名留言板,学校最近在举办运动会报名。 分享给大家~,neutral,学校最近在举办运动会报名 分享给大家
S000458,2025-11-07 16:58:00,校园论坛,今天作业不多，可以早点休息。 加油！,neutral,今天作业不多 可以早点休息 加油
S000458,2025-11-20 12:10:00,树洞,生活费快花完了，又不好意思向家里要... #日常,negative,生活费快花完了 又不好意思向家里要
S000459,2025-09-05 09:43:00,校园论坛,学校最近在举办运动会报名。,neutral,学校最近在举办运动会报名
S000459,2025-09-12 03:45:00,匿名留言板,论文写不出来，deadline又快到了。 #记录,negative,论文写不出来 又快到了 deadline
S000459,2025-09-18 14:39:00,匿名留言板,食堂今天的菜色和昨天差不多。 给自己加油！,neutral,食堂今天的菜色和昨天差不多 给自己加油
S000459,2025-09-28 06:48:00,校园论坛,周末打算去超市买点日用品。 分享给大家~,neutral,周末打算去超市买点日用品 分享给大家
S000459,2025-10-01 17:44:00,校园论坛,今天和室友闹矛盾了，心情很差。 #日常,negative,今天和室友闹矛盾了 心情很差
S000459,2025-10-11 22:07:00,树洞,最近食欲不好，什么都不想吃。,negative,最近食欲不好 什么都不想吃
S000460,2025-09-11 19:48:00,校园论坛,今天的课好难，完全听不懂。 #今天,negative,今天的课好难 完全听不懂
S000460,2025-09-16 17:03:00,匿名留言板,周末打算去超市买点日用品。,neutral,周末打算去超市买点日用品
S000460,2025-09-24 06:52:00,校园论坛,今天天气真好，心情也很棒！ 希望明天会更好,positive,今天天气真好 心情也很棒 希望明天会更好
S000460,2025-09-29 01:56:00,校园论坛,考试没考好，心情很低落... 加油！,negative,考试没考好 心情很低落 加油
S000460,2025-11-04 13:49:00,校园论坛,论文写不出来，deadline又快到了。,negative,论文写不出来 又快到了 deadline
S000460,2025-11-20 21:12:00,匿名留言板,对未来很迷茫，不知道该怎么办。 #今天,negative,对未来很迷茫 不知道该怎么办
S000461,2025-10-02 22:24:00,匿名留言板,被同学误会了，解释也没人听... #日常,negative,被同学误会了 解释也没人听
S000461,2025-10-07 03:34:00,匿名留言板,完成了一个月的早起打卡计划，坚持就是胜利！ #今天,positive,完成了一个月的早起打卡计划 坚持就是胜利
S000461,2025-10-21 11:39:00,校园论坛,这周生活费还剩一半，需要省着点花。,neutral,这周生活费还剩一半 需要省着点花
S000461,2025-10-24 03:35:00,树洞,和新同学认识聊得很愉快，交到了新朋友。 分享给大家~,positive,和新同学认识聊得很愉快 交到了新朋友 分享给大家
S000461,2025-11-16 03:46:00,匿名留言板,今天上了三节课，分别是高数、英语和体育。 希望明天会更好,neutral,今天上了三节课 分别是高数 英语和体育 希望明天会更好
S000461,2025-11-17 02:51:00,匿名留言板,天气凉爽，适合跑步，感觉状态很好。 给自己加油！,positive,天气凉爽 适合跑步 感觉状态很好 给自己加油
S000462,2025-09-06 11:40:00,校园论坛,今天的阳光很温暖，适合出去走走。,positive,今天的阳光很温暖 适合出去走走
S000462,2025-09-21 06:38:00,校园论坛,这周生活费还剩一半，需要省着点花。,neutral,这周生活费还剩一半 需要省着点花
S000462,2025-10-06 10:21:00,树洞,最近压力好大，睡不着觉。 #日常,negative,最近压力好大 睡不着觉
S000462,2025-10-14 00:37:00,校园论坛,收到了好朋友的礼物，感动！,positive,收到了好朋友的礼物 感动
S000462,2025-10-21 13:27:00,匿名留言板,食堂今天的菜色和昨天差不多。 分享给大家~,neutral,食堂今天的菜色和昨天差不多 分享给大家
S000462,2025-11-29 23:54:00,匿名留言板,这周生活费还剩一半，需要省着点花。 分享给大家~,neutral,这周生活费还剩一半 需要省着点花 分享给大家
S000463,2025-09-08 16:56:00,树洞,图书馆的氛围很好，学习效率很高。 #今天,positive,图书馆的氛围很好 学习效率很高
S000463,2025-09-12 00:24:00,校园论坛,今天尝试了一道新菜，很成功！,positive,今天尝试了一道新菜 很成功
S000463,2025-09-15 23:08:00,树洞,今天感觉好累，什么都不想做。,negative,今天感觉好累 什么都不想做
S000463,2025-09-28 03:11:00,校园论坛,下个月有英语四级考试，要开始准备了。 #校园生活,neutral,下个月有英语四级考试 要开始准备了
S000463,2025-10-26 16:35:00,校园论坛,解决了困扰我好久的问题，太开心了！,positive,解决了困扰我好久的问题 太开心了
S000463,2025-11-02 13:48:00,校园论坛,对未来很迷茫，不知道该怎么办。 希望明天会更好,negative,对未来很迷茫 不知道该怎么办 希望明天会更好
S000464,2025-09-07 03:42:00,树洞,今天感觉好累，什么都不想做。 希望明天会更好,negative,今天感觉好累 什么都不想做 希望明天会更好
S000464,2025-09-18 13:02:00,匿名留言板,完成了所有作业，可以好好休息一下了。 希望明天会更好,positive,完成了所有作业 可以好好休息一下了 希望明天会更好
S000464,2025-10-01 15:55:00,树洞,电脑风扇声音很大，该清灰了。 加油！,neutral,电脑风扇声音很大 该清灰了 加油
S000464,2025-11-04 11:36:00,校园论坛,最近压力好大，睡不着觉。 #日常,negative,最近压力好大 睡不着觉
S000464,2025-11-07 08:18:00,校园论坛,食堂今天的菜色和昨天差不多。,neutral,食堂今天的菜色和昨天差不多
S000464,2025-11-10 00:50:00,校园论坛,最近总是莫名的焦虑不安。,negative,最近总是莫名的焦虑不安
S000465,2025-09-24 00:45:00,树洞,下个月有英语四级考试，要开始准备了。 希望明天会更好,neutral,下个月有英语四级考试 要开始准备了 希望明天会更好
S000465,2025-10-08 04:34:00,匿名留言板,图书馆二楼的自习室比较安静。 #今天,neutral,图书馆二楼的自习室比较安静
S000465,2025-10-19 21:18:00,匿名留言板,明天早八有课，要定闹钟了。 希望明天会更好,neutral,明天早八有课 要定闹钟了 希望明天会更好
S000465,2025-10-22 19:45:00,匿名留言板,每天都很忙碌但又觉得没有意义... 希望明天会更好,negative,每天都很忙碌但又觉得没有意义 希望明天会更好
S000465,2025-11-12 07:09:00,校园论坛,感觉好孤独，没有人理解我... #日常,negative,感觉好孤独 没有人理解我
S000465,2025-11-26 21:48:00,树洞,今天食堂推出了新菜品，排队的人很多。,neutral,今天食堂推出了新菜品 排队的人很多
S000466,2025-09-03 17:30:00,匿名留言板,运动完之后整个人都轻松了，强烈推荐大家多锻炼！ #记录,positive,运动完之后整个人都轻松了 强烈推荐大家多锻炼
S000466,2025-09-04 20:28:00,匿名留言板,周末和室友一起去看了电影，很放松！ #日常,positive,周末和室友一起去看了电影 很放松
S000466,2025-09-14 05:53:00,匿名留言板,今天作业不多，可以早点休息。 #日常,neutral,今天作业不多 可以早点休息
S000466,2025-09-30 16:38:00,匿名留言板,和新同学认识聊得很愉快，交到了新朋友。 #校园生活,positive,和新同学认识聊得很愉快 交到了新朋友
S000466,2025-10-26 12:36:00,匿名留言板,考试没考好，心情很低落... #今天,negative,考试没考好 心情很低落
S000466,2025-11-04 09:36:00,树洞,周末打算去超市买点日用品。,neutral,周末打算去超市买点日用品
S000467,2025-10-15 13:56:00,匿名留言板,这周生活费还剩一半，需要省着点花。 加油！,neutral,这周生活费还剩一半 需要省着点花 加油
S000467,2025-10-16 17:43:00,匿名留言板,今天的午餐特别好吃，食堂阿姨太棒了！,positive,今天的午餐特别好吃 食堂阿姨太棒了
S000467,2025-10-19 18:24:00,校园论坛,最近压力好大，睡不着觉。,negative,最近压力好大 睡不着觉
S000467,2025-10-26 10:01:00,匿名留言板,对未来很迷茫，不知道该怎么办。 #今天,negative,对未来很迷茫 不知道该怎么办
S000467,2025-11-01 13:06:00,树洞,这周生活费还剩一半，需要省着点花。,neutral,这周生活费还剩一半 需要省着点花
S000467,2025-11-06 04:42:00,树洞,今天上了三节课，分别是高数、英语和体育。 #日常,neutral,今天上了三节课 分别是高数 英语和体育
S000468,2025-09-11 21:12:00,校园论坛,快递到了，要去菜鸟驿站取。,neutral,快递到了 要去菜鸟驿站取
S000468,2025-09-29 00:00:00,匿名留言板,耳机丢了，最近只能外放了。 #今天,neutral,耳机丢了 最近只能外放了
S000468,2025-10-05 12:34:00,树洞,解决了困扰我好久的问题，太开心了！ #日常,positive,解决了困扰我好久的问题 太开心了
S000468,2025-10-05 20:57:00,校园论坛,今天天气真好，心情也很棒！,positive,今天天气真好 心情也很棒
S000468,2025-10-11 18:21:00,树洞,明天有小组会议，要准备一下PPT。 #日常,neutral,明天有小组会议 要准备一下 ppt
S000468,2025-10-20 02:03:00,校园论坛,图书馆的氛围很好，学习效率很高。 分享给大家~,positive,图书馆的氛围很好 学习效率很高 分享给大家
S000469,2025-09-03 15:28:00,校园论坛,想家了，好想回家... #今天,negative,想家了 好想回家
S000469,2025-09-09 12:33:00,校园论坛,今天的午餐特别好吃，食堂阿姨太棒了！,positive,今天的午餐特别好吃 食堂阿姨太棒了
S000469,2025-09-23 20:33:00,匿名留言板,解决了困扰我好久的问题，太开心了！ #记录,positive,解决了困扰我好久的问题 太开心了
S000469,2025-10-28 04:46:00,校园论坛,每天都很忙碌但又觉得没有意义... 给自己加油！,negative,每天都很忙碌但又觉得没有意义 给自己加油
S000469,2025-11-17 02:54:00,校园论坛,食堂今天的菜色和昨天差不多。 #记录,neutral,食堂今天的菜色和昨天差不多
S000469,2025-11-20 04:03:00,校园论坛,今天作业不多，可以早点休息。 给自己加油！,neutral,今天作业不多 可以早点休息 给自己加油
S000470,2025-09-18 11:01:00,树洞,最近压力好大，睡不着觉。 加油！,negative,最近压力好大 睡不着觉 加油
S000470,2025-09-22 06:22:00,校园论坛,下节课换到了更大的教室。,neutral,下节课换到了更大的教室
S000470,2025-09-30 02:59:00,匿名留言板,今天的阳光很温暖，适合出去走走。 #校园生活,positive,今天的阳光很温暖 适合出去走走
S000470,2025-11-17 02:49:00,树洞,今天上了三节课，分别是高数、英语和体育。 #今天,neutral,今天上了三节课 分别是高数 英语和体育
S000470,2025-11-20 15:59:00,匿名留言板,考试没考好，心情很低落...,negative,考试没考好 心情很低落
S000470,2025-11-26 17:16:00,校园论坛,周末和室友一起去看了电影，很放松！,positive,周末和室友一起去看了电影 很放松
S000471,2025-09-11 14:00:00,校园论坛,今天上课老师讲的内容很有趣，学到了很多新知识。 给自己加油！,positive,今天上课老师讲的内容很有趣 学到了很多新知识 给自己加油
S000471,2025-10-15 12:07:00,树洞,今天尝试了一道新菜，很成功！,positive,今天尝试了一道新菜 很成功
S000471,2025-11-05 21:20:00,匿名留言板,小组项目进展顺利，大家配合得很好。 分享给大家~,positive,小组项目进展顺利 大家配合得很好 分享给大家
S000471,2025-11-09 09:19:00,树洞,考试终于结束了，感觉发挥得不错！ 加油！,positive,考试终于结束了 感觉发挥得不错 加油
S000471,2025-11-14 10:03:00,匿名留言板,图书馆的氛围很好，学习效率很高。 #日常,positive,图书馆的氛围很好 学习效率很高
S000471,2025-11-17 05:00:00,校园论坛,最近食欲不好，什么都不想吃。 #今天,negative,最近食欲不好 什么都不想吃
S000472,2025-09-10 00:53:00,树洞,和朋友们一起吃饭好开心呀！ #记录,positive,和朋友们一起吃饭好开心呀
S000472,2025-09-13 13:17:00,校园论坛,考试终于结束了，感觉发挥得不错！,positive,考试终于结束了 感觉发挥得不错
S000472,2025-09-19 14:47:00,树洞,耳机丢了，最近只能外放了。,neutral,耳机丢了 最近只能外放了
S000472,2025-10-24 05:36:00,匿名留言板,被同学误会了，解释也没人听... 加油！,negative,被同学误会了 解释也没人听 加油
S000472,2025-11-15 17:52:00,匿名留言板,周末和室友一起去看了电影，很放松！ #日常,positive,周末和室友一起去看了电影 很放松
S000472,2025-11-27 08:53:00,校园论坛,小组项目进展顺利，大家配合得很好。 分享给大家~,positive,小组项目进展顺利 大家配合得很好 分享给大家
S000473,2025-09-15 16:11:00,校园论坛,今天的课好难，完全听不懂。 #今天,negative,今天的课好难 完全听不懂
S000473,2025-09-16 14:30:00,校园论坛,下节课换到了更大的教室。 #记录,neutral,下节课换到了更大的教室
S000473,2025-09-30 18:48:00,匿名留言板,今天感觉好累，什么都不想做。 #记录,negative,今天感觉好累 什么都不想做
S000473,2025-10-22 16:49:00,匿名留言板,今天上了三节课，分别是高数、英语和体育。 #校园生活,neutral,今天上了三节课 分别是高数 英语和体育
S000473,2025-10-27 07:48:00,校园论坛,最近食欲不好，什么都不想吃。 分享给大家~,negative,最近食欲不好 什么都不想吃 分享给大家
S000473,2025-11-15 17:46:00,树洞,下节课换到了更大的教室。 给自己加油！,neutral,下节课换到了更大的教室 给自己加油
S000474,2025-09-23 02:36:00,树洞,解决了困扰我好久的问题，太开心了！ #今天,positive,解决了困扰我好久的问题 太开心了
S000474,2025-10-15 10:43:00,树洞,图书馆的氛围很好，学习效率很高。 给自己加油！,positive,图书馆的氛围很好 学习效率很高 给自己加油
S000474,2025-10-17 00:49:00,匿名留言板,最近总是莫名的焦虑不安。,negative,最近总是莫名的焦虑不安
S000474,2025-10-19 17:09:00,校园论坛,今天上课老师讲的内容很有趣，学到了很多新知识。,positive,今天上课老师讲的内容很有趣 学到了很多新知识
S000474,2025-10-22 18:09:00,匿名留言板,耳机丢了，最近只能外放了。 给自己加油！,neutral,耳机丢了 最近只能外放了 给自己加油
S000474,2025-11-16 01:35:00,校园论坛,期末复习太累了，脑子转不动。,negative,期末复习太累了 脑子转不动
S000475,2025-09-05 10:51:00,匿名留言板,和新同学认识聊得很愉快，交到了新朋友。 加油！,positive,和新同学认识聊得很愉快 交到了新朋友 加油
S000475,2025-11-04 09:41:00,树洞,和新同学认识聊得很愉快，交到了新朋友。 #校园生活,positive,和新同学认识聊得很愉快 交到了新朋友
S000475,2025-11-17 17:18:00,校园论坛,今天上了三节课，分别是高数、英语和体育。,neutral,今天上了三节课 分别是高数 英语和体育
S000475,2025-11-18 16:35:00,校园论坛,图书馆九点闭馆，需要早点去。 #日常,neutral,图书馆九点闭馆 需要早点去
S000475,2025-11-20 17:32:00,匿名留言板,考试没考好，心情很低落... 加油！,negative,考试没考好 心情很低落 加油
S000475,2025-11-24 17:27:00,匿名留言板,明天早八有课，要定闹钟了。 加油！,neutral,明天早八有课 要定闹钟了 加油
S000476,2025-09-12 11:59:00,校园论坛,今天被老师表扬了，有点小骄傲！ #今天,positive,今天被老师表扬了 有点小骄傲
S000476,2025-09-17 10:33:00,校园论坛,被同学误会了，解释也没人听... 加油！,negative,被同学误会了 解释也没人听 加油
S000476,2025-10-28 08:24:00,匿名留言板,明天早八有课，要定闹钟了。,neutral,明天早八有课 要定闹钟了
S000476,2025-11-01 06:34:00,树洞,天气预报说明天会下雨，记得带伞。,neutral,天气预报说明天会下雨 记得带伞
S000476,2025-11-19 18:58:00,树洞,被同学误会了，解释也没人听... 加油！,negative,被同学误会了 解释也没人听 加油
S000476,2025-11-24 14:31:00,匿名留言板,下周有社团活动，需要招募志愿者。 #今天,neutral,下周有社团活动 需要招募志愿者
S000477,2025-09-04 21:57:00,匿名留言板,下节课换到了更大的教室。 #今天,neutral,下节课换到了更大的教室
S000477,2025-09-24 16:25:00,校园论坛,人际交往好复杂，感觉好累。,negative,人际交往好复杂 感觉好累
S000477,2025-10-06 17:11:00,校园论坛,快递到了，要去菜鸟驿站取。 #校园生活,neutral,快递到了 要去菜鸟驿站取
S000477,2025-10-13 21:29:00,校园论坛,今天感觉好累，什么都不想做。 给自己加油！,negative,今天感觉好累 什么都不想做 给自己加油
S000477,2025-11-22 17:20:00,匿名留言板,今天上了三节课，分别是高数、英语和体育。 #今天,neutral,今天上了三节课 分别是高数 英语和体育
S000477,2025-11-27 20:50:00,校园论坛,考试终于结束了，感觉发挥得不错！ 加油！,positive,考试终于结束了 感觉发挥得不错 加油
S000478,2025-09-29 22:14:00,校园论坛,连续几天失眠，白天没精神。 给自己加油！,negative,连续几天失眠 白天没精神 给自己加油
S000478,2025-10-12 05:34:00,树洞,下周有社团活动，需要招募志愿者。,neutral,下周有社团活动 需要招募志愿者
S000478,2025-10-14 12:10:00,树洞,天气预报说明天会下雨，记得带伞。 #今天,neutral,天气预报说明天会下雨 记得带伞
S000478,2025-11-13 03:21:00,匿名留言板,期末复习太累了，脑子转不动。,negative,期末复习太累了 脑子转不动
S000478,2025-11-13 08:50:00,匿名留言板,最近食欲不好，什么都不想吃。,negative,最近食欲不好 什么都不想吃
S000478,2025-11-18 09:11:00,匿名留言板,这周生活费还剩一半，需要省着点花。 给自己加油！,neutral,这周生活费还剩一半 需要省着点花 给自己加油
S000479,2025-09-15 15:38:00,匿名留言板,考试没考好，心情很低落...,negative,考试没考好 心情很低落
S000479,2025-09-25 09:40:00,校园论坛,耳机丢了，最近只能外放了。 希望明天会更好,neutral,耳机丢了 最近只能外放了 希望明天会更好
S000479,2025-09-29 16:06:00,校园论坛,人际交往好复杂，感觉好累。 #校园生活,negative,人际交往好复杂 感觉好累
S000479,2025-11-18 10:48:00,校园论坛,想家了，好想回家... #日常,negative,想家了 好想回家
S000479,2025-11-22 15:33:00,校园论坛,图书馆的氛围很好，学习效率很高。 分享给大家~,positive,图书馆的氛围很好 学习效率很高 分享给大家
S000479,2025-11-30 10:37:00,树洞,考试终于结束了，感觉发挥得不错！,positive,考试终于结束了 感觉发挥得不错
S000480,2025-09-12 01:49:00,匿名留言板,最近总是莫名的焦虑不安。 #今天,negative,最近总是莫名的焦虑不安
S000480,2025-09-20 22:55:00,树洞,明天有小组会议，要准备一下PPT。 #日常,neutral,明天有小组会议 要准备一下 ppt
S000480,2025-09-27 12:19:00,校园论坛,和同学讨论问题很有收获，团队合作很重要。 #记录,positive,和同学讨论问题很有收获 团队合作很重要
S000480,2025-09-28 13:30:00,校园论坛,耳机丢了，最近只能外放了。,neutral,耳机丢了 最近只能外放了
S000480,2025-10-12 06:06:00,匿名留言板,今天上课老师讲的内容很有趣，学到了很多新知识。 #校园生活,positive,今天上课老师讲的内容很有趣 学到了很多新知识
S000480,2025-10-25 14:54:00,校园论坛,今天感觉好累，什么都不想做。 希望明天会更好,negative,今天感觉好累 什么都不想做 希望明天会更好
S000481,2025-09-16 22:37:00,匿名留言板,感觉和周围的人格格不入。,negative,感觉和周围的人格格不入
S000481,2025-09-17 15:00:00,树洞,收到了心仪公司的offer，太激动了！,positive,收到了心仪公司的 太激动了 offer
S000481,2025-10-09 05:08:00,校园论坛,今天的课好难，完全听不懂。 分享给大家~,negative,今天的课好难 完全听不懂 分享给大家
S000481,2025-10-12 18:32:00,校园论坛,最近总是莫名的焦虑不安。 分享给大家~,negative,最近总是莫名的焦虑不安 分享给大家
S000481,2025-10-13 17:51:00,校园论坛,手机内存不够了，需要清理一下。 #今天,neutral,手机内存不够了 需要清理一下
S000481,2025-11-07 17:54:00,树洞,下节课换到了更大的教室。,neutral,下节课换到了更大的教室
S000482,2025-09-01 01:02:00,匿名留言板,和同学讨论问题很有收获，团队合作很重要。 #校园生活,positive,和同学讨论问题很有收获 团队合作很重要
S000482,2025-09-15 10:55:00,校园论坛,感觉自己什么都做不好，好失败...,negative,感觉自己什么都做不好 好失败
S000482,2025-10-11 22:53:00,校园论坛,天气预报说明天会下雨，记得带伞。 分享给大家~,neutral,天气预报说明天会下雨 记得带伞 分享给大家
S000482,2025-11-15 20:56:00,匿名留言板,完成了一个月的早起打卡计划，坚持就是胜利！,positive,完成了一个月的早起打卡计划 坚持就是胜利
S000482,2025-11-18 03:05:00,校园论坛,手机内存不够了，需要清理一下。 #校园生活,neutral,手机内存不够了 需要清理一下
S000482,2025-11-25 08:34:00,树洞,图书馆二楼的自习室比较安静。 #今天,neutral,图书馆二楼的自习室比较安静
S000483,2025-10-20 18:39:00,校园论坛,下周有社团活动，需要招募志愿者。,neutral,下周有社团活动 需要招募志愿者
S000483,2025-11-01 01:33:00,匿名留言板,收到了好朋友的礼物，感动！ 分享给大家~,positive,收到了好朋友的礼物 感动 分享给大家
S000483,2025-11-22 13:09:00,树洞,这周生活费还剩一半，需要省着点花。 #校园生活,neutral,这周生活费还剩一半 需要省着点花
S000483,2025-11-27 03:18:00,匿名留言板,论文写不出来，deadline又快到了。 分享给大家~,negative,论文写不出来 又快到了 分享给大家 deadline
S000483,2025-11-28 07:27:00,树洞,最近总是莫名的焦虑不安。 加油！,negative,最近总是莫名的焦虑不安 加油
S000483,2025-11-30 05:58:00,匿名留言板,感觉自己什么都做不好，好失败...,negative,感觉自己什么都做不好 好失败
S000484,2025-09-09 04:12:00,校园论坛,今天上了三节课，分别是高数、英语和体育。 给自己加油！,neutral,今天上了三节课 分别是高数 英语和体育 给自己加油
S000484,2025-09-12 01:24:00,校园论坛,图书馆九点闭馆，需要早点去。 分享给大家~,neutral,图书馆九点闭馆 需要早点去 分享给大家
S000484,2025-09-23 22:34:00,校园论坛,明天有小组会议，要准备一下PPT。 加油！,neutral,明天有小组会议 要准备一下 加油 ppt
S000484,2025-10-04 15:10:00,校园论坛,今天被老师表扬了，有点小骄傲！ #记录,positive,今天被老师表扬了 有点小骄傲
S000484,2025-10-29 05:50:00,校园论坛,完成了所有作业，可以好好休息一下了。 #记录,positive,完成了所有作业 可以好好休息一下了
S000484,2025-11-08 05:49:00,校园论坛,论文写不出来，deadline又快到了。 加油！,negative,论文写不出来 又快到了 加油 deadline
S000485,2025-09-20 18:02:00,匿名留言板,连续几天失眠，白天没精神。,negative,连续几天失眠 白天没精神
S000485,2025-09-23 02:29:00,匿名留言板,周末打算去超市买点日用品。 #记录,neutral,周末打算去超市买点日用品
S000485,2025-09-28 18:41:00,校园论坛,今天和室友闹矛盾了，心情很差。,negative,今天和室友闹矛盾了 心情很差
S000485,2025-10-04 23:23:00,校园论坛,期末复习太累了，脑子转不动。 #记录,negative,期末复习太累了 脑子转不动
S000485,2025-10-21 01:35:00,匿名留言板,今天食堂推出了新菜品，排队的人很多。,neutral,今天食堂推出了新菜品 排队的人很多
S000485,2025-11-25 23:29:00,匿名留言板,感觉和周围的人格格不入。,negative,感觉和周围的人格格不入
S000486,2025-09-10 20:19:00,校园论坛,今天被老师表扬了，有点小骄傲！,positive,今天被老师表扬了 有点小骄傲
S000486,2025-09-22 03:46:00,树洞,今天的课好难，完全听不懂。 给自己加油！,negative,今天的课好难 完全听不懂 给自己加油
S000486,2025-09-22 10:41:00,树洞,最近食欲不好，什么都不想吃。 希望明天会更好,negative,最近食欲不好 什么都不想吃 希望明天会更好
S000486,2025-09-23 04:36:00,匿名留言板,明天早八有课，要定闹钟了。,neutral,明天早八有课 要定闹钟了
S000486,2025-11-02 23:41:00,校园论坛,被同学误会了，解释也没人听...,negative,被同学误会了 解释也没人听
S000486,2025-11-09 06:20:00,校园论坛,想家了，好想回家... #日常,negative,想家了 好想回家
S000487,2025-09-15 05:57:00,校园论坛,今天摔了一跤，膝盖好疼... #记录,negative,今天摔了一跤 膝盖好疼
S000487,2025-10-03 18:51:00,匿名留言板,下周有社团活动，需要招募志愿者。 希望明天会更好,neutral,下周有社团活动 需要招募志愿者 希望明天会更好
S000487,2025-10-21 09:15:00,校园论坛,图书馆二楼的自习室比较安静。 #校园生活,neutral,图书馆二楼的自习室比较安静
S000487,2025-11-02 22:57:00,树洞,这周生活费还剩一半，需要省着点花。 希望明天会更好,neutral,这周生活费还剩一半 需要省着点花 希望明天会更好
S000487,2025-11-13 05:28:00,校园论坛,考试终于结束了，感觉发挥得不错！ #校园生活,positive,考试终于结束了 感觉发挥得不错
S000487,2025-11-16 14:48:00,校园论坛,被同学误会了，解释也没人听... 加油！,negative,被同学误会了 解释也没人听 加油
S000488,2025-09-05 01:16:00,树洞,下周有社团活动，需要招募志愿者。 希望明天会更好,neutral,下周有社团活动 需要招募志愿者 希望明天会更好
S000488,2025-09-24 07:40:00,校园论坛,考试没考好，心情很低落...,negative,考试没考好 心情很低落
S000488,2025-09-27 22:47:00,匿名留言板,室友今天生日，准备买个蛋糕。 给自己加油！,neutral,室友今天生日 准备买个蛋糕 给自己加油
S000488,2025-10-21 23:50:00,校园论坛,食堂今天的菜色和昨天差不多。 分享给大家~,neutral,食堂今天的菜色和昨天差不多 分享给大家
S000488,2025-11-06 07:08:00,匿名留言板,运动完之后整个人都轻松了，强烈推荐大家多锻炼！,positive,运动完之后整个人都轻松了 强烈推荐大家多锻炼
S000488,2025-11-27 14:33:00,校园论坛,今天摔了一跤，膝盖好疼... #记录,negative,今天摔了一跤 膝盖好疼
S000489,2025-09-26 00:36:00,校园论坛,被同学误会了，解释也没人听...,negative,被同学误会了 解释也没人听
S000489,2025-10-06 09:15:00,树洞,图书馆九点闭馆，需要早点去。 希望明天会更好,neutral,图书馆九点闭馆 需要早点去 希望明天会更好
S000489,2025-10-06 20:55:00,匿名留言板,周末打算去超市买点日用品。,neutral,周末打算去超市买点日用品
S000489,2025-11-13 02:01:00,匿名留言板,图书馆二楼的自习室比较安静。,neutral,图书馆二楼的自习室比较安静
S000489,2025-11-13 10:07:00,树洞,生活费快花完了，又不好意思向家里要...,negative,生活费快花完了 又不好意思向家里要
S000489,2025-11-15 23:22:00,校园论坛,图书馆九点闭馆，需要早点去。 #日常,neutral,图书馆九点闭馆 需要早点去
S000490,2025-09-24 01:07:00,校园论坛,食堂今天的菜色和昨天差不多。 #记录,neutral,食堂今天的菜色和昨天差不多
S000490,2025-10-14 21:47:00,校园论坛,今天食堂推出了新菜品，排队的人很多。,neutral,今天食堂推出了新菜品 排队的人很多
S000490,2025-11-15 15:05:00,校园论坛,明天有小组会议，要准备一下PPT。,neutral,明天有小组会议 要准备一下 ppt
S000490,2025-11-21 04:46:00,校园论坛,周末和室友一起去看了电影，很放松！,positive,周末和室友一起去看了电影 很放松
S000490,2025-11-26 02:07:00,校园论坛,图书馆的氛围很好，学习效率很高。,positive,图书馆的氛围很好 学习效率很高
S000490,2025-11-27 22:29:00,校园论坛,对未来很迷茫，不知道该怎么办。,negative,对未来很迷茫 不知道该怎么办
S000491,2025-09-12 09:01:00,匿名留言板,下节课换到了更大的教室。 给自己加油！,neutral,下节课换到了更大的教室 给自己加油
S000491,2025-10-14 00:36:00,匿名留言板,这周生活费还剩一半，需要省着点花。,neutral,这周生活费还剩一半 需要省着点花
S000491,2025-10-19 04:01:00,匿名留言板,图书馆二楼的自习室比较安静。,neutral,图书馆二楼的自习室比较安静
S000491,2025-10-19 10:13:00,匿名留言板,今天和室友闹矛盾了，心情很差。 #记录,negative,今天和室友闹矛盾了 心情很差
S000491,2025-11-19 23:46:00,校园论坛,和同学讨论问题很有收获，团队合作很重要。 希望明天会更好,positive,和同学讨论问题很有收获 团队合作很重要 希望明天会更好
S000491,2025-11-25 09:49:00,校园论坛,对未来很迷茫，不知道该怎么办。 #日常,negative,对未来很迷茫 不知道该怎么办
S000492,2025-09-01 06:45:00,校园论坛,明天早八有课，要定闹钟了。 #校园生活,neutral,明天早八有课 要定闹钟了
S000492,2025-09-16 04:17:00,校园论坛,完成了所有作业，可以好好休息一下了。 分享给大家~,positive,完成了所有作业 可以好好休息一下了 分享给大家
S000492,2025-10-04 02:56:00,校园论坛,这周生活费还剩一半，需要省着点花。,neutral,这周生活费还剩一半 需要省着点花
S000492,2025-10-17 11:46:00,匿名留言板,最近压力好大，睡不着觉。 加油！,negative,最近压力好大 睡不着觉 加油
S000492,2025-10-17 12:19:00,树洞,这周生活费还剩一半，需要省着点花。,neutral,这周生活费还剩一半 需要省着点花
S000492,2025-11-28 18:31:00,树洞,明天有小组会议，要准备一下PPT。,neutral,明天有小组会议 要准备一下 ppt
S000493,2025-09-11 13:27:00,校园论坛,今天上了三节课，分别是高数、英语和体育。 #今天,neutral,今天上了三节课 分别是高数 英语和体育
S000493,2025-09-17 09:33:00,校园论坛,明天有小组会议，要准备一下PPT。 #校园生活,neutral,明天有小组会议 要准备一下 ppt
S000493,2025-09-21 21:40:00,匿名留言板,今天作业不多，可以早点休息。 加油！,neutral,今天作业不多 可以早点休息 加油
S000493,2025-10-07 01:15:00,校园论坛,今天天气真好，心情也很棒！ 希望明天会更好,positive,今天天气真好 心情也很棒 希望明天会更好
S000493,2025-11-01 01:27:00,校园论坛,和新同学认识聊得很愉快，交到了新朋友。,positive,和新同学认识聊得很愉快 交到了新朋友
S000493,2025-11-11 15:17:00,校园论坛,和新同学认识聊得很愉快，交到了新朋友。 希望明天会更好,positive,和新同学认识聊得很愉快 交到了新朋友 希望明天会更好
S000494,2025-09-04 23:50:00,校园论坛,最近食欲不好，什么都不想吃。,negative,最近食欲不好 什么都不想吃
S000494,2025-09-06 17:03:00,校园论坛,耳机丢了，最近只能外放了。,neutral,耳机丢了 最近只能外放了
S000494,2025-09-14 04:53:00,校园论坛,今天食堂推出了新菜品，排队的人很多。 #今天,neutral,今天食堂推出了新菜品 排队的人很多
S000494,2025-10-10 19:04:00,匿名留言板,今天摔了一跤，膝盖好疼... 给自己加油！,negative,今天摔了一跤 膝盖好疼 给自己加油
S000494,2025-10-15 11:18:00,校园论坛,今天和室友闹矛盾了，心情很差。,negative,今天和室友闹矛盾了 心情很差
S000494,2025-10-22 15:36:00,校园论坛,今天食堂推出了新菜品，排队的人很多。 #校园生活,neutral,今天食堂推出了新菜品 排队的人很多
S000495,2025-09-11 06:32:00,校园论坛,今天尝试了一道新菜，很成功！,positive,今天尝试了一道新菜 很成功
S000495,2025-10-06 02:31:00,匿名留言板,天气凉爽，适合跑步，感觉状态很好。,positive,天气凉爽 适合跑步 感觉状态很好
S000495,2025-10-30 22:14:00,校园论坛,考试没考好，心情很低落... #日常,negative,考试没考好 心情很低落
S000495,2025-11-06 03:51:00,校园论坛,室友今天生日，准备买个蛋糕。 #记录,neutral,室友今天生日 准备买个蛋糕
S000495,2025-11-07 08:31:00,校园论坛,人际交往好复杂，感觉好累。,negative,人际交往好复杂 感觉好累
S000495,2025-11-15 00:55:00,校园论坛,快递到了，要去菜鸟驿站取。 加油！,neutral,快递到了 要去菜鸟驿站取 加油
S000496,2025-09-04 06:07:00,树洞,今天的课好难，完全听不懂。,negative,今天的课好难 完全听不懂
S000496,2025-09-26 00:01:00,匿名留言板,今天和室友闹矛盾了，心情很差。 #校园生活,negative,今天和室友闹矛盾了 心情很差
S000496,2025-09-26 19:25:00,树洞,今天尝试了一道新菜，很成功！ #日常,positive,今天尝试了一道新菜 很成功
S000496,2025-10-01 04:44:00,校园论坛,今天上了三节课，分别是高数、英语和体育。,neutral,今天上了三节课 分别是高数 英语和体育
S000496,2025-10-21 13:52:00,校园论坛,完成了所有作业，可以好好休息一下了。 希望明天会更好,positive,完成了所有作业 可以好好休息一下了 希望明天会更好
S000496,2025-11-07 21:22:00,校园论坛,每天都很忙碌但又觉得没有意义... 希望明天会更好,negative,每天都很忙碌但又觉得没有意义 希望明天会更好
S000497,2025-09-04 02:50:00,校园论坛,今天尝试了一道新菜，很成功！ 希望明天会更好,positive,今天尝试了一道新菜 很成功 希望明天会更好
S000497,2025-10-02 21:45:00,校园论坛,今天上课老师讲的内容很有趣，学到了很多新知识。,positive,今天上课老师讲的内容很有趣 学到了很多新知识
S000497,2025-10-05 12:26:00,匿名留言板,想家了，好想回家... #校园生活,negative,想家了 好想回家
S000497,2025-10-30 03:58:00,匿名留言板,今天天气真好，心情也很棒！ 加油！,positive,今天天气真好 心情也很棒 加油
S000497,2025-11-12 22:54:00,校园论坛,下个月有英语四级考试，要开始准备了。 希望明天会更好,neutral,下个月有英语四级考试 要开始准备了 希望明天会更好
S000497,2025-11-14 07:34:00,树洞,电脑风扇声音很大，该清灰了。,neutral,电脑风扇声音很大 该清灰了
S000498,2025-09-09 06:29:00,校园论坛,感觉好孤独，没有人理解我... #今天,negative,感觉好孤独 没有人理解我
S000498,2025-09-23 10:27:00,匿名留言板,天气凉爽，适合跑步，感觉状态很好。 给自己加油！,positive,天气凉爽 适合跑步 感觉状态很好 给自己加油
S000498,2025-11-02 09:03:00,校园论坛,今天摔了一跤，膝盖好疼... #日常,negative,今天摔了一跤 膝盖好疼
S000498,2025-11-03 12:50:00,校园论坛,下周有社团活动，需要招募志愿者。 给自己加油！,neutral,下周有社团活动 需要招募志愿者 给自己加油
S000498,2025-11-11 23:18:00,校园论坛,图书馆的氛围很好，学习效率很高。,positive,图书馆的氛围很好 学习效率很高
S000498,2025-11-17 16:02:00,树洞,学校最近在举办运动会报名。 给自己加油！,neutral,学校最近在举办运动会报名 给自己加油
S000499,2025-09-09 22:52:00,树洞,天气预报说明天会下雨，记得带伞。 #今天,neutral,天气预报说明天会下雨 记得带伞
S000499,2025-10-08 18:36:00,树洞,明天早八有课，要定闹钟了。 #记录,neutral,明天早八有课 要定闹钟了
S000499,2025-11-09 02:15:00,匿名留言板,连续几天失眠，白天没精神。 希望明天会更好,negative,连续几天失眠 白天没精神 希望明天会更好
S000499,2025-11-09 05:06:00,匿名留言板,考试终于结束了，感觉发挥得不错！,positive,考试终于结束了 感觉发挥得不错
S000499,2025-11-24 00:40:00,树洞,下个月有英语四级考试，要开始准备了。,neutral,下个月有英语四级考试 要开始准备了
S000499,2025-11-24 04:01:00,校园论坛,考试终于结束了，感觉发挥得不错！ 分享给大家~,positive,考试终于结束了 感觉发挥得不错 分享给大家
S000500,2025-09-03 23:53:00,树洞,今天摔了一跤，膝盖好疼... #日常,negative,今天摔了一跤 膝盖好疼
S000500,2025-10-04 09:34:00,树洞,运动完之后整个人都轻松了，强烈推荐大家多锻炼！ #记录,positive,运动完之后整个人都轻松了 强烈推荐大家多锻炼
S000500,2025-10-16 16:32:00,树洞,今天作业不多，可以早点休息。 希望明天会更好,neutral,今天作业不多 可以早点休息 希望明天会更好
S000500,2025-11-04 11:28:00,校园论坛,电脑风扇声音很大，该清灰了。,neutral,电脑风扇声音很大 该清灰了
S000500,2025-11-04 18:28:00,树洞,明天有小组会议，要准备一下PPT。,neutral,明天有小组会议 要准备一下 ppt
S000500,2025-11-05 00:52:00,树洞,图书馆九点闭馆，需要早点去。 分享给大家~,neutral,图书馆九点闭馆 需要早点去 分享给大家
